iata,icao,name,city,country,lat,lon
AAA,NTGA,Anaa Airport,,PF,-17.3526,-145.50999
AAB,YARY,Arrabury Airport,,AU,-26.7,141.05
AAC,HEAR,El Arish International Airport,El Arish,EG,31.0733,33.8358
AAD,HCAD,Adado Airport,Adado,SO,6.095833,46.6375
AAE,DABB,Annaba Airport,Annabah,DZ,36.8222,7.80917
AAF,KAAF,Apalachicola Regional-Cleve Randolph Field,Apalachicola,US,29.727549,-85.027378
AAG,SSYA,Arapoti Airport,Arapoti,BR,-24.1039,-49.7891
AAH,EDKA,Aachen-Merzbruck Airport,Aachen,DE,50.82306,6.18639
AAI,SWRA,Arraias Airport,Arraias,BR,-13.02389,-46.88556
AAJ,SMCA,Cayana Airstrip,Awaradam,SR,3.89868,-55.57791
AAK,NGUK,Buariki Airport,Buariki,KI,0.18528,173.63699
AAL,EKYT,Aalborg Airport,Aalborg,DK,57.09276,9.84924
AAM,FAMD,Malamala Airport,Malamala,ZA,-24.8181,31.5446
AAN,OMAL,Al Ain International Airport,Al Ain,AE,24.2617,55.6092
AAO,SVAN,Anaco Airport,Anaco,VE,9.43023,-64.47073
AAP,WALS,Aji Pangeran Tumenggung Pranoto International Airport,"Samarinda, Borneo Island",ID,-0.3755,117.25133
AAQ,URKA,Anapa Airport,Anapa,RU,45.0021,37.3473
AAR,EKAH,Aarhus Airport,Aarhus,DK,56.3,10.619
AAT,ZWAT,Altay Air Base,Altay,CN,47.74989,88.08581
AAU,NSAU,Asau Airport,Asau,WS,-13.5058,-172.62801
AAV,RPMA,Allah Valley Airport,Surallah,PH,6.36682,124.751
AAW,OPAB,Abbottabad Airport,Abbottabad,PK,34.2,73.25
AAX,SBAX,Araxa Airport,Araxa,BR,-19.5632,-46.9604
AAY,OYGD,Al Ghaidah International Airport,,YE,16.1917,52.175
AAZ,MGQZ,Quezaltenango Airport,Quezaltenango,GT,14.8656,-91.502
ABA,UNAA,Abakan Airport,Abakan,RU,53.74,91.385
ABB,DNAS,Asaba International Airport,Asaba,NG,6.20333,6.65889
ABC,LEAB,Albacete-Los Llanos Airport,Albacete,ES,38.9485,-1.86352
ABD,OIAA,Abadan Airport,Abadan,IR,30.3711,48.2283
ABE,KABE,Lehigh Valley International Airport,Allentown,US,40.652363,-75.440406
ABF,NGAB,Abaiang Airport,Abaiang,KI,1.79861,173.041
ABG,YABI,Abingdon Downs Airport,,AU,-17.6167,143.16701
ABH,YAPH,Alpha Airport,,AU,-23.6461,146.584
ABI,KABI,Abilene Regional Airport,Abilene,US,32.411333,-99.681889
ABJ,DIAP,Port Bouet Airport,Abidjan,CI,5.26139,-3.92629
ABK,HAKD,Kabri Dehar Airport,Kabri Dehar,ET,6.734,44.253
ABL,PAFM,Ambler Airport,Ambler,US,67.106201,-157.857156
ABM,YBAM,Bamaga Injinoo Airport,,AU,-10.9508,142.459
ABO,DIAO,Aboisso Airport,Aboisso,CI,5.461944,-3.234722
ABQ,KABQ,Albuquerque International Sunport Airport,Albuquerque,US,35.038932,-106.608262
ABR,KABR,Aberdeen Regional Airport,Aberdeen,US,45.446798,-98.422441
ABS,HEBL,Abu Simbel Airport,Abu Simbel,EG,22.376,31.6117
ABT,OEBA,Al Baha Airport,,SA,20.2961,41.6343
ABU,WRKA,Haliwen Airport,Atambua-Timor Island,ID,-9.07305,124.905
ABV,DNAA,Nnamdi Azikiwe International Airport,Abuja,NG,9.00679,7.26317
ABX,YMAY,Albury Airport,Albury,AU,-36.0678,146.95799
ABY,KABY,Southwest Georgia Regional Airport,Albany,US,31.53553,-84.194483
ABZ,EGPD,Aberdeen Dyce Airport,Aberdeen,GB,57.2019,-2.19778
ACA,MMAA,General Juan N Alvarez International Airport,Acapulco,MX,16.7571,-99.754
ACB,KACB,Antrim County Airport,Bellaire,US,44.988577,-85.198347
ACC,DGAA,Kotoka International Airport,Accra,GH,5.60519,-0.16679
ACD,SKAD,Alcides Fernandez Airport,Acandi,CO,8.51667,-77.3
ACE,GCRR,Lanzarote Airport,Lanzarote Island,ES,28.9455,-13.6052
ACF,ZWAL,Aral Talim Airport,Aral,CN,40.43307,81.25874
ACH,LSZR,St Gallen Altenrhein Airport,Altenrhein,CH,47.485,9.56077
ACI,EGJA,Alderney Airport,Saint Anne,GG,49.7061,-2.21472
ACJ,VCCA,Anuradhapura Airport,Anuradhapura,LK,8.30149,80.4279
ACK,KACK,Nantucket Memorial Airport,Nantucket,US,41.253299,-70.060511
ACN,MMCC,Ciudad Acuna New International Airport,Ciudad Acuna,MX,29.3329,-101.099
ACO,MRAF,Cobano Airport,C?bano,CR,9.693365,-85.091216
ACP,OITM,Sahand Airport,Maragheh,IR,37.348,46.1279
ACR,SKAC,Araracuara Airport,Araracuara,CO,-0.5833,-72.4083
ACS,UNKS,Achinsk Airport,Achinsk,RU,56.2683,90.5708
ACT,KACT,Waco Regional Airport,Waco,US,31.612194,-97.230306
ACV,KACV,California Redwood Coast-Humboldt County Airport,Arcata/Eureka,US,40.977826,-124.108469
ACX,ZUYI,Xingyi Airport,Xingyi,CN,25.08639,104.95944
ACY,KACY,Atlantic City International Airport,Atlantic City,US,39.457576,-74.577155
ACZ,OIZB,Zabol Airport,,IR,31.0983,61.5439
ADA,LTAF,Adana Airport,Adana,TR,36.9822,35.2804
ADB,LTBJ,Adnan Menderes International Airport,Izmir,TR,38.2924,27.157
ADC,AYAN,Andakombe Airport,Andekombe,PG,-7.13722,145.74472
ADD,HAAB,Bole International Airport,Addis Ababa,ET,8.97789,38.7993
ADE,OYAA,Aden International Airport,Aden,YE,12.8295,45.0288
ADF,LTCP,Adiyaman Airport,Adiyaman,TR,37.7314,38.4689
ADG,KADG,Lenawee County Airport,Adrian,US,41.867637,-84.077306
ADH,UEEA,Aldan Airport,Aldan,RU,58.6028,125.409
ADI,FYAR,Arandis Airport,Arandis,NA,-22.4622,14.98
ADJ,OJAM,Amman-Marka International Airport,Amman,JO,31.9727,35.9916
ADK,PADK,Adak Airport,Adak Island,US,51.883583,-176.642482
ADL,YPAD,Adelaide International Airport,Adelaide,AU,-34.945,138.53101
ADM,KADM,Ardmore Municipal Airport,Ardmore,US,34.303873,-97.020597
ADO,YAMK,Andamooka Airport,,AU,-30.4383,137.13699
ADQ,PADQ,Kodiak Airport,Kodiak,US,57.749794,-152.493944
ADR,KPHH,Robert F Swinnie Airport,Andrews,US,33.4517,-79.526177
ADS,KADS,Addison Airport,Dallas,US,32.968554,-96.836453
ADT,KADH,Ada Regional Airport,Ada,US,34.804262,-96.6712
ADU,OITL,Ardabil Airport,Ardabil,IR,38.3257,48.4244
ADW,KADW,Joint Base Andrews Airport,Camp Springs,US,38.810796,-76.867384
ADX,EGQL,RAF Leuchars,St. Andrews,GB,56.3729,-2.86844
ADY,FAAL,Alldays Airport,Alldays,ZA,-22.679,29.0555
ADZ,SKSP,Gustavo Rojas Pinilla International Airport,San Andres,CO,12.5836,-81.7112
AEA,NGTB,Abemama Atoll Airport,Abemama Atoll,KI,0.49083,173.82899
AEB,ZBGS,Tian Yang Air Base,Baise,CN,23.7206,106.96
AEG,WIME,Aek Godang Airport,"Padang Sidempuan, Sumatra Island",ID,1.4001,99.4305
AEH,FTTC,Abeche Airport,,TD,13.847,20.8443
AEL,KAEL,Albert Lea Municipal Airport,Albert Lea,US,43.681314,-93.368148
AEM,UHTG,Amgu Airport,Amgu,RU,45.84126,137.673568
AEO,GQNA,Aioun el Atrouss Airport,Aioun El Atrouss,MR,16.7113,-9.63788
AEP,SABE,Jorge Newbery Airpark,Buenos Aires,AR,-34.5592,-58.4156
AER,URSS,Sochi International Airport,Sochi,RU,43.4499,39.9566
AES,ENAL,Ålesund Airport,Ålesund,NO,62.5625,6.1197
AET,PFAL,Allakaket Airport,Allakaket,US,66.551833,-152.622167
AEU,OIBA,Abumusa Island Airport,,IR,25.8757,55.033
AEX,KAEX,Alexandria International Airport,Alexandria,US,31.327372,-92.548556
AEY,BIAR,Akureyri Airport,Akureyri,IS,65.66,-18.0727
AFA,SAMR,Suboficial Ay Santiago Germano Airport,San Rafael,AR,-34.5883,-68.4039
AFD,FAPA,Port Alfred Airport,Port Alfred,ZA,-33.5542,26.8777
AFF,KAFF,Usaf Academy Davis Airfield,Colorado Springs,US,38.973391,-104.820033
AFI,SKAM,Amalfi Airport,Amalfi,CO,6.91667,-75.0667
AFL,SBAT,Alta Floresta Airport,Alta Floresta,BR,-9.86639,-56.105
AFN,KAFN,Jaffrey Airfield Silver Ranch Airport,Jaffrey,US,42.805134,-72.003022
AFO,KAFO,Afton Lincoln County/General Boyd L Eddins Field,Afton,US,42.708771,-110.942171
AFR,AYAF,Afore Airstrip,Afore,PG,-9.14222,148.39083
AFS,UZSN,Sugraly Airport,Zarafshan,UZ,41.6139,64.2332
AFT,AGAF,Afutara Aerodrome,Bila,SB,-9.19139,160.94861
AFW,KAFW,Perot Field/Fort Worth Alliance Airport,Fort Worth,US,32.990307,-97.319429
AFY,LTAH,Afyon Airport,Afyonkarahisar,TR,38.7264,30.6011
AFZ,OIMS,Sabzevar National Airport,Sabzevar,IR,36.1681,57.5952
AGA,GMAD,Al Massira Airport,Agadir,MA,30.325,-9.41307
AGB,EDMA,Augsburg Airport,Augsburg,DE,48.42528,10.93167
AGC,KAGC,Allegheny County Airport,Pittsburgh,US,40.354438,-79.929047
AGE,EDWG,Wangerooge Airport,Wangerooge,DE,53.78278,7.91389
AGF,LFBA,Agen-La Garenne Airport,Agen/La Garenne,FR,44.1747,0.59056
AGH,ESTA,Angelholm-Helsingborg Airport,Angelholm,SE,56.2961,12.8471
AGI,SMWA,Wageningen Airport Airport,Wageningen Airport,SR,5.76667,-56.63333
AGJ,RORA,Aguni Airport,Aguni,JP,26.5925,127.241
AGL,AYWG,Wanigela Airport,,PG,-9.3375,149.15556
AGN,PAGN,Angoon Seaplane Base,Angoon,US,57.503555,-134.585094
AGO,KAGO,Ralph C Weiser Field,Magnolia,US,33.227472,-93.217
AGP,LEMG,Malaga Airport,Malaga,ES,36.6749,-4.49911
AGQ,LGAG,Agrinion Airport,Agrinion,GR,38.602,21.3512
AGR,VIAG,Agra Airport,,IN,27.1558,77.9609
AGS,KAGS,Augusta Regional At Bush Field,Augusta,US,33.369954,-81.964498
AGT,SGES,Guarani International Airport,Ciudad del Este,PY,-25.46,-54.84
AGU,MMAS,Jesus Teran International Airport,Aguascalientes,MX,21.7056,-102.318
AGV,SVAC,Oswaldo Guevara Mujica Airport,Acarigua,VE,9.55338,-69.23787
AGX,VOAT,Agatti Airport,,IN,10.8237,72.176
AGZ,FAAG,Aggeneys Airport,Aggeneys,ZA,-29.2818,18.8139
AHA,VEAP,Maa Mahamaya Airport,Ambikapur,IN,22.993333,83.192778
AHB,OEAB,Abha Regional Airport,Abha,SA,18.2404,42.6566
AHC,KAHC,Amedee Army Air Field,Herlong,US,40.265918,-120.150613
AHD,K1F0,Ardmore Downtown Executive Airport,Ardmore,US,34.146972,-97.122667
AHE,NTHE,Ahe Airport,Ahe Atoll,PF,-14.4281,-146.257
AHF,K37V,Arapahoe Municipal Airport,Arapahoe,US,40.341583,-99.907806
AHG,FIMA,Agalega Island Airstrip,Vingt Cinq,MU,-10.3731,56.6098
AHH,KAHH,Amery Municipal Airport,Amery,US,45.281148,-92.375391
AHI,WAPA,Amahai Airport,Amahai-Seram Island,ID,-3.348,128.92599
AHJ,ZUHY,Ngawa Hongyuan Airport,Hongyuan,CN,32.529167,102.356944
AHL,SYAH,Aishalton Airport,Aishalton,GY,2.48653,-59.3134
AHM,KS03,Ashland Municipal/Sumner Parker Field,Ashland,US,42.190278,-122.660639
AHN,KAHN,Athens/Ben Epps Airport,Athens,US,33.94864,-83.325914
AHO,LIEA,Alghero / Fertilia Airport,Alghero,IT,40.6321,8.29077
AHS,MHAH,Ahuas Airport,Ahuas,HN,15.4722,-84.3522
AHU,GMTA,Cherif Al Idrissi Airport,Al Hoceima,MA,35.1771,-3.83952
AHZ,LFHU,L'alpe D'huez Airport,Bourg,FR,45.0883,6.08472
AIA,KAIA,Alliance Municipal Airport,Alliance,US,42.053222,-102.80375
AID,KAID,Anderson Regional Airport,Anderson,US,40.108611,-85.613
AIE,AYAO,Aiome Airport,Aiome,PG,-5.1457,144.7307
AIF,SBAS,Marcelo Pires Halzhausen Airport,Assis,BR,-22.64,-50.45306
AIG,FEFY,Yalinga Airport,Yalinga,CF,6.52,23.26
AII,HDAS,Ali-Sabieh Airport,Ali-Sabieh,DJ,11.14689,42.72
AIK,KAIK,Aiken Regional Airport,Aiken,US,33.649389,-81.685028
AIN,PAWI,Wainwright Airport,Wainwright,US,70.638,-159.99475
AIO,KAIO,Atlantic Municipal Airport,Atlantic,US,41.403833,-95.04875
AIP,VIAX,Adampur Air Force Station,,IN,31.4338,75.7588
AIR,SSOU,Aripuanã Airport,Aripuanã,BR,-10.1855,-59.45783
AIS,NGTR,Arorae Island Airport,Arorae Island,KI,-2.61611,176.80299
AIT,NCAI,Aitutaki Airport,Aitutaki,CK,-18.8309,-159.76401
AIU,NCAT,Enua Airport,Atiu Island,CK,-19.9678,-158.119
AIV,KAIV,George Downer Airport,Aliceville,US,33.106744,-88.197175
AIZ,KAIZ,Lee C Fine Memorial Airport,Kaiser/Lake Ozark,US,38.096027,-92.549481
AJA,LFKJ,Ajaccio-Napoleon Bonaparte Airport,Ajaccio/Napoleon Bonaparte,FR,41.9236,8.80292
AJF,OESK,Al-Jawf Domestic Airport,Al-Jawf,SA,29.7851,40.1
AJI,LTCO,Agri Airport,Agri,TR,39.65454,43.02598
AJJ,GQNJ,Akjoujt Airport,Akjoujt,MR,19.73302,-14.38325
AJK,OIHR,Arak Airport,Araak,IR,34.1381,49.8473
AJL,VELP,Lengpui Airport,Aizawl,IN,23.8406,92.6197
AJN,FMCV,Ouani Airport,Ouani,KM,-12.1317,44.4303
AJR,ESNX,Arvidsjaur Airport,Arvidsjaur,SE,65.5903,19.2819
AJU,SBAR,Santa Maria Airport,Aracaju,BR,-10.984,-37.0703
AJY,DRZA,Mano Dayak International Airport,Agadez,NE,16.966,8.00011
AKA,ZLAK,Ankang Airport,Ankang,CN,32.7081,108.931
AKB,PAAK,Atka Airport,Atka,US,52.220583,-174.206194
AKC,KAKR,Akron Fulton International Airport,Akron,US,41.037424,-81.467685
AKD,VAAK,Akola Airport,,IN,20.699,77.0586
AKE,FOGA,Akiéni Airport,Akiéni,GA,-1.133333,13.9
AKF,HLKF,Kufra Airport,Kufra,LY,24.1787,23.314
AKH,OEPS,Prince Sultan Air Base,,SA,24.0627,47.5805
AKI,PFAK,Akiak Airport,Akiak,US,60.902897,-161.230583
AKJ,RJEC,Asahikawa Airport,Asahikawa,JP,43.6708,142.44701
AKK,PAKH,Akhiok Airport,Akhiok,US,56.938691,-154.182556
AKL,NZAA,Auckland International Airport,Auckland,NZ,-37.0081,174.79201
AKN,PAKN,King Salmon Airport,King Salmon,US,58.676495,-156.64869
AKO,KAKO,Colorado Plains Regional Airport,Akron,US,40.175639,-103.222028
AKP,PAKP,Anaktuvuk Pass Airport,Anaktuvuk Pass,US,68.133611,-151.743333
AKQ,WIAG,Menggala Airport,"Menggala, Sumatra Island",ID,-4.48944,105.217
AKS,AGGA,Auki Airport,Auki,SB,-8.70257,160.68201
AKT,LCRA,RAF Akrotiri,,CY,34.5904,32.9879
AKU,ZWAK,Aksu Airport,Aksu,CN,41.2625,80.2917
AKV,CYKO,Akulivik Airport,Akulivik,CA,60.8186,-78.1486
AKW,OIAG,Aghajari Airport,Omidiyeh,IR,30.7444,49.6772
AKX,UATT,Aktobe Aliya Moldagulova International Airport,Aktyubinsk,KZ,50.2458,57.2067
AKY,VYSW,Sittwe Airport,Sittwe,MM,20.1327,92.8726
ALA,UAAA,Almaty International Airport,Almaty,KZ,43.3521,77.0405
ALB,KALB,Albany International Airport,Albany,US,42.749116,-73.80198
ALC,LEAL,Alicante International Airport,Alicante,ES,38.2822,-0.55816
ALD,SPAR,Alerta Airport,Fortaleza,PE,-11.683,-69.333
ALE,KE38,Alpine-Casparis Municipal Airport,Alpine,US,30.384222,-103.683583
ALF,ENAT,Alta Airport,Alta,NO,69.9761,23.3717
ALG,DAAG,Houari Boumediene Airport,Algiers,DZ,36.691,3.21541
ALH,YABA,Albany Airport,Albany,AU,-34.9433,117.809
ALI,KALI,Alice International Airport,Alice,US,27.740889,-98.026944
ALJ,FAAB,Alexander Bay Airport,Alexander Bay,ZA,-28.575,16.5333
ALL,LIMG,Villanova D'Albenga International Airport,Albenga,IT,44.0506,8.12743
ALM,KALM,Alamogordo-White Sands Regional Airport,Alamogordo,US,32.839417,-105.991139
ALN,KALN,St Louis Regional Airport,Alton/St Louis,US,38.889917,-90.046
ALO,KALO,Waterloo Regional Airport,Waterloo,US,42.558449,-92.401023
ALP,OSAP,Aleppo International Airport,Aleppo,SY,36.1807,37.2244
ALQ,SSLT,Alegrete Novo Airport,Alegrete,BR,-29.8127,-55.8934
ALR,NZLX,Alexandra Airport,Alexandra,NZ,-45.2117,169.373
ALS,KALS,San Luis Valley Regional/Bergman Field,Alamosa,US,37.435125,-105.867875
ALT,SDWQ,Alenquer Airport,Alenquer,BR,-1.916944,-54.722778
ALU,HCMA,Alula Airport,Alula,SO,11.9582,50.748
ALW,KALW,Walla Walla Regional Airport,Walla Walla,US,46.092542,-118.284082
ALX,KALX,Thomas C Russell Field,Alexander City,US,32.91475,-85.962944
AMA,KAMA,Rick Husband Amarillo International Airport,Amarillo,US,35.219361,-101.705917
AMB,FMNE,Ambilobe Airport,,MG,-13.1884,48.988
AMC,FTTN,Am Timan Airport,Am Timan,TD,11.034,20.274
AMD,VAAH,Sardar Vallabhbhai Patel International Airport,Ahmedabad,IN,23.0772,72.6347
AMH,HAAM,Arba Minch Airport,,ET,6.03939,37.5905
AMJ,SNAR,Cirilo Queiroz Airport,Almenara,BR,-16.18389,-40.66722
AMK,K00C,Animas Air Park,Durango,US,37.203178,-107.869195
AMM,OJAI,Queen Alia International Airport,Amman,JO,31.7226,35.9932
AMN,KAMN,Gratiot Community Airport,Alma,US,43.322142,-84.687939
AMO,FTTU,Mao Airport,Mao,TD,14.1456,15.3144
AMP,FMSY,Ampanihy Airport,Ampanihy,MG,-24.6997,44.7342
AMQ,WAPP,Pattimura Airport Ambon,Ambon,ID,-3.71026,128.089
AMS,EHAM,Amsterdam Airport Schiphol,Amsterdam,NL,52.3086,4.76389
AMT,YAMT,Amata Airport,,AU,-26.1083,131.207
AMU,AYAM,Amanab Airport,Amanab,PG,-3.586,141.21433
AMV,ULDD,Amderma Airport,Amderma,RU,69.7633,61.5564
AMW,KAMW,Ames Municipal Airport,Ames,US,41.992044,-93.621821
AMX,YAMM,Ammaroo Airport,,AU,-21.7383,135.242
AMZ,NZAR,Ardmore Airport,Manurewa,NZ,-37.0297,174.97301
ANB,KANB,Anniston Regional Airport,Anniston,US,33.58817,-85.858115
ANC,PANC,Ted Stevens Anchorage International Airport,Anchorage,US,61.174085,-149.998138
AND,KAND,Anderson Regional Airport,Anderson,US,34.494587,-82.709381
ANE,LFJR,Angers-Loire Airport,Angers/Marce,FR,47.5603,-0.31222
ANF,SCFA,Cerro Moreno Airport,Antofagasta,CL,-23.4445,-70.4451
ANG,LFBU,Angouleme-Brie-Champniers Airport,Angouleme/Brie/Champniers,FR,45.7292,0.22146
ANI,PANI,Aniak Airport,Aniak,US,61.581405,-159.545298
ANJ,FCBZ,Zanaga Airport,Zanaga,CG,-2.85,13.817
ANK,LTAD,Etimesgut Air Base,Ankara,TR,39.9498,32.6886
ANM,FMNH,Antsirabato Airport,,MG,-14.9994,50.3202
ANN,PANT,Annette Island Airport,Annette,US,55.042294,-131.570899
ANO,FQAG,Angoche Airport,Angoche,MZ,-16.18187,39.94522
ANP,KANP,Lee Airport,Annapolis,US,38.942876,-76.56839
ANQ,KANQ,Tri-State Steuben County Airport,Angola,US,41.639698,-85.083493
ANR,EBAW,Antwerp International Airport (Deurne),Antwerp,BE,51.1122,4.2737
ANS,SPHY,Andahuaylas Airport,Andahuaylas,PE,-13.7064,-73.3504
ANU,TAPA,V.C. Bird International Airport,St. George,AG,17.1367,-61.7927
ANV,PANV,Anvik Airport,Anvik,US,62.647333,-160.190056
ANW,KANW,Ainsworth Regional Airport,Ainsworth,US,42.579222,-99.992972
ANX,ENAN,Andøya Airport,Andenes,NO,69.2925,16.1442
ANY,KANY,Anthony Municipal Airport,Anthony,US,37.159889,-98.079528
AOC,EDAC,Altenburg-Nobitz Airport,Altenburg,DE,50.98195,12.50639
AOE,LTBY,Anadolu University Airport,Eskişehir,TR,39.8099,30.5194
AOG,ZYAS,Anshan Air Base,Anshan,CN,41.1053,122.854
AOH,KAOH,Lima Allen County Airport,Lima,US,40.707478,-84.027078
AOI,LIPY,Ancona / Falconara Airport,Ancona,IT,43.6163,13.3623
AOJ,RJSA,Aomori Airport,Aomori,JP,40.7347,140.69099
AOK,LGKP,Karpathos Airport,Karpathos Island,GR,35.4214,27.146
AOL,SARL,Paso De Los Libres Airport,Paso de los Libres,AR,-29.6894,-57.1521
AOM,OOAD,Adam Airport,Adam,OM,22.493056,57.381944
AOO,KAOO,Altoona/Blair County Airport,Altoona,US,40.296361,-78.320028
AOP,SPAS,Alferez FAP Alfredo Vladimir Sara Bauer Airport,Andoas,PE,-2.79613,-76.4666
AOR,WMKA,Sultan Abdul Halim Airport,Alor Satar,MY,6.18967,100.398
AOT,LIMW,Aosta Airport,Aosta,IT,45.7385,7.36872
AOY,OIBI,Asaloyeh Airport,Asaloyeh,IR,27.4814,52.6155
APA,KAPA,Centennial Airport,Denver,US,39.570119,-104.849293
APB,SLAP,Apolo Airport,Apolo,BO,-14.7356,-68.4119
APC,KAPC,Napa County Airport,Napa,US,38.213189,-122.280687
APE,SPAO,San Juan Aposento Airport,San Juan Aposento,PE,-15.3539,-75.1671
APF,KAPF,Naples Municipal Airport,Naples,US,26.152441,-81.775639
APG,KAPG,Phillips Army Air Field (Aberdeen Proving Ground) Airport,Aberdeen,US,39.465465,-76.168292
APH,KAPH,Ap Hill Lz (Fort Ap Hill) Airport,Bowling Green,US,38.06889,-77.318961
API,SKAP,Gomez Nino Apiay Air Base,Apiay,CO,4.07607,-73.5627
APJ,ZUPL,Ali Pulan Airport,Burang,CN,30.390976,81.138039
APK,NTGD,Apataki Airport,Apataki,PF,-15.5736,-146.41499
APL,FQNP,Nampula Airport,Nampula,MZ,-15.1056,39.2818
APN,KAPN,Alpena County Regional Airport,Alpena,US,45.078083,-83.560306
APO,SKLC,Antonio Roldan Betancourt Airport,Carepa,CO,7.81196,-76.7164
APQ,SNAL,Arapiraca Airport,Arapiraca,BR,-9.77536,-36.6292
APS,SWNS,Anapolis Airport,Anapolis,BR,-16.3623,-48.9271
APT,KAPT,Marion County/Brown Field,Jasper,US,35.060667,-85.585306
APU,SSAP,Apucarana Airport,Apucarana,BR,-23.6095,-51.3845
APV,KAPV,Apple Valley Airport,Apple Valley,US,34.575331,-117.186188
APW,NSFA,Faleolo International Airport,Apia,WS,-13.83,-172.008
APX,SSOG,Arapongas Airport,Arapongas,BR,-23.3529,-51.4917
APY,SNAI,Alto Parnaiba Airport,Alto Parnaiba,BR,-9.08361,-45.95056
APZ,SAHZ,Zapala Airport,Zapala,AR,-38.9755,-70.1136
AQA,SBAQ,Araraquara Airport,Araraquara,BR,-21.812,-48.133
AQB,MGQC,Santa Cruz del Quiche Airport,Santa Cruz del Quiche,GT,15.0122,-91.1506
AQG,ZSAQ,Anqing Airport,Anqing,CN,30.5822,117.05
AQI,OEPA,Hafr Al Batin Airport,Qaisumah,SA,28.3352,46.1251
AQJ,OJAQ,Aqaba King Hussein International Airport,Aqaba,JO,29.6116,35.0181
AQM,SWNI,Nova Vida Airport,Ariquemes,BR,-10.17806,-62.82556
AQP,SPQU,Rodriguez Ballon International Airport,Arequipa,PE,-16.3411,-71.5831
AQY,KAQY,Girdwood Airport,Girdwood,US,60.969022,-149.119346
ARA,KARA,Acadiana Regional Airport,New Iberia,US,30.037758,-91.883896
ARB,KARB,Ann Arbor Municipal Airport,Ann Arbor,US,42.222928,-83.745709
ARC,PARC,Arctic Village Airport,Arctic Village,US,68.114669,-145.579415
ARD,WATM,Mali Airport,Alor Island,ID,-8.13234,124.597
ARE,TJAB,Antonio/Nery/Juarbe Pol Airport,Arecibo,US,18.450917,-66.675444
ARG,KARG,Walnut Ridge Regional Airport,Walnut Ridge,US,36.124667,-90.925111
ARH,ULAA,Talagi Airport,Archangelsk,RU,64.6003,40.7167
ARI,SCAR,Chacalluta Airport,Arica,CL,-18.3485,-70.3387
ARJ,WAJA,Arso Airport,Arso-Papua Island,ID,-2.93333,140.78334
ARK,HTAR,Arusha Airport,Arusha,TZ,-3.36779,36.6333
ARL,DFER,Arly Airport,Arly,BF,11.597,1.483
ARM,YARM,Armidale Airport,Armidale,AU,-30.5281,151.617
ARN,ESSA,Stockholm-Arlanda Airport,Stockholm,SE,59.6519,17.9186
ARR,SAVR,D. Casimiro Szlapelis Airport,Alto Rio Senguerr,AR,-45.0136,-70.8122
ARS,SWEC,Estancia das Cascatas Airport,Aragarcas,BR,-15.8967,-52.0956
ART,KART,Watertown International Airport,Watertown,US,43.991833,-76.019417
ARU,SBAU,Aracatuba Airport,Aracatuba,BR,-21.1413,-50.4247
ARV,KARV,Lakeland/Noble F Lee Memorial Field,Minocqua-Woodruff,US,45.927917,-89.730944
ARW,LRAR,Arad International Airport,Arad,RO,46.1766,21.262
ARY,YARA,Ararat Airport,,AU,-37.3094,142.989
ARZ,FNZE,N'zeto Airport,N'zeto,AO,-7.25944,12.8631
ASA,HHSB,Assab International Airport,Assab,ER,13.0718,42.645
ASB,UTAA,Ashgabat Airport,Ashgabat,TM,37.9868,58.361
ASC,SLAS,Ascencion De Guarayos Airport,Ascension de Guarayos,BO,-15.9303,-63.1567
ASD,MYAF,Andros Town Airport,,BS,24.6979,-77.7956
ASE,KASE,Aspen-Pitkin County/Sardy Field,Aspen,US,39.221878,-106.868233
ASF,URWA,Astrakhan Airport,Astrakhan,RU,46.2833,48.0063
ASG,NZAS,Ashburton Aerodrome,,NZ,-43.9033,171.797
ASH,KASH,Boire Field,Nashua,US,42.782414,-71.514094
ASI,FHAW,RAF Ascension Island,Ascension Island,SH,-7.9696,-14.3937
ASJ,RJKA,Amami Airport,Amami,JP,28.4306,129.713
ASK,DIYO,Yamoussoukro Airport,Yamoussoukro,CI,6.90317,-5.36558
ASL,KASL,Harrison County Airport,Marshall,US,32.520495,-94.307772
ASM,HHAS,Asmara International Airport,Asmara,ER,15.2919,38.9107
ASN,KASN,Talladega Municipal Airport,Talladega,US,33.569504,-86.051201
ASO,HASO,Asosa Airport,Asosa,ET,10.0185,34.5863
ASP,YBAS,Alice Springs Airport,Alice Springs,AU,-23.8067,133.90199
ASQ,KTMT,Austin Airport,Austin,US,39.467943,-117.197454
ASR,LTAU,Kayseri Erkilet Airport,Kayseri,TR,38.7704,35.4954
ASS,FACC,Arathusa Safari Lodge Airport,Arathusa,ZA,-24.74417,31.5225
AST,KAST,Astoria Regional Airport,Astoria,US,46.157978,-123.878624
ASU,SGAS,Silvio Pettirossi International Airport,Asuncion,PY,-25.24,-57.52
ASV,HKAM,Amboseli Airport,Amboseli National Park,KE,-2.64505,37.2531
ASW,HESN,Aswan International Airport,Aswan,EG,23.9644,32.82
ASX,KASX,John F Kennedy Memorial Airport,Ashland,US,46.548528,-90.918972
ASY,KASY,Ashley Municipal Airport,Ashley,US,46.023156,-99.352575
ATA,SPHZ,Comandante FAP German Arias Graziani Airport,Anta,PE,-9.34744,-77.5984
ATB,HSAT,Atbara Airport,Atbara,SD,17.71034,34.05702
ATC,MYCA,Arthur's Town Airport,Arthur's Town,BS,24.6294,-75.6738
ATD,AGAT,Uru Harbour Airport,Atoifi,SB,-8.87333,161.011
ATE,K80F,Antlers Municipal Airport,Antlers,US,34.193568,-95.649864
ATF,SEAM,Chachoan Airport,Ambato,EC,-1.21207,-78.5746
ATH,LGAV,Eleftherios Venizelos International Airport,Athens,GR,37.9364,23.9445
ATI,SUAG,Artigas International Airport,Artigas,UY,-30.4007,-56.5079
ATJ,FMME,Antsirabe Airport,Antsirabe,MG,-19.83922,47.06371
ATK,PATQ,Atqasuk Edward Burnell Sr Memorial Airport,Atqasuk,US,70.467111,-157.435667
ATL,KATL,Hartsfield/Jackson Atlanta International Airport,Atlanta,US,33.6367,-84.427864
ATM,SBHT,Altamira Airport,Altamira,BR,-3.25391,-52.254
ATO,KUNI,Ohio University Airport,Athens/Albany,US,39.211893,-82.229255
ATP,AYAI,Aitape Airport,Aitape,PG,-3.14361,142.34681
ATQ,VIAR,Sri Guru Ram Dass Jee International Airport Amritsar,Amritsar,IN,31.7096,74.7973
ATR,GQPA,Atar International Airport,Atar,MR,20.5068,-13.0432
ATS,KATS,Artesia Municipal Airport,Artesia,US,32.851944,-104.467583
ATT,PAAB,Atmautluak Airport,Atmautluak,US,60.867875,-162.274275
ATU,PAAT,Casco Cove Cgs Airport,Attu,US,52.832542,173.175554
ATV,FTTI,Ati Airport,Ati,TD,13.2389,18.3133
ATW,KATW,Appleton International Airport,Appleton,US,44.258093,-88.519072
ATY,KATY,Watertown Regional Airport,Watertown,US,44.913972,-97.154722
ATZ,HEAT,Assiut International Airport,Assiut,EG,27.0465,31.012
AUA,TNCA,Queen Beatrix International Airport,Oranjestad,AW,12.5014,-70.0152
AUC,SKUC,Santiago Perez Airport,Arauca,CO,7.06888,-70.7369
AUD,YAGD,Augustus Downs Airport,,AU,-18.515,139.87801
AUF,LFLA,Auxerre-Branches Airport,Auxerre/Branches,FR,47.8502,3.49711
AUG,KAUG,Augusta State Airport,Augusta,US,44.320687,-69.797309
AUH,OMAA,Abu Dhabi International Airport,Abu Dhabi,AE,24.433,54.6511
AUJ,AYAT,Ambunti Airport,Ambunti,PG,-4.21567,142.82317
AUK,PAUK,Alakanuk Airport,Alakanuk,US,62.683056,-164.722194
AUM,KAUM,Austin Municipal Airport,Austin,US,43.662639,-92.932917
AUN,KAUN,Auburn Municipal Airport,Auburn,US,38.95482,-121.081729
AUO,KAUO,Auburn University Regional Airport,Auburn,US,32.615111,-85.434
AUQ,NTMN,Hiva Oa-Atuona Airport,,PF,-9.76879,-139.011
AUR,LFLW,Aurillac Airport,Aurillac,FR,44.8914,2.42194
AUS,KAUS,Austin-Bergstrom International Airport,Austin,US,30.194527,-97.669876
AUT,WPAT,Atauro Airport,Atauro,TL,-8.21052,125.616
AUU,YAUR,Aurukun Airport,,AU,-13.3539,141.72099
AUW,KAUW,Wausau Downtown Airport,Wausau,US,44.926285,-89.627002
AUX,SWGN,Araguaina Airport,Araguaina,BR,-7.22787,-48.2405
AUY,NVVA,Anelghowhat Airport,Anelghowhat,VU,-20.2492,169.771
AUZ,KARR,Aurora Municipal Airport,Chicago/Aurora,US,41.771917,-88.475667
AVA,ZUAS,Anshun Huangguoshu Airport,Anshun,CN,26.26056,105.87333
AVB,LIPA,Aviano Air Base,Aviano,IT,46.0319,12.5965
AVG,YAUV,Auvergne Airport,,AU,-15.7,130.0
AVI,MUCA,Maximo Gomez Airport,Ciego de Avila,CU,22.0271,-78.7896
AVK,ZMAH,Arvaikheer Airport,Arvaikheer,MN,46.2503,102.802
AVL,KAVL,Asheville Regional Airport,Asheville,US,35.436113,-82.542047
AVN,LFMV,Avignon-Caumont Airport,Avignon/Caumont,FR,43.9073,4.90183
AVO,KAVO,Avon Park Executive Airport,Avon Park,US,27.5913,-81.528967
AVP,KAVP,Wilkes-Barre/Scranton International Airport,Wilkes-Barre/Scranton,US,41.338472,-75.723389
AVU,AGGJ,Avu Avu Airport,,SB,-9.86833,160.41056
AVV,YMAV,Avalon Airport,Melbourne,AU,-38.0394,144.46899
AVW,KAVQ,Marana Regional Airport,Marana,US,32.409556,-111.218389
AVX,KAVX,Catalina Airport,Avalon,US,33.404997,-118.415769
AWA,HALA,Awassa Airport,Awassa,ET,7.067,38.5
AWB,AYAW,Awaba Airport,Awaba,PG,-8.00611,142.74835
AWD,NVVB,Aniwa Airport,Aniwa,VU,-19.24,169.605
AWK,PWAK,Wake Island Airfield,Wake Island,UM,19.282494,166.63665
AWM,KAWM,West Memphis Municipal Airport,West Memphis,US,35.135056,-90.234444
AWN,YADS,Alton Downs Airport,,AU,-26.5333,139.267
AWP,YAUS,Austral Downs Airport,,AU,-20.5,137.75
AWZ,OIAW,Ahwaz Airport,Ahwaz,IR,31.3374,48.762
AXA,TQPF,Wallblake Airport,The Valley,AI,18.2048,-63.0551
AXB,89NY,Maxson Airfield,Alexandria Bay,US,44.316717,-75.899673
AXC,YAMC,Aramac Airport,,AU,-22.9667,145.242
AXD,LGAL,Dimokritos Airport,Alexandroupolis,GR,40.8559,25.9563
AXE,SSXX,Xanxere Airport,Xanxere,BR,-26.87556,-52.37305
AXF,ZBAL,Alxa Left Banner Bayanhot Airport,Bayanhot,CN,38.74831,105.58858
AXG,KAXA,Algona Municipal Airport,Algona,US,43.077798,-94.271774
AXJ,RJDA,Amakusa Airport,,JP,32.4825,130.159
AXK,OYAT,Ataq Airport,,YE,14.5513,46.8262
AXL,YALX,Alexandria Homestead Airport,,AU,-19.0602,136.71001
AXM,SKAR,El Eden Airport,Armenia,CO,4.45278,-75.7664
AXN,KAXN,Alexandria Regional/Chandler Field,Alexandria,US,45.866306,-95.394667
AXP,MYAP,Spring Point Airport,Spring Point,BS,22.4418,-73.9709
AXR,NTGU,Arutua Airport,,PF,-15.2483,-146.617
AXS,KAXS,Altus/Quartz Mountain Regional Airport,Altus,US,34.698806,-99.338472
AXT,RJSK,Akita Airport,Akita,JP,39.6156,140.21899
AXU,HAAX,Axum Airport,,ET,14.1468,38.7728
AXV,KAXV,Neil Armstrong Airport,Wapakoneta,US,40.493548,-84.298074
AXX,KAXX,Angel Fire Airport,Angel Fire,US,36.422,-105.289905
AYG,SKYA,Yaguara Airport,San Vicente Del Caguan,CO,1.54417,-73.9333
AYJ,VEAY,Maharishi Valmiki International Airport,Ayodhya,IN,26.74803,82.15078
AYL,YANL,Anthony Lagoon Airport,,AU,-18.01808,135.53507
AYM,_AYM,Yas Island Seaplane Base,Yas Island,AE,24.467,54.6103
AYN,ZHAY,Anyang Airport,Anyang,CN,36.1339,114.344
AYO,SGAY,Juan De Ayolas Airport,Ayolas,PY,-27.37,-56.85
AYP,SPHO,Coronel FAP Alfredo Mendivil Duarte Airport,Ayacucho,PE,-13.1548,-74.2044
AYQ,YAYE,Ayers Rock Connellan Airport,Ayers Rock,AU,-25.1861,130.976
AYR,YAYR,Ayr Airport,,AU,-19.5844,147.32899
AYS,KAYS,Waycross-Ware County Airport,Waycross,US,31.248389,-82.395389
AYT,LTAI,Antalya International Airport,Antalya,TR,36.8987,30.8005
AYU,AYAY,Aiyura Airport,Aiyura Valley,PG,-6.33806,145.90417
AYX,SPAY,Teniente General Gerardo Perez Pinedo Airport,Atalaya,PE,-10.7291,-73.7665
AZA,KIWA,Mesa Gateway Airport,Phoenix,US,33.307824,-111.655459
AZD,OIYY,Shahid Sadooghi Airport,Yazd,IR,31.9049,54.2765
AZH,VEAH,Azamgarh Airport,Azamgarh,IN,26.153333,83.118333
AZI,OMAD,Al Bateen Executive Airport,Abu Dhabi,AE,24.4283,54.4581
AZL,SWTU,Fazenda Tucunare Airport,Sapezal,BR,-13.46553,-58.86693
AZN,UZKA,Andizhan Airport,Andizhan,UZ,40.7277,72.294
AZO,KAZO,Kalamazoo/Battle Creek International Airport,Kalamazoo,US,42.234389,-85.551556
AZP,MMJC,Atizapan De Zaragoza Airport,,MX,19.5748,-99.2888
AZR,DAUA,Touat Cheikh Sidi Mohamed Belkebir Airport,,DZ,27.8376,-0.18641
AZS,MDCY,Samana El Catey International Airport,Samana,DO,19.267,-69.742
AZZ,FNAM,Ambriz Airport,Ambriz,AO,-7.86222,13.1161
BAA,AYBL,Bialla Airport,Bialla,PG,-5.329445,151.006128
BAB,KBAB,Beale Afb Airport,Marysville,US,39.136101,-121.436587
BAD,KBAD,Barksdale Afb Airport,Bossier City,US,32.501933,-93.662628
BAE,LFMR,Barcelonnette - Saint-Pons Airport,Le Castellet,FR,44.3883,6.61028
BAF,KBAF,Westfield-Barnes Regional Airport,Westfield/Springfield,US,42.157944,-72.715861
BAG,RPUB,Loakan Airport,Baguio City,PH,16.3751,120.62
BAH,OBBI,Bahrain International Airport,Manama,BH,26.2708,50.6336
BAI,MRBA,Buenos Aires Airport,Punta Arenas,CR,9.16361,-83.3299
BAL,LTCJ,Batman Airport,Batman,TR,37.929,41.1166
BAM,KBAM,Battle Mountain Airport,Battle Mountain,US,40.599056,-116.874333
BAN,FZVR,Basongo Airport,Basongo,CD,-4.317,20.433
BAO,VTED,Udorn Air Base,Ban Mak Khaen,TH,17.383,102.8
BAQ,SKBQ,Ernesto Cortissoz International Airport,Barranquilla,CO,10.8896,-74.7808
BAR,ZJQH,Qionghai Boao Airport,Qionghai,CN,19.140556,110.458889
BAS,AGGE,Ballalae Airport,Ballalae,SB,-6.99075,155.88666
BAT,SBBT,Chafei Amsei Airport,Barretos,BR,-20.5845,-48.5941
BAU,SBBU,Bauru Airport,Bauru,BR,-22.345,-49.0538
BAV,ZBOW,Baotou Airport,Baotou,CN,40.56,109.997
BAX,UNBB,Barnaul Airport,Barnaul,RU,53.3638,83.5385
BAY,LRBM,Tautii Magheraus Airport,Baia Mare,RO,47.6584,23.47
BAZ,SWBC,Barcelos Airport,Barcelos,BR,-0.98129,-62.9196
BBA,SCBA,Balmaceda Airport,Balmaceda,CL,-45.9161,-71.6895
BBB,KBBB,Benson Municipal Airport,Benson,US,45.331917,-95.650583
BBC,KBYY,Bay City Regional Airport,Bay City,US,28.973247,-95.863452
BBD,KBBD,Curtis Field,Brady,US,31.179278,-99.323917
BBG,NGTU,Butaritari Atoll Airport,Butaritari Atoll,KI,3.08583,172.811
BBH,EDBH,Barth Airport,,DE,54.3375,12.6997
BBI,VEBS,Biju Patnaik Airport,Bhubaneswar,IN,20.2444,85.8178
BBJ,EDRB,Bitburg Airport,Bitburg,DE,49.94528,6.565
BBK,FBKE,Kasane Airport,Kasane,BW,-17.8329,25.1624
BBL,YLLE,Ballera Airport,,AU,-27.4083,141.808
BBM,VDBG,Battambang Airport,Battambang,KH,13.0956,103.224
BBN,WBGZ,Bario Airport,Bario,MY,3.73389,115.479
BBO,HCMI,Berbera Airport,Berbera,SO,10.3892,44.9411
BBP,EGHJ,Bembridge Airport,Bembridge,GB,50.6781,-1.10944
BBR,TFFB,Baillif Airport,Basse Terre,GP,16.0133,-61.7422
BBS,EGLK,Blackbushe Airport,Yateley,GB,51.3239,-0.8475
BBT,FEFT,Berberati Airport,Berberati,CF,4.22158,15.7864
BBU,LRBS,Baneasa International Airport,Bucharest,RO,44.5032,26.1021
BBV,DIGN,Nero-Mer Airport,Grand-Bereby,CI,4.64341,-6.92396
BBW,KBBW,Broken Bow Municipal/Keith Glaze Field,Broken Bow,US,41.436446,-99.642164
BBX,KLOM,Wings Field,Philadelphia,US,40.137556,-75.265139
BBY,FEFM,Bambari Airport,Bambari,CF,5.84694,20.6475
BBZ,FLZB,Zambezi Airport,Zambezi,ZM,-13.5361,23.1085
BCA,MUBA,Gustavo Rizo Airport,Baracoa,CU,20.3653,-74.5062
BCB,KBCB,Virginia Tech/Montgomery Executive Airport,Blacksburg,US,37.209386,-80.41209
BCC,KZ48,Bear Creek 3 Airport,Bear Creek,US,63.571609,-156.144051
BCD,RPVB,Bacolod-Silay City International Airport,Bacolod City,PH,10.7764,123.015
BCE,KBCE,Bryce Canyon Airport,Bryce Canyon,US,37.706447,-112.1458
BCF,FEGU,Bouca Airport,Bouca,CF,6.517,18.267
BCG,SYBE,Bemichi Airport,Bemichi,GY,7.7,-59.16666
BCH,WPEC,Cakung Airport,Baucau,TL,-8.48903,126.401
BCI,YBAR,Barcaldine Airport,Barcaldine,AU,-23.5653,145.30701
BCL,MRBC,Barra del Colorado Airport,Pococi,CR,10.7687,-83.5856
BCM,LRBC,Bacau Airport,Bacau,RO,46.5219,26.9103
BCN,LEBL,Barcelona International Airport,Barcelona,ES,41.2971,2.07846
BCO,HABC,Baco Airport,Baco,ET,5.78287,36.562
BCR,SWNK,Novo Campo Airport,Boca Do Acre,BR,-8.83456,-67.3124
BCS,65LA,Southern Seaplane Airport,Belle Chasse,US,29.866039,-90.022293
BCT,KBCT,Boca Raton Airport,Boca Raton,US,26.378486,-80.107696
BCX,UWUB,Beloretsk Airport,Beloretsk,RU,53.9381,58.34
BDA,TXKF,L.F. Wade International International Airport,Hamilton,BM,32.364,-64.6787
BDB,YBUD,Bundaberg Airport,Bundaberg,AU,-24.9039,152.319
BDC,SNBC,Barra do Corda Airport,Barra Do Corda,BR,-5.5025,-45.21583
BDD,YBAU,Badu Island Airport,,AU,-10.15,142.1734
BDE,KBDE,Baudette International Airport,Baudette,US,48.73025,-94.611056
BDF,3IS8,Rinkenberger Airport,Bradford,US,41.230871,-89.615652
BDG,KBDG,Blanding Municipal Airport,Blanding,US,37.583333,-109.483278
BDH,OIBL,Bandar Lengeh Airport,Bandar Lengeh,IR,26.532,54.8248
BDI,FSSB,Bird Island Airport,Bird Island,SC,-3.72472,55.2053
BDJ,WAOO,Syamsudin Noor Airport,"Banjarmasin, Borneo Island",ID,-3.44236,114.763
BDK,DIBU,Soko Airport,Bondoukou,CI,8.01722,-2.76194
BDL,KBDL,Bradley International Airport,Windsor Locks,US,41.939032,-72.684316
BDM,LTBG,Bandirma Airport,Bandirma,TR,40.318,27.9777
BDN,OPTH,Talhar Airport,Badin,PK,24.8415,68.8384
BDO,WICC,Husein Sastranegara International Airport,"Bandung, Java Island",ID,-6.90063,107.576
BDP,VNCG,Bhadrapur Airport,Bhadrapur,NP,26.5708,88.0796
BDQ,VABO,Vadodara Airport,Vadodara,IN,22.3362,73.2263
BDR,KBDR,Bridgeport/Sikorsky Airport,Bridgeport,US,41.163481,-73.126176
BDS,LIBR,Brindisi / Casale Airport,Brindisi,IT,40.6576,17.947
BDT,FZFD,Gbadolite Airport,,CD,4.25321,20.9753
BDU,ENDU,Bardufoss Airport,Malselv,NO,69.0558,18.5404
BDV,FZRB,Moba Airport,Moba,CD,-7.067,29.783
BDW,YBDF,Bedford Downs Airport,,AU,-17.2867,127.463
BDX,K00F,Broadus Airport,Broadus,US,45.470472,-105.457139
BDY,KS05,Bandon State Airport,Bandon,US,43.086472,-124.407861
BDZ,AYBG,Baindoung Airport,,PG,-6.34722,146.94222
BEB,EGPL,Benbecula Airport,Balivanich,GB,57.4811,-7.36278
BEC,KBEC,Beech Factory Airport,Wichita,US,37.693917,-97.214917
BED,KBED,Laurence G Hanscom Field,Bedford,US,42.469944,-71.289
BEF,MNBL,Bluefields Airport,Bluefileds,NI,11.991,-83.7741
BEG,LYBE,Belgrade Nikola Tesla Airport,Belgrad,RS,44.8184,20.3091
BEH,KBEH,Southwest Michigan Regional Airport,Benton Harbor,US,42.128381,-86.424881
BEI,HABE,Beica Airport,Beica,ET,9.38639,34.5219
BEJ,WALK,Barau(Kalimaru) Airport,"Tanjung Redep, Borneo Island",ID,2.1555,117.432
BEK,VIBY,Bareilly Air Force Station,,IN,28.4221,79.4508
BEL,SBBE,Val de Cans/Julio Cezar Ribeiro International Airport,Belem,BR,-1.37925,-48.4763
BEM,GMMD,Beni Mellal Airport,,MA,32.4,-6.33333
BEN,HLLB,Benina International Airport,Benghazi,LY,32.0968,20.2695
BEO,YPEC,Aeropelican Airport,,AU,-33.0667,151.64799
BEP,VOBI,Bellary Airport,Bellary,IN,15.1628,76.8828
BEQ,EGXH,RAF Honington,Thetford,GB,52.3426,0.77294
BER,EDDB,Berlin Brandenburg Airport,Berlin,DE,52.36217,13.50067
BES,LFRB,Brest Bretagne Airport,Brest/Guipavas,FR,48.4479,-4.41854
BET,PABE,Bethel Airport,Bethel,US,60.778556,-161.837167
BEU,YBIE,Bedourie Airport,,AU,-24.3461,139.46001
BEV,LLBS,Be'er Sheva (Teyman) Airport,Beersheva,IL,31.287,34.723
BEW,FQBR,Beira Airport,Beira,MZ,-19.7964,34.9076
BEX,EGUB,RAF Benson,Benson,GB,51.6164,-1.09583
BEY,OLBA,Beirut Rafic Hariri International Airport,Beirut,LB,33.8209,35.4884
BEZ,NGBR,Beru Airport,Beru,KI,-1.35472,176.007
BFA,SGBN,Bahia Negra Airport,Bahia Negra,PY,-20.2246,-58.1792
BFD,KBFD,Bradford Regional Airport,Bradford,US,41.802954,-78.639966
BFE,EDLI,Bielefeld Airport,Bielefeld,DE,51.96472,8.54444
BFF,KBFF,Scottsbluff/Western Nebraska Regional/Wm  B Heilig Field,Scottsbluff,US,41.874028,-103.595639
BFG,KU07,Bullfrog Basin Airport,Glen Canyon Natl Rec Area,US,37.545824,-110.713199
BFH,SBBI,Bacacheri Airport,Curitiba,BR,-25.4051,-49.232
BFI,KBFI,Boeing Field/King County International Airport,Seattle,US,47.529972,-122.301944
BFJ,ZUBJ,Bijie Airport,Bijie,CN,27.26709,105.47163
BFK,KBKF,Buckley Space Force Base Airport,Aurora,US,39.701761,-104.751961
BFL,KBFL,Meadows Field,Bakersfield,US,35.433861,-119.057667
BFM,KBFM,Mobile International Airport,Mobile,US,30.626781,-88.068091
BFN,FABL,J B M Hertzog International Airport,Bloemfontain,ZA,-29.0927,26.3024
BFO,FVCZ,Buffalo Range Airport,Chiredzi,ZW,-21.0081,31.5786
BFP,KBVI,Beaver County Airport,Beaver Falls,US,40.772472,-80.391444
BFR,KBFR,Virgil I Grissom Municipal Airport,Bedford,US,38.840028,-86.445361
BFS,EGAA,Belfast International Airport,Belfast,GB,54.6575,-6.21583
BFT,KARW,Beaufort Executive Airport,Beaufort,US,32.412167,-80.634354
BFU,ZSBB,Bengbu Airport,Bengbu,CN,32.84773,117.32024
BFV,VTUO,Buri Ram Airport,,TH,15.2295,103.253
BFW,DAOS,Sidi Bel Abbes Airport,,DZ,35.1718,-0.59328
BFX,FKKU,Bafoussam Airport,Bafoussam,CM,5.53692,10.3546
BFY,_BFY,Bengbu Tenghu Airport,Bengbu,CN,33.166,117.057
BGA,SKBG,Palonegro Airport,Bucaramanga,CO,7.1265,-73.1848
BGB,FOGB,Booue Airport,Booue,GA,-0.1,11.95
BGC,LPBG,Braganca Airport,Bragança,PT,41.8578,-6.70713
BGD,KBGD,Hutchinson County Airport,Borger,US,35.700889,-101.393667
BGE,KBGE,Decatur County Industrial Air Park,Bainbridge,US,30.971598,-84.636928
BGF,FEFF,Bangui M'Poko International Airport,Bangui,CF,4.39848,18.5188
BGG,LTCU,Bingöl Airport,Bingöl,TR,38.861111,40.5925
BGH,GQNE,Abbaye Airport,Boghe,MR,16.63331,-14.2
BGI,TBPB,Sir Grantley Adams International Airport,Bridgetown,BB,13.0746,-59.4925
BGJ,BIBF,Borgarfjordur eystri Airport,Borgarfjordur eystri,IS,65.5164,-13.805
BGK,MZBG,Big Creek Airport,Big Creek,BZ,16.52,-88.40917
BGM,KBGM,Greater Binghamton/Edwin A Link Field,Binghamton,US,42.208444,-75.979611
BGN,UESG,Belaya Gora Airport,Belaya Gora,RU,68.557,146.23117
BGO,ENBR,Bergen Airport Flesland,Bergen,NO,60.2934,5.21814
BGQ,PAGQ,Big Lake Airport,Big Lake,US,61.534683,-149.812548
BGR,KBGR,Bangor International Airport,Bangor,US,44.807444,-68.828139
BGT,KE51,Bagdad Airport,Bagdad,US,34.592894,-113.171949
BGU,FEFG,Bangassou Airport,Bangassou,CF,4.785,22.781
BGV,SSBG,Aeroclube de Bento Goncalves Airport,Bento Goncalves,BR,-29.14833,-51.53639
BGW,ORBI,Baghdad International Airport,Baghdad,IQ,33.2625,44.2346
BGX,SBBG,Comandante Gustavo Kraemer Airport,Bage,BR,-31.3905,-54.1122
BGY,LIME,Bergamo / Orio Al Serio Airport,Bergamo,IT,45.6739,9.70417
BHA,SESV,Los Perales Airport,Bahia de Caraquez,EC,-0.60811,-80.4027
BHB,KBHB,Hancock County/Bar Harbor Airport,Bar Harbor,US,44.449705,-68.36149
BHD,EGAC,George Best Belfast City Airport,Belfast,GB,54.6181,-5.8725
BHE,NZWB,Woodbourne Airport,Blenheim,NZ,-41.5183,173.87
BHF,SKCP,Cupica Airport,Bahia Solano,CO,6.69194,-77.47722
BHH,OEBH,Bisha Airport,,SA,19.9844,42.6209
BHI,SAZB,Comandante Espora Airport,Bahia Blanca,AR,-38.725,-62.1693
BHJ,VABJ,Bhuj Airport,Bhuj,IN,23.2878,69.6702
BHK,UZSB,Bukhara Airport,Bukhara,UZ,39.775,64.4833
BHM,KBHM,Birmingham-Shuttlesworth International Airport,Birmingham,US,33.563889,-86.752306
BHO,VABP,Bhopal Airport,Bhopal,IN,23.2875,77.3374
BHP,VNBJ,Bhojpur Airport,Bhojpur,NP,27.1474,87.0508
BHQ,YBHI,Broken Hill Airport,Broken Hill,AU,-32.0014,141.472
BHR,VNBP,Bharatpur Airport,Bharatpur,NP,27.6781,84.4294
BHS,YBTH,Bathurst Airport,Bathurst,AU,-33.4094,149.65199
BHU,VABV,Bhavnagar Airport,Bhavnagar,IN,21.7522,72.1852
BHV,OPBW,Bahawalpur Airport,Bahawalpur,PK,29.3481,71.718
BHW,OPBG,Bhagatanwala Airport,Bhagatanwala,PK,32.0561,72.9484
BHX,EGBB,Birmingham International Airport,Birmingham,GB,52.4539,-1.74803
BHY,ZGBH,Beihai Airport,Beihai,CN,21.5394,109.294
BIA,LFKB,Bastia-Poretta Airport,Bastia/Poretta,FR,42.5527,9.48373
BIB,HCMB,Baidoa Airport,Baidoa,SO,3.10222,43.6286
BID,KBID,Block Island State Airport,Block Island,US,41.168111,-71.577833
BIE,KBIE,Beatrice Municipal Airport,Beatrice,US,40.301278,-96.754111
BIF,KBIF,Biggs Army Air Field (Fort Bliss) Airport,Fort Bliss/El Paso/,US,31.849529,-106.380053
BIG,PABI,Allen Army Air Field,Delta Junction Ft Greely,US,63.995164,-145.720037
BIH,KBIH,Bishop Airport,Bishop,US,37.373111,-118.363611
BIK,WABB,Frans Kaisiepo Airport,Biak-Supiori Island,ID,-1.19002,136.108
BIL,KBIL,Billings Logan International Airport,Billings,US,45.807849,-108.543544
BIM,MYBS,South Bimini Airport,South Bimini,BS,25.6999,-79.2647
BIN,OABN,Bamiyan Airport,Bamiyan,AF,34.817,67.817
BIO,LEBB,Bilbao Airport,Bilbao,ES,43.3011,-2.91061
BIP,YBWM,Bulimba Airport,,AU,-16.8808,143.479
BIQ,LFBZ,Biarritz-Anglet-Bayonne Airport,Biarritz/Anglet/Bayonne,FR,43.4684,-1.52332
BIR,VNVT,Biratnagar Airport,Biratnagar,NP,26.4815,87.264
BIS,KBIS,Bismarck Municipal Airport,Bismarck,US,46.772734,-100.745738
BIT,VNBT,Baitadi Airport,Baitadi,NP,29.4653,80.5492
BIU,BIBD,Bíldudalur Airport,Bíldudalur,IS,65.6413,-23.5462
BIV,FEFR,Bria Airport,Bria,CF,6.52778,21.9894
BIW,YBIL,Billiluna Airport,,AU,-19.5667,127.667
BIX,KBIX,Keesler Afb Airport,Biloxi,US,30.410427,-88.924435
BIY,FABE,Bisho Airport,Bisho,ZA,-32.8971,27.2791
BJA,DAAE,Soummam Airport,Bejaia,DZ,36.712,5.06992
BJB,OIMN,Bojnord Airport,Bojnord,IR,37.493,57.3082
BJC,KBJC,Rocky Mountain Metro Airport,Denver,US,39.908806,-105.117194
BJD,BIBK,Bakkafjordur Airport,Bakkafjordur,IS,66.0219,-14.8244
BJF,ENBS,Båtsfjord Airport,Båtsfjord,NO,70.6005,29.6914
BJI,KBJI,Bemidji Regional Airport,Bemidji,US,47.510722,-94.934722
BJJ,KBJJ,Wayne County Airport,Wooster,US,40.874844,-81.88826
BJK,WAPK,Nangasuri Airport,Maikoor Island,ID,-6.0662,134.274
BJL,GBYD,Banjul International Airport,Banjul,GM,13.338,-16.6522
BJM,HBBA,Bujumbura International Airport,Bujumbura,BI,-3.32402,29.3185
BJO,SLBJ,Bermejo Airport,Bermejo,BO,-22.7733,-64.3129
BJP,SBBP,Aeroporto Estadual Arthur Siqueira Airport,Braganca Paulista,BR,-22.97917,-46.5375
BJR,HABD,Bahir Dar Airport,Bahir Dar,ET,11.6081,37.3216
BJU,VNBR,Bajura Airport,Bajura,NP,29.502,81.669
BJV,LTFE,Milas Bodrum International Airport,Bodrum,TR,37.2506,27.6643
BJW,WATB,Soa Airport,Bajawa,ID,-8.70867,121.05717
BJX,MMLO,Del Bajio International Airport,Silao,MX,20.9935,-101.481
BJY,LYBT,Batajnica Air Base,Batajnica,RS,44.9353,20.2575
BJZ,LEBZ,Badajoz Airport,Badajoz,ES,38.8913,-6.82133
BKA,UUBB,Bykovo Airport,Moscow,RU,55.6172,38.06
BKB,VIBK,Nal Airport,Bikaner,IN,28.0706,73.2072
BKC,PABL,Buckland Airport,Buckland,US,65.981556,-161.149139
BKD,KBKD,Stephens County Airport,Breckenridge,US,32.718756,-98.891596
BKE,KBKE,Baker City Municipal Airport,Baker City,US,44.837346,-117.80914
BKG,KBBG,Branson Airport,Branson,US,36.532083,-93.200544
BKH,PHBK,Barking Sands Pmrf Airport,"Kekaha,Kauai",US,22.022773,-159.785068
BKI,WBKK,Kota Kinabalu International Airport,Kota Kinabalu,MY,5.93721,116.051
BKJ,GUOK,Boke Airport,Boke,GN,10.9658,-14.2811
BKK,VTBS,Suvarnabhumi Airport,Bangkok,TH,13.6811,100.747
BKL,KBKL,Burke Lakefront Airport,Cleveland,US,41.517861,-81.682639
BKM,WBGQ,Bakalalan Airport,Bakalalan,MY,3.974,115.618
BKN,UTAN,Balkanabat International Airport,Jebel,TM,39.6805,54.204667
BKO,GABS,Senou Airport,Senou,ML,12.5335,-7.94994
BKP,YBAW,Barkly Downs Airport,,AU,-20.49583,138.47472
BKQ,YBCK,Blackall Airport,Blackall,AU,-24.4278,145.429
BKR,FTTK,Bokoro Airport,Bokoro,TD,12.383,17.067
BKS,WIPL,Padang Kemiling (Fatmawati Soekarno) Airport,"Bengkulu, Sumatra Island",ID,-3.8637,102.339
BKT,KBKT,Allan C Perkinson/Blackstone Army Air Field,Blackstone,US,37.074738,-77.951812
BKU,FMSV,Betioky Airport,Betioky,MG,-23.733,44.389
BKW,KBKW,Raleigh County Memorial Airport,Beckley,US,37.787333,-81.124167
BKX,KBKX,Brookings Regional Airport,Brookings,US,44.304528,-96.818917
BKY,FZMA,Bukavu Kavumu Airport,,CD,-2.30898,28.8088
BKZ,HTBU,Bukoba Airport,Bukoba,TZ,-1.332,31.8212
BLA,SVBC,General Jose Antonio Anzoategui International Airport,Barcelona,VE,10.1071,-64.6892
BLB,MPPA,Howard/Panama Pacifico International Airport,Panama City,PA,8.91479,-79.5996
BLC,FKKG,Bali Airport,Bali,CM,5.89528,10.03389
BLD,KBVU,Boulder City Municipal Airport,Boulder City,US,35.947308,-114.861084
BLE,ESSD,Borlange Airport,,SE,60.422,15.5152
BLF,KBLF,Mercer County Airport,Bluefield,US,37.295947,-81.207518
BLG,WBGC,Belaga Airport,Belaga,MY,2.65,113.767
BLH,KBLH,Blythe Airport,Blythe,US,33.619167,-114.716889
BLI,KBLI,Bellingham International Airport,Bellingham,US,48.792694,-122.537528
BLJ,DABT,Batna Airport,Batna,DZ,35.7521,6.30859
BLK,EGNH,Blackpool International Airport,Blackpool,GB,53.7717,-3.02861
BLL,EKBI,Billund Airport,Billund,DK,55.7403,9.15178
BLM,KBLM,Monmouth Executive Airport,Belmar/Farmingdale,US,40.186778,-74.124556
BLN,YBLA,Benalla Airport,,AU,-36.5519,146.007
BLO,BIBL,Hjaltabakki Airport,Blönduós,IS,65.645,-20.2875
BLP,SPBL,Huallaga Airport,Bellavista,PE,-7.06056,-76.5822
BLQ,LIPE,Bologna / Borgo Panigale Airport,Bologna,IT,44.5354,11.2887
BLR,VOBL,Bengaluru International Airport,Bangalore,IN,13.1979,77.7063
BLS,YBLL,Bollon Airport,,AU,-28.0583,147.483
BLT,YBTR,Blackwater Airport,,AU,-23.6031,148.80701
BLU,KBLU,Blue Canyon - Nyack Airport,Emigrant Gap,US,39.274972,-120.70975
BLV,KBLV,Scott Afb/Midamerica St Louis Airport,Belleville,US,38.545173,-89.835186
BLX,LIDB,Belluno Airport,Belluno,IT,46.1675,12.2479
BLY,EIBT,Belmullet Aerodrome,Belmullet,IE,54.2228,-10.0308
BLZ,FWCL,Chileka International Airport,Blantyre,MW,-15.6791,34.974
BMA,ESSB,Stockholm-Bromma Airport,Stockholm,SE,59.3544,17.9417
BMB,FZFU,Bumbar Airport,Bumbar,CD,2.18278,22.4817
BMC,KBMC,Brigham City Regional Airport,Brigham City,US,41.554306,-112.06225
BMD,FMML,Belo sur Tsiribihina Airport,Belo sur Tsiribihina,MG,-19.6867,44.5419
BME,YBRM,Broome International Airport,Broome,AU,-17.9447,122.232
BMF,FEGM,Bakouma Airport,Bakouma,CF,5.694,22.801
BMG,KBMG,Monroe County Airport,Bloomington,US,39.146021,-86.61668
BMI,KBMI,Central Il Regional/Bloomington-Normal Airport,Bloomington/Normal,US,40.477111,-88.915917
BMJ,SYBR,Baramita Airport,Baramita,GY,7.37012,-60.488
BMK,EDWR,Borkum Airport,Borkum,DE,53.59639,6.70917
BML,KBML,Berlin Regional Airport,Berlin,US,44.575361,-71.175917
BMM,FOOB,Bitam Airport,Bitam,GA,2.07564,11.4932
BMN,ORBB,Bamarni Airport,Bamarni,IQ,37.0988,43.2666
BMO,VYBM,Banmaw Airport,Banmaw,MM,24.269,97.2462
BMP,YBPI,Brampton Island Airport,,AU,-20.8033,149.27
BMR,EDWZ,Baltrum Airport,Baltrum,DE,53.72472,7.37333
BMS,SNBU,Socrates Mariani Bittencourt Airport,Brumado,BR,-14.2554,-41.8175
BMT,KBMT,Beaumont Municipal Airport,Beaumont,US,30.070204,-94.215097
BMU,WADB,Muhammad Salahuddin Airport,Bima-Sumbawa Island,ID,-8.53965,118.687
BMV,VVBM,Buon Ma Thuot Airport,Buon Ma Thuot,VN,12.6683,108.12
BMW,DATM,Bordj Badji Mokhtar Airport,Bordj Badji Mokhtar,DZ,21.375,0.92389
BMX,PABM,Big Mountain Airport,Big Mountain,US,59.361247,-155.258821
BMY,NWWC,Ile Art - Waala Airport,Waala,NC,-19.7206,163.661
BNA,KBNA,Nashville International Airport,Nashville,US,36.124475,-86.678181
BNB,FZGN,Boende Airport,Boende,CD,-0.217,20.85
BNC,FZNP,Beni Airport,Beni,CD,0.575,29.4739
BND,OIKB,Bandar Abbas International Airport,Bandar Abbas,IR,27.2183,56.3778
BNE,YBBN,Brisbane International Airport,Brisbane,AU,-27.3842,153.117
BNG,KBNG,Banning Municipal Airport,Banning,US,33.922556,-116.850972
BNI,DNBE,Benin Airport,Benin,NG,6.31698,5.5995
BNJ,EDKB,Bonn-Hangelar Airport,Bonn,DE,50.76889,7.16333
BNK,YBNA,Ballina Byron Gateway Airport,Ballina,AU,-28.8339,153.562
BNL,KBNL,Barnwell Regional Airport,Barnwell,US,33.257668,-81.388219
BNN,ENBN,Brønnøysund Airport,Brønnøy,NO,65.4611,12.2175
BNO,KBNO,Burns Municipal Airport,Burns,US,43.591906,-118.955437
BNP,OPBN,Bannu Airport,Bannu,PK,32.9729,70.5279
BNR,DFOB,Banfora Airport,Banfora,BF,10.683,-4.717
BNS,SVBI,Barinas Airport,Barinas,VE,8.61957,-70.2208
BNU,SSBL,Blumenau Airport,Blumenau,BR,-26.8306,-49.0903
BNW,KBNW,Boone Municipal Airport,Boone,US,42.049556,-93.847611
BNX,LQBK,Banja Luka International Airport,Banja Luka,BA,44.9414,17.2975
BNY,AGGB,Bellona/Anua Airport,Anua,SB,-11.30222,159.79833
BOA,FZAJ,Boma Airport,Boma,CD,-5.854,13.064
BOB,NTTB,Bora Bora Airport,Motu Mute,PF,-16.4444,-151.75101
BOC,MPBO,Bocas Del Toro International Airport,Isla Colon,PA,9.34085,-82.2508
BOD,LFBD,Bordeaux-Merignac (BA 106) Airport,Bordeaux/Merignac,FR,44.8283,-0.71556
BOE,FCOB,Boundji Airport,Boundji,CG,-1.033,15.383
BOG,SKBO,El Dorado International Airport,Bogota,CO,4.70159,-74.1469
BOH,EGHH,Bournemouth Airport,Bournemouth,GB,50.78,-1.8425
BOI,KBOI,Boise Air Trml/Gowen Field,Boise,US,43.564361,-116.222861
BOJ,LBBG,Burgas Airport,Burgas,BG,42.5696,27.5152
BOK,KBOK,Brookings Airport,Brookings,US,42.073944,-124.289778
BOL,EGQB,Ballykelly Airport,Ballykelly,GB,55.0603,-7.02028
BOM,VABB,Chhatrapati Shivaji International Airport,Mumbai,IN,19.0887,72.8679
BON,TNCB,Flamingo International Airport,Kralendijk,BQ,12.131,-68.2685
BOO,ENBO,Bodø Airport,Bodø,NO,67.2692,14.3653
BOP,FEFO,Bouar Airport,Bouar,CF,5.958,15.637
BOS,KBOS,General Edward Lawrence Logan International Airport,Boston,US,42.362944,-71.006389
BOU,LFLD,Bourges Airport,Bourges,FR,47.0581,2.37028
BOW,KBOW,Bartow Executive Airport,Bartow,US,27.943359,-81.783437
BOX,YBRL,Borroloola Airport,,AU,-16.0753,136.302
BOY,DFOO,Bobo Dioulasso Airport,Bobo Dioulasso,BF,11.1601,-4.33097
BOZ,FEGZ,Bozoum Airport,Bozoum,CF,6.34417,16.3219
BPC,FKKV,Bamenda Airport,Bamenda,CM,6.03924,10.1226
BPE,ZBDH,Qinhuangdao Beidaihe Airport,Qinhuangdao,CN,39.66639,119.05889
BPF,AGBT,Batuna Aerodrome,Batuna Mission Station,SB,-8.56203,158.11931
BPG,SBBW,Barra do Garcas Airport,Barra Do Garcas,BR,-15.8613,-52.3889
BPH,RPMF,Bislig Airport,,PH,8.19595,126.322
BPI,KBPI,Miley Memorial Field,Big Piney,US,42.582222,-110.108861
BPL,ZWBL,Alashankou Bole (Bortala) airport,Bole,CN,44.895,82.3
BPM,VOHY,Begumpet Airport,Hyderabad,IN,17.4531,78.4676
BPN,WALL,Sepinggan International Airport,"Balikpapan, Borneo Island",ID,-1.26827,116.894
BPR,RPVW,Borongan Airport,Borongan City,PH,11.6743,125.479
BPS,SBPS,Porto Seguro Airport,Porto Seguro,BR,-16.4386,-39.0809
BPT,KBPT,Jack Brooks Regional Airport,Beaumont/Port Arthur,US,29.950831,-94.020699
BPX,ZUBD,Qamdo Bangda Airport,Bangda,CN,30.5536,97.1083
BPY,FMNQ,Besalampy Airport,,MG,-16.74453,44.48248
BQA,RPUR,Dr.Juan C. Angara Airport,Baler,PH,15.7298,121.5
BQB,YBLN,Busselton Regional Airport,Busselton,AU,-33.68842,115.4016
BQE,GGBU,Bubaque Airport,Bubaque,GW,11.29736,-15.83808
BQG,UHNB,Bogorodskoye Airport,Bogorodskoye,RU,52.38,140.448
BQH,EGKB,London Biggin Hill Airport,London,GB,51.3308,0.0325
BQK,KBQK,Brunswick Golden Isles Airport,Brunswick,US,31.259035,-81.466316
BQL,YBOU,Boulia Airport,,AU,-22.9133,139.89999
BQN,TJBQ,Rafael Hernandez Airport,Aguadilla,US,18.494852,-67.129442
BQO,DIBN,Bouna Airport,Bouna,CI,9.2775,-3.02528
BQQ,SNBX,Barra Airport,Barra,BR,-11.0808,-43.1475
BQS,UHBB,Ignatyevo Airport,Blagoveschensk,RU,50.4254,127.412
BQT,UMBB,Brest Airport,Brest,BY,52.1083,23.8981
BQU,TVSB,J F Mitchell Airport,Bequia,VC,12.9884,-61.262
BQW,YBGO,Balgo Hill Airport,,AU,-20.1483,127.973
BRA,SNBR,Barreiras Airport,Barreiras,BR,-12.0789,-45.009
BRB,SSRS,Barreirinhas Airport,Barreirinhas,BR,-2.75556,-42.81
BRC,SAZS,San Carlos De Bariloche Airport,San Carlos de Bariloche,AR,-41.1512,-71.1575
BRD,KBRD,Brainerd Lakes Regional Airport,Brainerd,US,46.404222,-94.133806
BRE,EDDW,Bremen Airport,Bremen,DE,53.0475,8.78667
BRI,LIBD,Bari / Palese International Airport,Bari,IT,41.1389,16.7606
BRK,YBKE,Bourke Airport,,AU,-30.0392,145.952
BRL,KBRL,Southeast Iowa Regional Airport,Burlington,US,40.782972,-91.125583
BRM,SVBM,Barquisimeto International Airport,Barquisimeto,VE,10.04275,-69.35862
BRN,LSZB,Bern Belp Airport,Bern,CH,46.9141,7.49715
BRO,KBRO,Brownsville/South Padre Island International Airport,Brownsville,US,25.906139,-97.426
BRQ,LKTB,Brno-Turany Airport,Brno,CZ,49.1513,16.6944
BRR,EGPR,Barra Airport,Eoligarry,GB,57.0228,-7.44306
BRS,EGGD,Bristol International Airport,Bristol,GB,51.3827,-2.71909
BRT,YBTI,Bathurst Island Airport,,AU,-11.7692,130.62
BRU,EBBR,Brussels Airport,Brussels,BE,50.5405,4.2904
BRW,PABR,Wiley Post-Will Rogers Memorial Airport,Utqiagvik,US,71.284861,-156.768583
BRX,MDBH,Maria Montez International Airport,Barahona,DO,18.2515,-71.1204
BRY,KBRY,Samuels Field,Bardstown,US,37.814322,-85.499639
BSA,HCMF,Bosaso Airport,Bosaso,SO,11.2753,49.1494
BSB,SBBR,Presidente Juscelino Kubistschek International Airport,Brasilia,BR,-15.86917,-47.92083
BSC,SKBS,Jose Celestino Mutis Airport,Bahia Solano,CO,6.20292,-77.3947
BSD,ZPBS,Baoshan Yunduan Airport,,CN,25.0533,99.1683
BSE,WBGN,Sematan Airport,Sematan,MY,1.81361,109.763
BSF,PHSF,Bradshaw Army Airfield,Camp Pohakuloa,US,19.760013,-155.553766
BSG,FGBT,Bata Airport,,GQ,1.90547,9.80568
BSJ,YBNS,Bairnsdale Airport,,AU,-37.8875,147.56799
BSK,DAUB,Biskra Airport,Biskra,DZ,34.7933,5.73823
BSL,LFSB,EuroAirport Basel-Mulhouse-Freiburg Airport,Bale/Mulhouse,FR,47.5896,7.52991
BSM,OINJ,Bishe Kola Air Base,Amol,IR,36.6551,52.3496
BSN,FEFS,Bossangoa Airport,Bossangoa,CF,6.492,17.429
BSO,RPUO,Basco Airport,Basco,PH,20.4513,121.98
BSQ,KP04,Bisbee Municipal Airport,Bisbee,US,31.368867,-109.883568
BSR,ORMM,Basrah International Airport,Basrah,IQ,30.5491,47.6621
BSS,SNBS,Balsas Airport,Balsas,BR,-7.52603,-46.0533
BST,OABT,Bost Airport,Bost,AF,31.5597,64.365
BSU,FZEN,Basankusu Airport,Basankusu,CD,1.22472,19.7889
BSW,AK97,Boswell Bay Airport,Boswell Bay,US,60.423064,-146.145909
BSX,VYPN,Pathein Airport,Pathein,MM,16.8152,94.7799
BSY,HCMD,Bardera Airport,,SO,2.33611,42.30778
BSZ,UCFM,Manas International Airport,Bishkek,KG,43.0613,74.4776
BTA,FKKO,Bertoua Airport,Bertoua,CM,4.54861,13.7261
BTB,FCOT,Betou Airport,Betou,CG,3.05,18.5
BTC,VCCB,Batticaloa Airport,Batticaloa,LK,7.70576,81.6788
BTD,YBRU,Brunette Downs Airport,,AU,-18.64,135.938
BTE,GFBN,Sherbro International Airport,Bonthe,SL,7.53242,-12.5189
BTF,KBTF,Skypark Airport,Bountiful,US,40.868149,-111.927499
BTG,FEGF,Batangafo Airport,Batangafo,CF,7.31411,18.3088
BTH,WIDD,Hang Nadim Airport,"Batam, Batam Island",ID,1.12103,104.119
BTI,PABA,Barter Island Airport,Barter Island,US,70.113111,-143.653611
BTJ,WITT,Sultan Iskandarmuda Airport,"Banda Aceh, Sumatra Island",ID,5.52352,95.4204
BTK,UIBB,Bratsk Airport,Bratsk,RU,56.3706,101.698
BTL,KBTL,Battle Creek Executive At Kellogg Field,Battle Creek,US,42.306474,-85.250089
BTM,KBTM,Bert Mooney Airport,Butte,US,45.954806,-112.497472
BTN,KBBP,Marlboro County Jetport/H E Avent Field,Bennettsville,US,34.621709,-79.734359
BTO,SMBO,Botopasi Airport,Botopasi,SR,4.21751,-55.44705
BTP,KBTP,Pittsburgh/Butler Regional Airport,Butler,US,40.776583,-79.951083
BTQ,HRYI,Butare Airport,Butare,RW,-2.59583,29.7367
BTR,KBTR,"Baton Rouge Metro, Ryan Field",Baton Rouge,US,30.532917,-91.149889
BTS,LZIB,M. R. Stefanik Airport,Bratislava,SK,48.1702,17.2127
BTT,PABT,Bettles Airport,Bettles,US,66.913944,-151.529056
BTU,WBGB,Bintulu Airport,Bintulu,MY,3.12385,113.02
BTV,KBTV,Patrick Leahy Burlington International Airport,Burlington,US,44.471955,-73.153276
BTW,WAOC,Batu Licin Airport,"Batu Licin, Borneo Island",ID,-3.41241,115.995
BTX,YBEO,Betoota Airport,,AU,-25.6417,140.783
BTY,KBTY,Beatty Airport,Beatty,US,36.861133,-116.786399
BTZ,LTBE,Bursa Airport,Bursa,TR,40.2333,29.0092
BUA,AYBK,Buka Airport,Buka Island,PG,-5.42232,154.673
BUB,KBUB,Cram Field,Burwell,US,41.777577,-99.150212
BUC,YBKT,Burketown Airport,,AU,-17.7486,139.534
BUD,LHBP,Budapest Ferenc Liszt International Airport,Budapest,HU,47.4369,19.2556
BUF,KBUF,Buffalo Niagara International Airport,Buffalo,US,42.940427,-78.73057
BUG,FNBG,Benguela Airport,Benguela,AO,-12.609,13.4037
BUI,WAJB,Bokondini Airport,Bokondini-Papua Island,ID,-3.58365,138.53345
BUJ,DAAD,Bou Saada Airport,,DZ,35.3325,4.20639
BUL,AYBU,Bulolo Airport,Bulolo,PG,-7.21629,146.64954
BUM,KBUM,Butler Memorial Airport,Butler,US,38.289767,-94.340128
BUN,SKBU,Gerardo Tobar Lopez Airport,Buenaventura,CO,3.81963,-76.9898
BUO,HCMV,Burao Airport,Burao,SO,9.5275,45.5549
BUP,VIBT,Bhatinda Air Force Station,,IN,30.2701,74.7558
BUQ,FVBU,Joshua Mqabuko Nkomo International Airport,Bulawayo,ZW,-20.0174,28.6179
BUR,KBUR,Hollywood Burbank Airport,Burbank,US,34.200694,-118.358667
BUS,UGSB,Batumi International Airport,Batumi,GE,41.6103,41.5997
BUT,VQBT,Bathbalathang Domestic Airport,Jakar,BT,27.562167,90.747167
BUW,WAWB,Betoambari Airport,Bau Bau-Butung Island,ID,-5.48688,122.569
BUX,FZKA,Bunia Airport,,CD,1.56572,30.2208
BUY,YBUN,Bunbury Airport,,AU,-33.3783,115.677
BUZ,OIBB,Bushehr Airport,Bushehr,IR,28.9448,50.8346
BVA,LFOB,Paris Beauvais Tille Airport,Beauvais/Tille,FR,49.4544,2.11278
BVB,SBBV,Atlas Brasil Cantanhede Airport,Boa Vista,BR,2.84139,-60.69222
BVC,GVBA,Rabil Airport,Rabil,CV,16.1365,-22.8889
BVE,LFSL,Brive Souillac Airport,Nespouls,FR,45.03967,1.4855
BVG,ENBV,Berlevåg Airport,Berlevåg,NO,70.8714,29.0342
BVH,SBVH,Vilhena Airport,Vilhena,BR,-12.6944,-60.0983
BVI,YBDV,Birdsville Airport,,AU,-25.8975,139.34801
BVJ,USDB,Bovanenkovo,Bovanenkovo,RU,70.31528,68.33361
BVK,SLHJ,Huacaraje Airport,Itenes,BO,-13.55,-63.7479
BVL,SLBA,Baures Airport,Baures,BO,-13.58333,-63.58333
BVM,SNBL,Belmonte Airport,Belmonte,BR,-15.8717,-38.8719
BVO,KBVO,Bartlesville Municipal Airport,Bartlesville,US,36.763361,-96.011194
BVR,GVBR,Esperadinha Airport,Brava Island,CV,14.86431,-24.746
BVS,SNVS,Breves Airport,Breves,BR,-1.63653,-50.4436
BVU,PABG,Beluga Airport,Beluga,US,61.172962,-151.045416
BVV,UHSB,Burevestnik Airport,Iturup Island,RU,44.92,147.62199
BVX,KBVX,Batesville Regional Airport,Batesville,US,35.726222,-91.647444
BVY,KBVY,Beverly Regional Airport,Beverly,US,42.584141,-70.916144
BVZ,YBYS,Beverley Springs Airport,,AU,-16.7333,125.433
BWA,VNBW,Bhairahawa Airport,Bhairawa,NP,27.5057,83.4163
BWB,YBWX,Barrow Island Airport,,AU,-20.8644,115.406
BWC,KBWC,Brawley Municipal Airport,Brawley,US,32.992937,-115.517263
BWD,KBWD,Brownwood Regional Airport,Brownwood,US,31.793611,-98.9565
BWE,EDVE,Braunschweig Wolfsburg Airport,,DE,52.3192,10.5561
BWF,EGNL,Barrow Walney Island Airport,Barrow-in-Furness,GB,54.1312,-3.26367
BWG,KBWG,Bowling Green-Warren County Regional Airport,Bowling Green,US,36.964528,-86.419667
BWH,WMKB,Butterworth Airport,Butterworth,MY,5.46592,100.391
BWI,KBWI,Baltimore/Washington International Thurgood Marshall Airport,Baltimore,US,39.175728,-76.668991
BWK,LDSB,Brac Airport,Brac Island,HR,43.2857,16.6797
BWL,KBKN,Blackwell-Tonkawa Municipal Airport,Blackwell,US,36.745111,-97.349583
BWN,WBSB,Brunei International Airport,Bandar Seri Begawan,BN,4.9442,114.928
BWO,UWSB,Balakovo Airport,Balakovo,RU,51.8583,47.7456
BWQ,YBRW,Brewarrina Airport,,AU,-29.9739,146.817
BWT,YWYY,Wynyard Airport,Burnie,AU,-40.9989,145.731
BWU,YSBK,Sydney Bankstown Airport,Sydney,AU,-33.9244,150.98801
BWW,MUBR,Las Brujas Airport,Cayo Santa Maria,CU,22.6213,-79.1472
BXA,KBXA,George R Carr Memorial Air Field,Bogalusa,US,30.813686,-89.864964
BXB,WASO,Babo Airport,Babo-Papua Island,ID,-2.53224,133.439
BXD,WAKE,Bade Airport,Bade-Papua Island,ID,-7.71463,139.575
BXE,GOTB,Bakel Airport,Bakel,SN,14.8473,-12.4683
BXF,YBEB,Pumululu National Park,Bellburn,AU,-17.545,128.305
BXG,YBDG,Bendigo Airport,,AU,-36.7394,144.33
BXH,UAAH,Balkhash Airport,Balkhash,KZ,46.8933,75.005
BXI,DIBI,Boundiali Airport,Boundiali,CI,9.533,-6.467
BXJ,UAAR,Boralday Airport,Aima Ata,KZ,43.3526,76.8837
BXK,KBXK,Buckeye Municipal Airport,Buckeye,US,33.422534,-112.686234
BXN,LTBV,Imsik Airport,Bodrum,TR,37.1401,27.6697
BXO,LSZC,Buochs Airport,Buochs,CH,46.97444,8.39694
BXR,OIKM,Bam Airport,,IR,29.0842,58.45
BXS,KL08,Borrego Valley Airport,Borrego Springs,US,33.259028,-116.320972
BXT,WRLC,Bontang Airport,"Bontang, Borneo Island",ID,0.11969,117.475
BXU,RPME,Bancasi Airport,Butuan City,PH,8.95132,125.478
BXV,BIBV,Breiðdalsvík Airport,Breiðdalsvík,IS,64.79,-14.0228
BXY,UAOL,Krainiy Airport,Baikonur,KZ,45.622,63.215
BYA,KBYA,Boundary Airport,Boundary,US,64.078303,-141.113375
BYC,SLYA,Yacuiba Airport,Yacuiba,BO,-21.9609,-63.6517
BYD,OYBI,Al-Bayda Airport,Al-Bayda,YE,13.967,45.583
BYF,LFAQ,Albert-Bray Airport,Albert/Bray,FR,49.9715,2.69766
BYG,KBYG,Johnson County Airport,Buffalo,US,44.381083,-106.721806
BYH,KBYH,Arkansas International Airport,Blytheville,US,35.964333,-89.943944
BYI,KBYI,Burley Municipal Airport,Burley,US,42.542611,-113.771528
BYJ,LPBJ,Beja International Airport,Beja,PT,38.0789,-7.9324
BYK,DIBK,Bouake Airport,,CI,7.7388,-5.07367
BYM,MUBY,Carlos Manuel de Cespedes Airport,Bayamo,CU,20.3964,-76.6214
BYN,ZMBH,Bayankhongor Airport,Bayankhongor,MN,46.1633,100.704
BYO,SBDB,Bonito Airport,Bonito,BR,-21.22944,-56.45611
BYP,YBRY,Barimunya Airport,,AU,-22.6739,119.166
BYR,EKLS,Laeso Airport,Laeso,DK,57.2772,11.0001
BYS,KBYS,Bicycle Lake Army Air Field,Fort Irwin/Barstow,US,35.28053,-116.630029
BYT,EIBN,Bantry Aerodrome,Bantry,IE,51.6686,-9.48417
BYU,EDQD,Bayreuth Airport,Bayreuth,DE,49.985,11.64
BYW,38WA,Blakely Island Airport,Blakely Island,US,48.578992,-122.826291
BZA,MNBZ,San Pedro Airport,Bonanza,NI,13.95,-84.6
BZC,SBBZ,Umberto Modiano Airport,Cabo Frio,BR,-22.771,-41.9629
BZD,YBRN,Balranald Airport,,AU,-34.6236,143.578
BZE,MZBZ,Philip S. W. Goldson International Airport,Belize City,BZ,17.5391,-88.3082
BZF,KO85,Benton Field,Redding,US,40.57368,-122.407336
BZG,EPBY,Bydgoszcz Ignacy Jan Paderewski Airport,Bydgoszcz,PL,53.0968,17.9777
BZI,LTBF,Balikesir Merkez Airport,Balikesir,TR,39.6193,27.926
BZK,UUBP,Bryansk Airport,Bryansk,RU,53.2142,34.1764
BZL,VGBR,Barisal Airport,Barisal,BD,22.801,90.3012
BZN,KBZN,Bozeman Yellowstone International Airport,Bozeman,US,45.777236,-111.15026
BZO,LIPB,Bolzano Airport,Bolzano,IT,46.4602,11.3264
BZP,YBIZ,Bizant Airport,Lakefield National Park,AU,-14.74028,144.11944
BZR,LFMU,Beziers-Vias Airport,Beziers/Vias,FR,43.3235,3.3539
BZT,2TE0,Eagle Air Park,Brazoria,US,28.982194,-95.579669
BZU,FZKJ,Buta Zega Airport,,CD,2.81835,24.7937
BZV,FCBB,Maya-Maya Airport,Brazzaville,CG,-4.2517,15.253
BZX,ZUBZ,Bazhong Enyang Airport,Bazhong,CN,31.738,106.645
BZY,LUBL,Balţi International Airport,Strymba,MD,47.8381,27.7815
BZZ,EGVN,RAF Brize Norton,Brize Norton,GB,51.75,-1.58362
CAA,MHCA,Catacamas Airport,Catacamas,HN,14.917,-85.9
CAB,FNCA,Cabinda Airport,Cabinda,AO,-5.59699,12.1884
CAC,SBCA,Cascavel Airport,Cascavel,BR,-25.0003,-53.5008
CAD,KCAD,Wexford County Airport,Cadillac,US,44.275348,-85.418944
CAE,KCAE,Columbia Metro Airport,Columbia,US,33.938838,-81.119536
CAF,SWCA,Carauari Airport,Carauari,BR,-4.87152,-66.8975
CAG,LIEE,Cagliari / Elmas Airport,Cagliari,IT,39.2515,9.05428
CAH,VVCM,Ca Mau Airport,Ca Mau City,VN,9.17767,105.17778
CAI,HECA,Cairo International Airport,Cairo,EG,30.1219,31.4056
CAJ,SVCN,Canaima Airport,Canaima,VE,6.23199,-62.85443
CAK,KCAK,Akron-Canton Regional Airport,Akron,US,40.915056,-81.443639
CAL,EGEC,Campbeltown Airport,Campbeltown,GB,55.4372,-5.68639
CAM,SLCA,Camiri Airport,Camiri,BO,-20.0064,-63.5278
CAN,ZGGG,Guangzhou Baiyun International Airport,Guangzhou,CN,23.3924,113.299
CAO,KCAO,Clayton Municipal Airpark,Clayton,US,36.446291,-103.149932
CAP,MTCH,Cap Haitien International Airport,Cap Haitien,HT,19.733,-72.1947
CAQ,SKCU,Juan H White Airport,Caucasia,CO,7.96847,-75.1985
CAR,KCAR,Caribou Municipal Airport,Caribou,US,46.871639,-68.018194
CAT,LPCS,Cascais Airport,Cascais,PT,38.725,-9.35523
CAU,SNRU,Caruaru Airport,Caruaru,BR,-8.28239,-36.0135
CAV,FNCZ,Cazombo Airport,Cazombo,AO,-11.8931,22.9164
CAW,SBCP,Bartolomeu Lisandro Airport,Campos Dos Goytacazes,BR,-21.6983,-41.3017
CAX,EGNC,Carlisle Airport,Carlisle,GB,54.9375,-2.80917
CAY,SOCA,Cayenne-Rochambeau Airport,Cayenne / Rochambeau,GF,4.81981,-52.3604
CAZ,YCBA,Cobar Airport,,AU,-31.5383,145.79401
CBB,SLCB,Jorge Wilsterman International Airport,Cochabamba,BO,-17.4211,-66.1771
CBD,VOCX,Car Nicobar Air Force Station,,IN,9.15251,92.8196
CBE,KCBE,Greater Cumberland Regional Airport,Cumberland,US,39.615667,-78.762282
CBF,KCBF,Council Bluffs Municipal Airport,Council Bluffs,US,41.260111,-95.758639
CBG,EGSC,Cambridge Airport,Cambridge,GB,52.205,0.175
CBH,DAOR,Bechar Boudghene Ben Ali Lotfi Airport,Bechar,DZ,31.6457,-2.26986
CBI,YCBN,Cape Barren Island Airport,,AU,-40.3917,148.017
CBJ,MDCR,Cabo Rojo Airport,Cabo Rojo,DO,17.929,-71.6448
CBK,KCBK,Shalz Field,Colby,US,39.427459,-101.04662
CBL,SVCB,Ciudad Bolivar Airport,,VE,8.12216,-63.53696
CBM,KCBM,Columbus Afb Airport,Columbus,US,33.645175,-88.445919
CBN,WICD,Penggung Airport,"Cirebon, Java Island",ID,-6.75614,108.54
CBO,RPMC,Awang Airport,Cotabato City,PH,7.16524,124.21
CBQ,DNCA,Margaret Ekpo International Airport,Calabar,NG,4.97602,8.3472
CBR,YSCB,Canberra International Airport,Canberra,AU,-35.3069,149.19501
CBS,SVON,Oro Negro Airport,Cabimas,VE,10.3307,-71.3225
CBT,FNCT,Catumbela Airport,Catumbela,AO,-12.4792,13.4869
CBU,EDCD,Cottbus-Drewitz Airport,Cottbus,DE,51.88944,14.53194
CBV,MGCB,Coban Airport,Coban,GT,15.469,-90.4067
CBW,SSKM,Campo Mourao Airport,Campo Mourao,BR,-24.0092,-52.3568
CBX,YCDO,Condobolin Airport,,AU,-33.0644,147.209
CBY,YCBE,Canobie Airport,Canobie,AU,-19.4794,140.927
CCB,KCCB,Cable Airport,Upland,US,34.111609,-117.687388
CCC,MUCC,Jardines Del Rey Airport,Cayo Coco,CU,22.461,-78.3284
CCE,HECP,Capital International Airport,New Administrative Capital,EG,30.072167,31.833333
CCF,LFMK,Carcassonne Airport,Carcassonne/Salvaza,FR,43.216,2.30632
CCG,KE13,Crane County Airport,Crane,US,31.411574,-102.360474
CCH,SCCC,Chile Chico Airport,Chile Chico,CL,-46.5833,-71.6874
CCI,SSCK,Concordia Airport,Concordia,BR,-27.1806,-52.0527
CCJ,VOCL,Calicut International Airport,Calicut,IN,11.1368,75.9553
CCK,YPCC,Cocos (Keeling) Islands Airport,Cocos (Keeling) Islands,CC,-12.1883,96.8339
CCL,YCCA,Chinchilla Airport,,AU,-26.775,150.617
CCM,SBCM,Forquilhinha - Criciuma Airport,Criciuma,BR,-28.72444,-49.42139
CCN,OACC,Chakcharan Airport,Chakcharan,AF,34.533,65.267
CCO,SKCI,Carimagua Airport,Puerto Lopez,CO,4.56417,-71.3364
CCP,SCIE,Carriel Sur Airport,Concepcion,CL,-36.7727,-73.0631
CCR,KCCR,Buchanan Field,Concord,US,37.989657,-122.056902
CCS,SVMI,Maiquetia (Simon Bolivar Internacional) Airport,Caracas,VE,10.60312,-66.99059
CCT,SA30,Colonia Catriel Airport,Colonia Catriel,AR,-37.9102,-67.835
CCU,VECC,Netaji Subhash Chandra Bose International Airport,Kolkata,IN,22.6547,88.4467
CCV,NVSF,Craig Cove Airport,Craig Cove,VU,-16.265,167.924
CCW,YCWL,Cowell Airport,,AU,-33.6667,136.892
CCX,SWKC,Caceres Airport,Caceres,BR,-16.0436,-57.6299
CCY,KCCY,Northeast Iowa Regional Airport,Charles City,US,43.073058,-92.610446
CCZ,MYBC,Chub Cay Airport,,BS,25.4171,-77.8809
CDA,YCOO,Cooinda Airport,,AU,-12.9033,132.532
CDB,PACD,Cold Bay Airport,Cold Bay,US,55.205917,-162.72625
CDC,KCDC,Cedar City Regional Airport,Cedar City,US,37.70097,-113.098851
CDD,MHCU,Cauquira Airport,Cauquira,HN,15.31667,-83.59167
CDE,ZBCD,Chengde Puning Airport,Chengde,CN,41.122919,118.071339
CDG,LFPG,Charles de Gaulle International Airport,Paris,FR,49.0128,2.55
CDH,KCDH,Harrell Field,Camden,US,33.622806,-92.763389
CDI,SNKI,Cachoeiro do Itapemirim Airport,Cachoeiro Do Itapemirim,BR,-20.8343,-41.1856
CDJ,SBAA,Conceicao do Araguaia Airport,Conceicao Do Araguaia,BR,-8.34835,-49.3015
CDK,KCDK,George T Lewis Airport,Cedar Key,US,29.134247,-83.050583
CDL,AK75,Candle 2 Airport,Candle,US,65.907658,-161.926306
CDN,KCDN,Woodward Field,Camden,US,34.283593,-80.564855
CDO,FACD,Cradock Airport,Cradock,ZA,-32.1567,25.6456
CDP,VOCP,Cuddapah Airport,,IN,14.51,78.7728
CDQ,YCRY,Croydon Airport,,AU,-18.225,142.258
CDR,KCDR,Chadron Municipal Airport,Chadron,US,42.837558,-103.095402
CDS,KCDS,Childress Municipal Airport,Childress,US,34.433778,-100.288
CDT,LECH,Castellón Airport,Castellón de la Plana,ES,40.214167,0.073667
CDU,YSCN,Camden Airport,,AU,-34.0403,150.687
CDV,PACV,Merle K (Mudhole) Smith Airport,Cordova,US,60.49164,-145.477558
CDW,KCDW,Essex County Airport,Caldwell,US,40.875225,-74.28135
CDY,RPMU,Cagayan de Sulu Airport,Mapun,PH,7.014,118.496
CEA,KCEA,Cessna Acft Field,Wichita,US,37.648598,-97.250599
CEB,RPVM,Mactan Cebu International Airport,Lapu-Lapu City,PH,10.3075,123.979
CEC,KCEC,Jack Mc Namara Field,Crescent City,US,41.780167,-124.236528
CED,YCDU,Ceduna Airport,,AU,-32.1306,133.71001
CEE,ULWC,Cherepovets Airport,Cherepovets,RU,59.27667,38.02833
CEF,KCEF,Westover Arb/Metro Airport,Springfield/Chicopee,US,42.194016,-72.534787
CEG,EGNR,Hawarden Airport,Hawarden,GB,53.1781,-2.97778
CEH,FWCD,Chelinda Malawi Airport,,MW,-10.55,33.8
CEI,VTCT,Chiang Rai International Airport,Chiang Rai,TH,19.9523,99.8829
CEK,USCC,Chelyabinsk Balandino Airport,Chelyabinsk,RU,55.3058,61.5033
CEL,SSCN,Canela Airport,Canela,BR,-29.3702,-50.832
CEM,PACE,Central Airport,Central,US,65.573944,-144.780889
CEN,MMCN,Ciudad Obregon International Airport,Ciudad Obregon,MX,27.3926,-109.833
CEO,FNWK,Waco Kungo Airport,Waco Kungo,AO,-11.4264,15.1014
CEP,SLCP,Concepcion Airport,Concepcion,BO,-16.1383,-62.0286
CEQ,LFMD,Cannes-Mandelieu Airport,Cannes/Mandelieu,FR,43.542,6.95348
CER,LFRC,Cherbourg-Maupertus Airport,Cherbourg/Maupertus,FR,49.6501,-1.47028
CES,YCNK,Cessnock Airport,,AU,-32.7875,151.342
CET,LFOU,Cholet Le Pontreau Airport,Cholet/Le Pontreau,FR,47.0821,-0.87706
CEU,KCEU,Oconee County Regional Airport,Clemson,US,34.672227,-82.885897
CEV,KCEV,Mettel Field,Connersville,US,39.698194,-85.131139
CEW,KCEW,Bob Sikes Airport,Crestview,US,30.778831,-86.522113
CEX,AK13,Chena Hot Springs Airport,Chena Hot Springs,US,65.051826,-146.047432
CEY,KCEY,Kyle-Oakley Field,Murray,US,36.664581,-88.372776
CEZ,KCEZ,Cortez Municipal Airport,Cortez,US,37.303002,-108.628044
CFB,SBCB,Cabo Frio Airport,Cabo Frio,BR,-22.9217,-42.0743
CFC,SBCD,Caçador Airport,Caçador,BR,-26.788056,-50.939999
CFD,KCFD,Coulter Field,Bryan,US,30.715694,-96.331361
CFE,LFLC,Clermont-Ferrand Auvergne Airport,Clermont-Ferrand/Auvergne,FR,45.7867,3.16917
CFF,FNCF,Cafunfo Airport,Cafunfo,AO,-8.78361,17.9897
CFG,MUCF,Jaime Gonzalez Airport,Cienfuegos,CU,22.15,-80.4142
CFH,YCFH,Clifton Hills Landing Strip,Clifton Hills Station,AU,-27.015879,138.89275
CFI,YCFD,Camfield Airport,,AU,-17.0217,131.327
CFK,DAOI,Chlef Aboubakr Belkaid Airport,Chlef,DZ,36.216828,1.340739
CFN,EIDL,Donegal Airport,Donegal,IE,55.0442,-8.341
CFO,SJHG,Confresa Airport,Confresa,BR,-10.6344,-51.5636
CFQ,CAJ3,Art Sutcliffe Field,Creston,CA,49.0369,-116.498
CFR,LFRK,Caen-Carpiquet Airport,Caen/Carpiquet,FR,49.1733,-0.45
CFS,YSCH,Coffs Harbour Airport,Coffs Harbour,AU,-30.3206,153.116
CFT,KCFT,Greenlee County Airport,Clifton/Morenci,US,32.957039,-109.211162
CFU,LGKR,Ioannis Kapodistrias International Airport,Kerkyra Island,GR,39.6019,19.9117
CFV,KCFV,Coffeyville Municipal Airport,Coffeyville,US,37.094,-95.572
CGA,KCGA,Craig Seaplane Base,Craig,US,55.478831,-133.147801
CGB,SBCY,Marechal Rondon Airport,Cuiaba,BR,-15.6529,-56.1167
CGC,AYCG,Cape Gloucester Airport,Cape Gloucester,PG,-5.455122,148.423082
CGD,ZGCD,Changde Airport,Changde,CN,28.9189,111.64
CGE,KCGE,Cambridge-Dorchester Regional Airport,Cambridge,US,38.539321,-76.030395
CGF,KCGF,Cuyahoga County Airport,Cleveland,US,41.564583,-81.487222
CGH,SBSP,Congonhas Airport,Sao Paulo,BR,-23.62611,-46.65639
CGI,KCGI,Cape Girardeau Regional Airport,Cape Girardeau,US,37.225315,-89.570759
CGJ,FLKE,Kasompe Airport,Kasompe,ZM,-12.5728,27.8939
CGK,WIII,Soekarno-Hatta International Airport,Jakarta,ID,-6.12557,106.656
CGL,SPGL,Chagual Airport,Chagual,PE,-7.797222,-77.651389
CGM,RPMH,Camiguin Airport,,PH,9.25352,124.707
CGN,EDDK,Cologne Bonn Airport,Cologne,DE,50.8659,7.14274
CGO,ZHCC,Xinzheng Airport,Zhengzhou,CN,34.5197,113.841
CGP,VGEG,Shah Amanat International Airport,Chittagong,BD,22.2496,91.8133
CGQ,ZYCC,Longjia Airport,Changchun,CN,43.9962,125.685
CGR,SBCG,Campo Grande Airport,Campo Grande,BR,-20.4687,-54.6725
CGS,KCGS,College Park Airport,College Park,US,38.980478,-76.922169
CGV,YCAG,Caiguna Airport,,AU,-32.265,125.493
CGY,RPMY,Laguindingan Intl,Laguindingan,PH,8.6125,124.45694
CGZ,KCGZ,Casa Grande Municipal Airport,Casa Grande,US,32.954898,-111.76682
CHA,KCHA,Lovell Field,Chattanooga,US,35.035194,-85.203556
CHB,OPCL,Chilas Airport,Chilas,PK,35.4267,74.0817
CHC,NZCH,Christchurch International Airport,Christchurch,NZ,-43.4894,172.532
CHF,RKPE,Jinhae Airport,Jinhae,KR,35.1412,128.696
CHG,ZYCY,Chaoyang Airport,Chaoyang,CN,41.5381,120.435
CHH,SPPY,Chachapoyas Airport,Chachapoyas,PE,-6.20181,-77.8561
CHJ,FVCH,Chipinge Airport,Chipinge,ZW,-20.2067,32.6283
CHK,KCHK,Chickasha Municipal Airport,Chickasha,US,35.09714,-97.967681
CHL,KLLJ,Challis Airport,Challis,US,44.523607,-114.217939
CHM,SPEO,Teniente FAP Jaime A De Montreuil Morales Airport,Chimbote,PE,-9.14961,-78.5238
CHO,KCHO,Charlottesville-Albemarle Airport,Charlottesville,US,38.139643,-78.452344
CHP,KCHP,Circle Hot Springs Airport,Circle Hot Springs,US,65.485907,-144.611685
CHQ,LGSA,Chania International Airport,Souda,GR,35.5317,24.1497
CHR,LFLX,Chateauroux-Deols Marcel Dassault Airport,Chateauroux/Deols,FR,46.8622,1.73067
CHS,KCHS,Charleston Afb/International Airport,Charleston,US,32.898639,-80.040528
CHT,NZCI,Chatham Islands-Tuuta Airport,Waitangi,NZ,-43.81,-176.457
CHU,PACH,Chuathbaluk Airport,Chuathbaluk,US,61.579056,-159.215639
CHX,MPCH,Cap Manuel Nino International Airport,Changuinola,PA,9.45864,-82.5168
CHY,AGGC,Choiseul Bay Airport,,SB,-6.71194,156.39611
CHZ,K2S7,Chiloquin State Airport,Chiloquin,US,42.579318,-121.879014
CIA,LIRA,Ciampino Airport,Roma,IT,41.7994,12.5949
CIC,KCIC,Chico Regional Airport,Chico,US,39.795389,-121.858417
CID,KCID,The Eastern Iowa Airport,Cedar Rapids,US,41.884694,-91.710806
CIE,YCOI,Collie Airport,,AU,-33.3667,116.217
CIF,ZBCF,Chifeng Airport,Chifeng,CN,42.235,118.908
CIG,KCAG,Craig-Moffat Airport,Craig,US,40.495222,-107.521667
CIH,ZBCZ,Changzhi Airport,Changzhi,CN,36.2475,113.126
CII,LTBD,Cildir Airport,Aydin,TR,37.815,27.8953
CIJ,SLCO,Capitan Anibal Arab Airport,Cobija,BO,-11.0404,-68.783
CIK,PACI,Chalkyitsik Airport,Chalkyitsik,US,66.645028,-143.739889
CIL,KK29,Council Airport,Council,US,64.896747,-163.703499
CIM,SKCM,Cimitarra Airport,Cimitarra,CO,6.367,-73.967
CIN,KCIN,Arthur N Neu Airport,Carroll,US,42.046667,-94.788694
CIO,SGCO,Teniente Col Carmelo Peralta Airport,Concepcion,PY,-23.44,-57.43
CIP,FLCP,Chipata Airport,Chipata,ZM,-13.5583,32.5872
CIQ,MGCQ,Chiquimula Airport,Chiquimula,GT,14.83092,-89.52094
CIR,KCIR,Cairo Regional Airport,Cairo,US,37.064139,-89.219528
CIS,PCIS,Canton Airport,Abariringa,KI,-2.76812,-171.71001
CIT,UAII,Shymkent Airport,Shymkent,KZ,42.3642,69.4789
CIU,KCIU,Chippewa County International Airport,Sault Ste Marie,US,46.250752,-84.472384
CIW,TVSC,Canouan Airport,Canouan,VC,12.699,-61.3424
CIX,SPHI,Capitan FAP Jose A Quinones Gonzales International Airport,Chiclayo,PE,-6.78748,-79.8281
CIY,LICB,Comiso Airport Vincenzo Magliocco,Comiso,IT,36.9946,14.60718
CIZ,SWKO,Coari Airport,Coari,BR,-4.13406,-63.1326
CJA,SPJR,Mayor General FAP Armando Revoredo Iglesias Airport,Cajamarca,PE,-7.13918,-78.4894
CJB,VOCB,Coimbatore International Airport,Coimbatore,IN,11.03,77.0434
CJC,SCCF,El Loa Airport,Calama,CL,-22.4982,-68.9036
CJF,YCWA,Coondewanna Airport,,AU,-22.96667,118.81333
CJJ,RKTU,Cheongju International Airport,Cheongju,KR,36.7166,127.499
CJL,OPCH,Chitral Airport,Chitral,PK,35.8866,71.8006
CJM,VTSE,Chumphon Airport,,TH,10.7112,99.3617
CJS,MMCS,Abraham Gonzalez International Airport,Ciudad Juarez,MX,31.6361,-106.429
CJT,MMCO,Comitan Airport,,MX,16.1767,-92.0506
CJU,RKPC,Jeju International Airport,Jeju City,KR,33.5113,126.493
CKA,KCKA,Kegelman Af Aux Field,Cherokee,US,36.73569,-98.12361
CKB,KCKB,North Central West Virginia Airport,Clarksburg,US,39.297655,-80.227532
CKC,UKKE,Cherkasy International Airport,Cherkasy,UA,49.4156,31.9953
CKD,PACJ,Crooked Creek Airport,Crooked Creek,US,61.871119,-158.137956
CKE,K1O2,Lampson Field,Lakeport,US,38.990611,-122.900722
CKG,ZUCK,Chongqing Jiangbei International Airport,Chongqing,CN,29.7192,106.642
CKH,UESO,Chokurdakh Airport,Chokurdah,RU,70.6231,147.90199
CKI,YCKI,Croker Island Airport,,AU,-11.165,132.483
CKK,KCVK,Sharp County Regional Airport,Ash Flat,US,36.264889,-91.562667
CKL,UUMU,Chkalovskiy Airport,Moscow,RU,55.8783,38.0617
CKM,KCKM,Fletcher Field,Clarksdale,US,34.299722,-90.512306
CKN,KCKN,Crookston Municipal/Kirkwood Field,Crookston,US,47.840834,-96.62221
CKO,SSCP,Cornelio Procopio Airport,Cornelio Procopio,BR,-23.1525,-50.6025
CKS,SBCJ,Carajas Airport,Carajas,BR,-6.11528,-50.00139
CKT,OIMC,Sarakhs Airport,Sarakhs,IR,36.5012,61.0649
CKU,KCKU,Cordova Municipal Airport,Cordova,US,60.543644,-145.725854
CKV,KCKV,Outlaw Field,Clarksville,US,36.621865,-87.414948
CKW,YCHK,Graeme Rowley Aerodrome,Christmas Creek mine,AU,-22.35556,119.65222
CKX,PAAY,Chicken Airport,Chicken,US,64.066751,-141.951347
CKY,GUCY,Conakry Airport,Conakry,GN,9.57689,-13.612
CKZ,LTBH,Canakkale Airport,Canakkale,TR,40.1377,26.4268
CLD,KCRQ,Mc Clellan-Palomar Airport,Carlsbad,US,33.12825,-117.280083
CLE,KCLE,Cleveland-Hopkins International Airport,Cleveland,US,41.409407,-81.854691
CLG,KC80,New Coalinga Municipal Airport,Coalinga,US,36.162111,-120.294833
CLH,YCAH,Coolah Airport,,AU,-31.7733,149.61
CLI,KCLI,Clintonville Municipal Airport,Clintonville,US,44.613167,-88.730889
CLJ,LRCL,Cluj-Napoca International Airport,Cluj-Napoca,RO,46.7852,23.6862
CLK,KCLK,Clinton Regional Airport,Clinton,US,35.538273,-98.932789
CLL,KCLL,Easterwood Field,College Station,US,30.588042,-96.362544
CLM,KCLM,William R Fairchild International Airport,Port Angeles,US,48.120194,-123.499694
CLN,SBCI,Brig. Lysias Augusto Rodrigues Airport,Carolina,BR,-7.32044,-47.4587
CLO,SKCL,Alfonso Bonilla Aragon International Airport,Cali,CO,3.54322,-76.3816
CLP,PFCL,Clarks Point Airport,Clarks Point,US,58.833694,-158.529389
CLQ,MMIA,Lic. Miguel de la Madrid Airport,Colima,MX,19.277,-103.577
CLR,KCLR,Cliff Hatfield Memorial Airport,Calipatria,US,33.131333,-115.521389
CLS,KCLS,Chehalis-Centralia Airport,Chehalis,US,46.677028,-122.98275
CLT,KCLT,Charlotte/Douglas International Airport,Charlotte,US,35.213187,-80.951379
CLU,KBAK,Columbus Municipal Airport,Columbus,US,39.261915,-85.896339
CLV,SBCN,Caldas Novas Airport,Caldas Novas,BR,-17.7253,-48.6075
CLW,KCLW,Clearwater Executive Airport,Clearwater,US,27.977214,-82.759057
CLX,SATC,Clorinda Airport,Clorinda,AR,-25.3036,-57.7344
CLY,LFKC,Calvi-Sainte-Catherine Airport,Calvi/Sainte-Catherine,FR,42.5308,8.79319
CLZ,SVCL,Calabozo Airport,Guarico,VE,8.92466,-67.41709
CMA,YCMU,Cunnamulla Airport,,AU,-28.03,145.62199
CMB,VCBI,Bandaranaike International Apt Colombo Airport,Colombo,LK,7.18076,79.8841
CMC,SNWC,Camocim Airport,Camocim,BR,-2.89618,-40.858
CMD,YCTM,Cootamundra Airport,,AU,-34.6239,148.028
CME,MMCE,Ciudad del Carmen International Airport,Ciudad del Carmen,MX,18.6537,-91.799
CMF,LFLB,Chambery-Savoie Airport,Chambery/Aix-les-Bains,FR,45.6381,5.88023
CMG,SBCR,Corumba International Airport,Corumba,BR,-19.01194,-57.67139
CMH,KCMH,John Glenn Columbus International Airport,Columbus,US,39.996947,-82.892159
CMI,KCMI,University Of Illinois/Willard Airport,Champaign/Urbana,US,40.038561,-88.276539
CMJ,RCCM,Qimei Airport,Qimei,TW,23.213056,119.4175
CMK,FWCM,Club Makokola Airport,Club Makokola,MW,-14.3069,35.1325
CML,YCMW,Camooweal Airport,,AU,-19.9117,138.125
CMM,MGCR,Carmelita Airport,Carmelita,GT,17.4612,-90.0537
CMN,GMMN,Mohammed V International Airport,Casablanca,MA,33.3675,-7.58997
CMO,HCMO,Obbia Airport,Obbia,SO,5.36667,48.51667
CMP,SNKE,Santana do Araguaia Airport,Santana Do Araguaia,BR,-9.31997,-50.3285
CMQ,YCMT,Clermont Airport,,AU,-22.7731,147.621
CMR,LFGA,Colmar-Houssen Airport,Colmar/Houssen,FR,48.1099,7.35901
CMS,HCMS,Scusciuban Airport,Scusciuban,SO,10.3,50.233
CMU,AYCH,Chimbu Airport,Kundiawa,PG,-6.02429,144.97099
CMV,NZCX,Coromandel Aerodrome,,NZ,-36.7917,175.509
CMW,MUCM,Ignacio Agramonte International Airport,Camaguey,CU,21.4203,-77.8475
CMX,KCMX,Houghton County Memorial Airport,Hancock,US,47.168417,-88.489069
CMY,KCMY,Sparta/Fort Mc Coy Airport,Sparta,US,43.958716,-90.737841
CNA,MMCA,Cananea Airport,,MX,31.06615,-110.09788
CNB,YCNM,Coonamble Airport,,AU,-30.9833,148.37601
CNC,YCCT,Coconut Island Airport,,AU,-10.05,143.07001
CND,LRCK,Mihail Kogalniceanu International Airport,Constanta,RO,44.3622,28.4883
CNE,K1V6,Fremont County Airport,Canon City,US,38.42856,-105.106854
CNF,SBCF,Tancredo Neves International Airport,Belo Horizonte,BR,-19.62444,-43.97194
CNG,LFBG,Cognac-Chateaubernard (BA 709) Air Base,Cognac/Chateaubernard,FR,45.6583,-0.3175
CNH,KCNH,Claremont Municipal Airport,Claremont,US,43.370504,-72.368207
CNI,ZYCH,Changhai Airport,Changhai,CN,39.26667,122.66694
CNJ,YCCY,Cloncurry Airport,Cloncurry,AU,-20.6686,140.504
CNK,KCNK,Blosser Municipal Airport,Concordia,US,39.549868,-97.652041
CNL,EKSN,Sindal Airport,Sindal,DK,57.5035,10.2294
CNM,KCNM,Cavern City Air Trml Airport,Carlsbad,US,32.337444,-104.263361
CNN,VOKN,Kannur International Airport,Mattannur,IN,11.91583,75.54583
CNO,KCNO,Chino Airport,Chino,US,33.974779,-117.636483
CNP,BGCO,Neerlerit Inaat Airport,Neerlerit Inaat,GL,70.7431,-22.6505
CNQ,SARC,Corrientes Airport,Corrientes,AR,-27.4455,-58.7619
CNR,SCRA,Chanaral Airport,Chanaral,CL,-26.3325,-70.6073
CNS,YBCS,Cairns International Airport,Cairns,AU,-16.8858,145.755
CNU,KCNU,Chanute Martin Johnson Airport,Chanute,US,37.667884,-95.486716
CNV,SNED,Canavieiras Airport,Canavieiras,BR,-15.667,-38.9547
CNW,KCNW,Tstc Waco Airport,Waco,US,31.637806,-97.074139
CNX,VTCC,Chiang Mai International Airport,Chiang Mai,TH,18.7668,98.9626
CNY,KCNY,Canyonlands Regional Airport,Moab,US,38.757631,-109.753462
COA,KO22,Columbia Airport,Columbia,US,38.030417,-120.414556
COC,SAAC,Comodoro Pierrestegui Airport,Concordia,AR,-31.2969,-57.9966
COD,KCOD,Yellowstone Regional Airport,Cody,US,44.520194,-109.023813
COE,KCOE,Coeur D'Alene Airport,Coeur D'Alene,US,47.774306,-116.819583
COF,KCOF,Patrick Space Force Base Airport,Cocoa Beach,US,28.235009,-80.609976
COG,SKCD,Mandinga Airport,Condoto,CO,5.08333,-76.7
COH,VECO,Cooch Behar Airport,,IN,26.3305,89.4672
COI,KCOI,Merritt Island Airport,Merritt Island,US,28.3416,-80.685485
COJ,YCBB,Coonabarabran Airport,,AU,-31.3325,149.267
COK,VOCI,Cochin International Airport,Cochin,IN,10.152,76.4019
COL,EGEL,Coll Airport,Coll Island,GB,56.6019,-6.61778
COM,KCOM,Coleman Municipal Airport,Coleman,US,31.841139,-99.403611
CON,KCON,Concord Municipal Airport,Concord,US,43.202722,-71.502278
COO,DBBB,Cadjehoun Airport,Cotonou,BJ,6.35723,2.38435
COP,KK23,Cooperstown-Westville Airport,Cooperstown,US,42.629242,-74.890988
COQ,ZMCD,Choibalsan Airport,,MN,48.1357,114.646
COR,SACO,Ingeniero Ambrosio Taravella Airport,Cordoba,AR,-31.3236,-64.208
COS,KCOS,City Of Colorado Springs Municipal Airport,Colorado Springs,US,38.805817,-104.700776
COT,KCOT,Cotulla-La Salle County Airport,Cotulla,US,28.455722,-99.217222
COU,KCOU,Columbia Regional Airport,Columbia,US,38.817736,-92.217792
COV,LTDB,Çukurova International Airport,Tarsus,TR,36.892916,35.071971
COW,SCCQ,Tambillos Airport,Coquimbo,CL,-30.19889,-71.24694
COX,MYAK,Congo Town Airport,Andros,BS,24.1587,-77.5898
COY,YCWY,Coolawanyah Airport,,AU,-21.7833,117.8
COZ,MDCZ,Constanza Dom Re Airport,Costanza,DO,18.9075,-70.7219
CPB,SKCA,Capurgana Airport,Capurgana,CO,8.63333,-77.35
CPC,SAZY,Aviador C. Campos Airport,Chapelco/San Martin de los Andes,AR,-40.0754,-71.1373
CPD,YCBP,Coober Pedy Airport,,AU,-29.04,134.72099
CPE,MMCP,Ingeniero Alberto Acuna Ongay International Airport,Campeche,MX,19.8168,-90.5003
CPF,WARC,Cepu Airport,"Tjepu, Java Island",ID,-7.19484,111.54817
CPH,EKCH,Copenhagen Kastrup Airport,Copenhagen,DK,55.6179,12.656
CPL,SKHA,Chaparral Airport,Chaparral,CO,3.717,-75.467
CPM,KCPM,Compton/Woodley Airport,Compton,US,33.889917,-118.243806
CPO,SCAT,Desierto de Atacama Airport,Copiapo,CL,-27.2612,-70.7792
CPP,SCKP,Coposa Airport,Pica,CL,-20.7505,-68.6835
CPQ,SDAM,Amarais Airport,Campinas,BR,-22.8592,-47.1082
CPR,KCPR,Casper/Natrona County International Airport,Casper,US,42.905875,-106.463649
CPS,KCPS,St Louis Downtown Airport,Cahokia/St Louis,US,38.570361,-90.155083
CPT,FACT,Cape Town International Airport,Cape Town,ZA,-33.9648,18.6017
CPU,SNCU,Cururupu Airport,Cururupu,BR,-1.82111,-44.86694
CPV,SBKG,Presidente Joao Suassuna Airport,Campina Grande,BR,-7.26992,-35.8964
CPX,TJCP,Benjamin Rivera Noriega Airport,Isla De Culebra,US,18.312972,-65.303889
CQA,SWEK,Canarana Airport,Canarana,BR,-13.57444,-52.27056
CQD,OIFS,Shahrekord Airport,Shahrekord,IR,32.2972,50.8422
CQF,LFAC,Calais-Dunkerque Airport,Marck,FR,50.9621,1.95476
CQM,LERL,Ciudad Real International Airport,Ciudad Real,ES,38.856333,-3.97
CQS,SWCQ,Costa Marques Airport,Costa Marques,BR,-12.4211,-64.2516
CQW,ZUWL,Wulong Chongqing Xiannvshan Airport,Wulong,CN,29.465833,107.692222
CRA,LRCV,Craiova Airport,Craiova,RO,44.3181,23.8886
CRB,YCBR,Collarenebri Airport,,AU,-29.5217,148.582
CRC,SKGO,Santa Ana Airport,Cartago,CO,4.75818,-75.9557
CRD,SAVC,General E. Mosconi Airport,Comodoro Rivadavia,AR,-45.7853,-67.4655
CRE,KCRE,Grand Strand Airport,North Myrtle Beach,US,33.81175,-78.723944
CRF,FEFC,Carnot Airport,Carnot,CF,4.937,15.894
CRG,KCRG,Jacksonville Executive At Craig Airport,Jacksonville,US,30.336333,-81.514444
CRI,MYCI,Colonel Hill Airport,Colonel Hill,BS,22.7456,-74.1824
CRK,RPLC,Diosdado Macapagal International Airport,Angeles City,PH,15.186,120.56
CRL,EBCI,Brussels South Charleroi Airport,Brussels,BE,50.2736,4.271
CRM,RPVF,Catarman National Airport,Catarman,PH,12.5024,124.636
CRP,KCRP,Corpus Christi International Airport,Corpus Christi,US,27.772182,-97.502422
CRQ,SBCV,Caravelas Airport,Caravelas,BR,-17.6523,-39.2531
CRR,SANW,Ceres Airport,Ceres,AR,-29.8631,-61.8728
CRS,KCRS,C David Campbell Field-Corsicana Municipal Airport,Corsicana,US,32.028056,-96.400583
CRT,KCRT,Z M Jack Stell Field,Crossett,US,33.178333,-91.880194
CRU,TGPZ,Lauriston Airport,Carriacou Island,GD,12.4761,-61.4728
CRV,LIBC,Crotone Airport,Crotone,IT,38.9972,17.0802
CRW,KCRW,West Virginia International Yeager Airport,Charleston,US,38.376013,-81.592894
CRX,KCRX,Roscoe Turner Airport,Corinth,US,34.914967,-88.603484
CRZ,UTAV,Turkmenabat International Airport,Turkmenabat,TM,39.0833,63.6133
CSA,EGEY,Colonsay Airstrip,Colonsay,GB,56.0575,-6.24306
CSB,LRCS,Caransebes Airport,Caransebes,RO,45.42,22.2533
CSC,MRMJ,Mojica Airport,Canas,CR,10.4307,-85.1746
CSE,0CO2,Crested Butte Airpark,Crested Butte,US,38.851937,-106.932821
CSF,LFPC,Creil Air Base,Creil,FR,49.2535,2.51914
CSG,KCSG,Columbus Airport,Columbus,US,32.516328,-84.93887
CSH,ULAS,Solovki Airport,Solovetsky Islands,RU,65.03,35.73333
CSI,YCAS,Casino Airport,,AU,-28.8828,153.067
CSK,GOGS,Cap Skirring Airport,Cap Skirring,SN,12.4102,-16.7461
CSM,KCSM,Infinity One Oklahoma Spaceport Airport,Burns Flat,US,35.339839,-99.200499
CSN,KCXP,Carson City Airport,Carson City,US,39.192304,-119.732571
CSO,EDBC,Cochstedt Airport,Magdeburg,DE,51.8564,11.4203
CSQ,KCSQ,Creston Municipal Airport,Creston,US,41.021444,-94.363306
CSS,SSCL,Cassilandia Airport,Cassilandia,BR,-19.14639,-51.68528
CSU,SSSC,Santa Cruz do Sul Airport,Santa Cruz Do Sul,BR,-29.6841,-52.4122
CSV,KCSV,Crossville Memorial-Whitson Field,Crossville,US,35.951291,-85.084977
CSW,MMSL,Cabo San Lucas International Airport,Cabo San Lucas,MX,22.9477,-109.937
CSX,ZGHA,Changsha Huanghua Airport,Changsha,CN,28.1892,113.22
CSY,UWKS,Cheboksary Airport,Cheboksary,RU,56.0903,47.3473
CSZ,SAZC,Brigadier D.H.E. Ruiz Airport,Coronel Suarez,AR,-37.4461,-61.8893
CTA,LICC,Catania / Fontanarossa Airport,Catania,IT,37.4668,15.0664
CTB,KCTB,Cut Bank International Airport,Cut Bank,US,48.608355,-112.376151
CTC,SANC,Catamarca Airport,Catamarca,AR,-28.5956,-65.7517
CTD,MPCE,Alonso Valderrama Airport,Chitre,PA,7.98784,-80.4097
CTF,MGCT,Coatepeque Airport,Coatepeque,GT,14.6942,-91.8825
CTG,SKCG,Rafael Nunez International Airport,Cartagena,CO,10.4424,-75.513
CTH,KMQS,Chester County G O Carlson Airport,Coatesville,US,39.978972,-75.865472
CTI,FNCV,Cuito Cuanavale Airport,Cuito Cuanavale,AO,-15.1603,19.1561
CTK,KCTK,Ingersoll Airport,Canton,US,40.569083,-90.074833
CTL,YBCV,Charleville Airport,Charleville,AU,-26.4133,146.26199
CTM,MMCM,Chetumal International Airport,Chetumal,MX,18.5047,-88.3268
CTN,YCKN,Cooktown Airport,,AU,-15.4447,145.18401
CTO,3NY8,Calverton Executive Airpark,Calverton,US,40.914799,-72.780396
CTP,SNCP,Carutapera Airport,Carutapera,BR,-1.25028,-46.01722
CTQ,SSVP,Santa Vitoria do Palmar Airport,Santa Vitoria Do Palmar,BR,-33.50222,-53.34417
CTS,RJCC,New Chitose Airport,Chitose / Tomakomai,JP,42.7752,141.692
CTT,LFMQ,Le Castellet Airport,Le Castellet,FR,43.2525,5.78519
CTU,ZUUU,Chengdu Shuangliu International Airport,Chengdu,CN,30.5785,103.947
CTW,KP52,Cottonwood Airport,Cottonwood,US,34.730056,-112.035137
CTX,KN03,Cortland County/Chase Field,Cortland,US,42.592642,-76.214883
CTY,KCTY,Cross City Airport,Cross City,US,29.635528,-83.10475
CTZ,KCTZ,Clinton-Sampson County Airport,Clinton,US,34.974935,-78.36563
CUA,MMDA,Ciudad Constitucion Airport,Ciudad Constitucion,MX,25.0538,-111.615
CUB,KCUB,Jim Hamilton L B Owens Airport,Columbia,US,33.970472,-80.99525
CUC,SKCC,Camilo Daza International Airport,Cucuta,CO,7.92757,-72.5115
CUD,YCDR,Caloundra Airport,,AU,-26.8,153.10001
CUE,SECU,Mariscal Lamar Airport,Cuenca,EC,-2.88947,-78.9844
CUF,LIMZ,Cuneo / Levaldigi Airport,Cuneo,IT,44.547,7.62322
CUG,YCUA,Cudal Airport,,AU,-33.2783,148.763
CUH,KCUH,Cushing Municipal Airport,Cushing,US,35.950028,-96.773417
CUK,MZCK,Caye Caulker Airport,Caye Caulker,BZ,17.73472,-88.03333
CUL,MMCL,Federal de Bachigualato International Airport,Culiacan,MX,24.7645,-107.475
CUM,SVCU,Cumana (Antonio Jose de Sucre) Airport,,VE,10.45033,-64.13047
CUN,MMUN,Cancun International Airport,Cancun,MX,21.0365,-86.8771
CUO,SKCR,Caruru Airport,Caruru,CO,1.0136,-71.2961
CUP,SVCP,General Francisco Bermudez Airport,Carupano,VE,10.66001,-63.26168
CUQ,YCOE,Coen Airport,,AU,-13.7608,143.114
CUR,TNCC,Hato International Airport,Willemstad,CW,12.1889,-68.9598
CUS,0NM0,Columbus Municipal Airport,Columbus,US,31.823711,-107.626967
CUT,SAZW,Cutral-Co Airport,Cutral-Co,AR,-38.9397,-69.2646
CUU,MMCU,General Roberto Fierro Villalobos International Airport,Chihuahua,MX,28.7029,-105.965
CUV,SVCG,Casigua El Cubo Airport,Casigua El Cubo,VE,8.75814,-72.5363
CUY,YCUE,Cue Airport,,AU,-27.4467,117.918
CUZ,SPZO,Alejandro Velasco Astete International Airport,Cusco,PE,-13.5357,-71.9388
CVC,YCEE,Cleve Airport,,AU,-33.7097,136.505
CVE,SKCV,Covenas Airport,Covenas,CO,9.40092,-75.6913
CVF,LFLJ,Courchevel Airport,Courcheval,FR,45.3967,6.63472
CVG,KCVG,Cincinnati/Northern Kentucky International Airport,Covington,US,39.048837,-84.667821
CVH,SAHE,Caviahue Airport,Lafontaine,AR,-37.8514,-71.0092
CVJ,MMCB,General Mariano Matamoros Airport,,MX,18.8348,-99.2613
CVM,MMCV,General Pedro Jose Mendez International Airport,Ciudad Victoria,MX,23.7033,-98.9565
CVN,KCVN,Clovis Regional Airport,Clovis,US,34.42659,-103.07758
CVO,KCVO,Corvallis Municipal Airport,Corvallis,US,44.496876,-123.289457
CVQ,YCAR,Carnarvon Airport,,AU,-24.8806,113.672
CVS,KCVS,Cannon Afb Airport,Clovis,US,34.382774,-103.322151
CVT,EGBE,Coventry Airport,Coventry,GB,52.3697,-1.47972
CVU,LPCR,Corvo Airport,Corvo,PT,39.6715,-31.1136
CWA,KCWA,Central Wisconsin Airport,Mosinee,US,44.777783,-89.665911
CWB,SBCT,Afonso Pena Airport,Curitiba,BR,-25.5285,-49.1758
CWC,UKLN,Chernivtsi International Airport,Chernivtsi,UA,48.2593,25.9808
CWF,KCWF,Chennault International Airport,Lake Charles,US,30.210587,-93.143189
CWI,KCWI,Clinton Municipal Airport,Clinton,US,41.83075,-90.328972
CWK,VECT,Chitrakoot Airport,Chitrakoot,IN,25.167694,80.9358
CWL,EGFF,Cardiff International Airport,Cardiff,GB,51.3967,-3.34333
CWR,YCWI,Cowarie Airport,,AU,-27.7117,138.328
CWS,78WA,Center Island Airport,Center Island,US,48.490101,-122.832121
CWT,YCWR,Cowra Airport,,AU,-33.8447,148.649
CWW,YCOR,Corowa Airport,,AU,-35.9947,146.35699
CWX,KP33,Cochise County Airport,Willcox,US,32.245417,-109.894639
CXA,SVCD,Caicara del Orinoco Airport,,VE,7.62551,-66.1628
CXB,VGCB,Cox's Bazar Airport,Cox's Bazar,BD,21.4522,91.9639
CXC,PAAX,Chitina Airport,Chitina,US,61.583203,-144.429803
CXF,PACX,Coldfoot Airport,Coldfoot,US,67.252171,-150.203908
CXH,CYHC,Vancouver Harbour Airport,Vancouver,CA,49.28333,-123.1
CXI,PLCH,Cassidy International Airport,Banana,KI,1.98616,-157.35001
CXJ,SBCX,Campo dos Bugres Airport,Caxias Do Sul,BR,-29.1971,-51.1875
CXL,KCXL,Calexico International Airport,Calexico,US,32.667444,-115.517583
CXN,HCMC,Candala Airport,Candala,SO,11.5,49.917
CXO,KCXO,Conroe/North Houston Regional Airport,Houston,US,30.353396,-95.415082
CXP,WIHL,Tunggul Wulung Airport,"Cilacap, Java Island",ID,-7.64506,109.034
CXQ,YCRK,Christmas Creek Station Airport,,AU,-18.8833,125.917
CXR,VVCR,Cam Ranh Airport,Nha Trang,VN,11.9982,109.219
CXT,YCHT,Charters Towers Airport,,AU,-20.0431,146.27299
CXY,MYCC,Cat Cay Airport,Cat Cay,BS,25.6,-79.267
CYA,MTCA,Les Cayes Airport,Les Cayes,HT,18.2711,-73.7883
CYB,MWCB,Gerrard Smith International Airport,Cayman Brac,KY,19.687,-79.8828
CYF,PACK,Chefornak Airport,Chefornak,US,60.136796,-164.279049
CYG,YCRG,Corryong Airport,,AU,-36.1828,147.888
CYI,RCKU,Chiayi Airport,Chiayi City,TW,23.4618,120.393
CYL,MHCS,Coyoles Airport,Coyoles,HN,15.44556,-86.67528
CYO,MUCL,Vilo Acuna International Airport,Cayo Largo del Sur,CU,21.6165,-81.546
CYP,RPVC,Calbayog Airport,Calbayog City,PH,12.0727,124.545
CYR,SUCA,Laguna de Los Patos International Airport,Colonia,UY,-34.4564,-57.7706
CYS,KCYS,Cheyenne Regional/Jerry Olson Field,Cheyenne,US,41.155639,-104.810472
CYT,0AA1,Yakataga Airport,Yakataga,US,60.080849,-142.495494
CYU,RPLO,Cuyo Airport,Cuyo,PH,10.8581,121.069
CYW,MMCY,Captain Rogelio Castillo National Airport,Celaya,MX,20.546,-100.887
CYX,UESS,Cherskiy Airport,Cherskiy,RU,68.7406,161.338
CYZ,RPUY,Cauayan Airport,Cauayan City,PH,16.9299,121.753
CZA,MMCT,Chichen Itza International Airport,,MX,20.6413,-88.4462
CZC,KZ93,Copper Center 2 Airport,Copper Center,US,61.94119,-145.294081
CZE,SVCR,Jose Leonardo Chirinos Airport,Coro,VE,11.41494,-69.6809
CZF,PACZ,Cape Romanzof Lrrs Airport,Cape Romanzof,US,61.781014,-166.039575
CZK,KCZK,Cascade Locks State Airport,Cascade Locks,US,45.676944,-121.878889
CZL,DABC,Mohamed Boudiaf International Airport,Constantine,DZ,36.276,6.62039
CZM,MMCZ,Cozumel International Airport,Cozumel,MX,20.5224,-86.9256
CZN,KCZN,Chisana Airport,Chisana,US,62.07175,-142.04935
CZO,KCZO,Chistochina Airport,Chistochina,US,62.562333,-144.672444
CZS,SBCZ,Cruzeiro do Sul Airport,Cruzeiro Do Sul,BR,-7.59991,-72.7695
CZT,KCZT,Dimmit County Airport,Carrizo Springs,US,28.52225,-99.823639
CZU,SKCZ,Las Brujas Airport,Corozal,CO,9.33274,-75.2856
CZX,ZSCG,Changzhou Airport,Changzhou,CN,31.9197,119.779
CZY,YUNY,Cluny Airport,,AU,-24.5167,139.617
DAA,KDAA,Davison Army Air Field,Fort Belvoir,US,38.714923,-77.180894
DAB,KDAB,Daytona Beach International Airport,Daytona Beach,US,29.179909,-81.058042
DAC,VGHS,Dhaka / Hazrat Shahjalal International Airport,Dhaka,BD,23.84335,90.39778
DAD,VVDN,Da Nang International Airport,Da Nang,VN,16.0439,108.199
DAG,KDAG,Barstow-Daggett Airport,Daggett,US,34.853722,-116.786694
DAK,HEDK,Dakhla Airport,,EG,25.4116,29.0031
DAL,KDAL,Dallas Love Field,Dallas,US,32.845945,-96.850877
DAM,OSDI,Damascus International Airport,Damascus,SY,33.4115,36.5156
DAN,KDAN,Danville Regional Airport,Danville,US,36.572472,-79.33625
DAO,AYDA,Dahamo Airstrip,Dabo,PG,-5.753194,141.993611
DAR,HTDA,Mwalimu Julius K. Nyerere International Airport,Dar es Salaam,TZ,-6.87811,39.2026
DAS,CFF4,Great Bear Lake Airport,Great Bear Lake,CA,66.7031,-119.707
DAT,ZBDT,Datong Airport,Datong,CN,40.0603,113.482
DAU,AYDU,Daru Airport,Daru,PG,-9.08676,143.20799
DAV,MPDA,Enrique Malek International Airport,David,PA,8.391,-82.435
DAY,KDAY,James M Cox Dayton International Airport,Dayton,US,39.902252,-84.219412
DAZ,OADZ,Darwaz Airport,Darwaz,AF,38.4611,70.8825
DBA,OPDB,Dalbandin Airport,Dalbandin,PK,28.8783,64.3998
DBB,HEAL,El Alamein International Airport,El Alamein,EG,30.9245,28.4614
DBD,VEDB,Dhanbad Airport,,IN,23.834,86.4253
DBM,HADM,Debra Marcos Airport,Debra Marcos,ET,10.35,37.717
DBN,KDBN,W H 'Bud' Barron Airport,Dublin,US,32.564722,-82.984972
DBO,YSDU,Dubbo City Regional Airport,Dubbo,AU,-32.2167,148.575
DBP,AYDB,Debepare Airport,Debepare,PG,-6.308611,141.905556
DBQ,KDBQ,Dubuque Regional Airport,Dubuque,US,42.402,-90.709472
DBR,VEDH,Darbhanga Airport,,IN,26.1928,85.9169
DBS,KU41,Dubois Municipal Airport,Dubois,US,44.162361,-112.220667
DBT,HADT,Debre Tabor Airport,Debre Tabor,ET,11.967,38.0
DBV,LDDU,Dubrovnik Airport,Dubrovnik,HR,42.5614,18.2682
DBY,YDAY,Dalby Airport,,AU,-27.1553,151.267
DCA,KDCA,Ronald Reagan Washington Ntl Airport,Washington,US,38.85144,-77.037721
DCF,TDCF,Canefield Airport,Canefield,DM,15.3367,-61.3922
DCI,LIED,Decimomannu Airport,Decimomannu,IT,39.3542,8.97248
DCK,PODC,Dahl Creek Airport,Dahl Creek,US,66.942561,-156.891369
DCM,LFCK,Castres-Mazamet Airport,Castres/Mazamet,FR,43.5563,2.28918
DCN,YCIN,RAAF Base Curtin,,AU,-17.5814,123.828
DCT,MYRD,Duncan Town Airport,,BS,22.1818,-75.7295
DCU,KDCU,Pryor Field Regional Airport,Decatur,US,34.654056,-86.945361
DCY,ZUDC,Daocheng Yading Airport,Daocheng County,CN,29.32306,100.05333
DDC,KDDC,Dodge City Regional Airport,Dodge City,US,37.763121,-99.965424
DDD,VRMU,Kudahuvadhoo Dhaalu Airport,Dhaalu Atoll,MV,2.66612,72.8863
DDG,ZYDD,Dandong Airport,Dandong,CN,40.0247,124.286
DDN,YDLT,Delta Downs Airport,,AU,-16.9917,141.317
DDR,ZUDR,Rikaze Dingri Airport,,CN,28.6025,86.8103
DDU,OPDD,Dadu Airport,Dadu,PK,26.5545,67.6746
DEA,OPDG,Dera Ghazi Khan Airport,Dera Ghazi Khan,PK,29.961,70.4859
DEB,LHDC,Debrecen International Airport,Debrecen,HU,47.4889,21.6153
DEC,KDEC,Decatur Airport,Decatur,US,39.834562,-88.865689
DED,VIDN,Dehradun Airport,Dehradun,IN,30.1897,78.1803
DEE,UHSM,Mendeleyevo Airport,Kunashir Island,RU,43.9584,145.683
DEF,OIAD,Dezful Airport,,IR,32.4344,48.3976
DEH,KDEH,Decorah Municipal Airport,Decorah,US,43.2755,-91.739389
DEI,FSSD,Denis Island Airport,Denis Island,SC,-3.80222,55.6669
DEJ,_DEJ,Tongren Deijan Airport,Deijan,CN,28.121,108.1631
DEL,VIDP,Indira Gandhi International Airport,New Delhi,IN,28.5665,77.1031
DEM,HADD,Dembidollo Airport,Dembidollo,ET,8.554,34.858
DEN,KDEN,Denver International Airport,Denver,US,39.861667,-104.673167
DEP,VEDZ,Daporijo Airport,Daporijo,IN,27.9855,94.2228
DEQ,_DEQ,Deqing Moganshan Airport,Deqing,CN,30.504167,120.107222
DER,AYDE,Derim Airport,Derim,PG,-6.14472,147.10722
DES,FSDR,Desroches Airport,Desroches Island,SC,-5.6967,53.6558
DET,KDET,Coleman A Young Municipal Airport,Detroit,US,42.412364,-83.010598
DEZ,OSDZ,Deir ez-Zor Airport,Deir ez-Zor,SY,35.2854,40.176
DFI,KDFI,Defiance Memorial Airport,Defiance,US,41.3375,-84.428806
DFP,YDDF,Drumduff Airport,Drumduff,AU,-16.053,143.01199
DFW,KDFW,Dallas-Fort Worth International Airport,Dallas-Fort Worth,US,32.897233,-97.037695
DGA,MZPB,Pelican Beach Airstrip,Dangriga,BZ,16.98232,-88.228497
DGD,YDGA,Dalgaranga Gold Mine Airport,,AU,-27.83028,117.31639
DGE,YMDG,Mudgee Airport,Mudgee,AU,-32.5625,149.61099
DGF,CAL3,Douglas Lake Airport,Douglas Lake,CA,50.16546,-120.17127
DGH,VEDO,Deoghar Airport,Deoghar,IN,24.44567,86.707
DGL,KDGL,Douglas Municipal Airport,Douglas,US,31.342603,-109.506454
DGN,KNDY,Dahlgren Nsf Airport,Dahlgren,US,38.332878,-77.037011
DGO,MMDO,General Guadalupe Victoria International Airport,Durango,MX,24.1242,-104.528
DGR,NZDA,Dargaville Aerodrome,,NZ,-35.9397,173.894
DGT,RPVD,Sibulan Airport,Dumaguete City,PH,9.33371,123.3
DGU,DFOD,Dedougou Airport,Dedougou,BF,12.459,-3.49
DGW,KDGW,Converse County Airport,Douglas,US,42.797194,-105.385833
DHD,YDRH,Durham Downs Airport,,AU,-27.075,141.89999
DHF,OMAM,Abu Dhabi-Al Dhafra AB Airport,Al Bihouth,AE,24.2482,54.5477
DHH,ZWLK,Balikun Dahe Airport,Barkol,CN,43.7546,93.1311
DHI,VNDH,Dhangarhi Airport,Dhangarhi,NP,28.7533,80.5819
DHM,VIGG,Kangra Airport,,IN,32.1651,76.2634
DHN,KDHN,Dothan Regional Airport,Dothan,US,31.321018,-85.449478
DHR,EHKD,De Kooy Airport,Den Helder,NL,52.9234,4.78062
DHT,KDHT,Dalhart Municipal Airport,Dalhart,US,36.022472,-102.547389
DIA,OTBD,Doha International Airport,Doha,QA,25.2611,51.5651
DIB,VEMN,Dibrugarh Airport,Dibrugarh,IN,27.4839,95.0169
DIE,FMNA,Arrachart Airport,,MG,-12.3494,49.2917
DIG,ZPDQ,Diqing Airport,Shangri-La,CN,27.7936,99.6772
DIJ,LFSD,Dijon-Bourgogne Airport,Dijon/Longvic,FR,47.2689,5.09
DIK,KDIK,Dickinson/Theodore Roosevelt Regional Airport,Dickinson,US,46.800474,-102.804435
DIL,WPDL,Presidente Nicolau Lobato International Airport,Dili,TL,-8.5464,125.526
DIM,DIDK,Dimbokro Airport,Dimbokro,CI,6.65167,-4.64056
DIN,VVDB,Dien Bien Phu Airport,Dien Bien Phu,VN,21.3975,103.008
DIP,DFED,Diapaga Airport,Diapaga,BF,12.05,1.783
DIQ,SNDV,Divinopolis Airport,Divinopolis,BR,-20.1807,-44.8709
DIR,HADR,Aba Tenna Dejazmach Yilma International Airport,Dire Dawa,ET,9.6247,41.8542
DIS,FCPD,Ngot Nzoungou Airport,Dolisie,CG,-4.20635,12.6599
DIU,VA1P,Diu Airport,Diu,IN,20.7131,70.9211
DIY,LTCC,Diyarbakir Airport,Diyarbakir,TR,37.8939,40.201
DJA,DBBD,Djougou Airport,Djougou,BJ,9.69208,1.63778
DJB,WIPA,Sultan Thaha Airport,"Jambi, Sumatra Island",ID,-1.63802,103.644
DJE,DTTJ,Djerba Zarzis International Airport,Djerba,TN,33.875,10.7755
DJG,DAAJ,Djanet Inedbirene Airport,Djanet,DZ,24.2928,9.45244
DJJ,WAJJ,Sentani International Airport,Jayapura-Papua Island,ID,-2.57695,140.51601
DJM,FCBD,Djambala Airport,Djambala,CG,-2.533,14.75
DJN,KD66,Delta Junction Airport,Delta Junction,US,64.050117,-145.722465
DJO,DIDL,Daloa Airport,,CI,6.79281,-6.47319
DJU,BIDV,Djúpivogur Airport,Djúpivogur,IS,64.6442,-14.2828
DKI,YDKI,Dunk Island Airport,,AU,-17.9417,146.14
DKK,KDKK,Chautauqua County/Dunkirk Airport,Dunkirk,US,42.493944,-79.271111
DKR,GOOY,Leopold Sedar Senghor International Airport,Dakar,SN,14.7397,-17.4902
DKS,UODD,Dikson Airport,Dikson,RU,73.51781,80.37967
DKV,YDVR,Docker River Airport,,AU,-24.86,129.07001
DLA,FKKD,Douala International Airport,Douala,CM,4.00608,9.71948
DLC,ZYTL,Zhoushuizi Airport,Dalian,CN,38.9657,121.539
DLE,LFGJ,Dole-Tavaux Airport,Dole/Tavaux,FR,47.039,5.42725
DLF,KDLF,Laughlin Afb Airport,Del Rio,US,29.359399,-100.777923
DLG,PADL,Dillingham Airport,Dillingham,US,59.044667,-158.5055
DLH,KDLH,Duluth International Airport,Duluth,US,46.84207,-92.193237
DLI,VVDL,Lien Khuong Airport,Dalat,VN,11.75,108.367
DLK,YDLK,Dulkaninna Airport,Dulkaninna,AU,-29.0133,138.481
DLL,KDLC,Dillon County Airport,Dillon,US,34.449056,-79.368583
DLM,LTBS,Dalaman International Airport,Dalaman,TR,36.7131,28.7925
DLN,KDLN,Dillon Airport,Dillon,US,45.255361,-112.5525
DLS,KDLS,Columbia Gorge Regional/The Dalles Municipal Airport,The Dalles,US,45.619355,-121.168276
DLU,ZPDL,Dali Airport,Xiaguan,CN,25.6494,100.319
DLV,YDLV,Delissaville Airport,,AU,-12.55,130.685
DLY,NVVD,Dillon's Bay Airport,Dillon's Bay,VU,-18.7694,169.00101
DLZ,ZMDZ,Dalanzadgad Airport,Dalanzadgad,MN,43.5917,104.43
DMA,KDMA,Davis Monthan Afb Airport,Tucson,US,32.166364,-110.88317
DMB,UADD,Aulie-ata International Airport,Taraz,KZ,42.8536,71.3036
DMD,YDMG,Doomadgee Airport,,AU,-17.9403,138.82201
DME,UUDD,Domodedovo International Airport,Moscow,RU,55.4088,37.9063
DMK,VTBD,Don Mueang International Airport,Bangkok,TH,13.9126,100.607
DMM,OEDF,King Fahd International Airport,Ad Dammam,SA,26.4712,49.7979
DMN,KDMN,Deming Municipal Airport,Deming,US,32.262389,-107.719
DMO,KDMO,Sedalia Regional Airport,Sedalia,US,38.707417,-93.175917
DMT,SWDM,Diamantino Airport,Diamantino,BR,-14.3769,-56.4004
DMU,VEMR,Dimapur Airport,Dimapur,IN,25.8839,93.7711
DNA,RODN,Kadena Air Base,,JP,26.3556,127.768
DNB,YDBR,Dunbar Airport,,AU,-16.05,142.39999
DND,EGPN,Dundee Airport,Dundee,GB,56.4525,-3.02583
DNH,ZLDH,Dunhuang Airport,Dunhuang,CN,40.1611,94.8092
DNK,UKDD,Dnipro International Airport,Dnipro,UA,48.3572,35.1006
DNL,KDNL,Daniel Field,Augusta,US,33.466583,-82.039389
DNN,KDNN,Dalton Municipal Airport,Dalton,US,34.722939,-84.870241
DNO,SWDN,Dianopolis Airport,Dianopolis,BR,-11.5954,-46.8467
DNP,VNDG,Tulsipur Airport,Dang,NP,28.1111,82.2942
DNQ,YDLQ,Deniliquin Airport,,AU,-35.5594,144.946
DNR,LFRD,Dinard-Pleurtuit-Saint-Malo Airport,Dinard/Pleurtuit/Saint-Malo,FR,48.5877,-2.07996
DNS,KDNS,Denison Municipal Airport,Denison,US,41.986132,-95.380259
DNV,KDNV,Vermilion Regional Airport,Danville,US,40.199827,-87.595166
DNX,HSGG,Galegu Airport,Dinder,SD,12.533,35.067
DNZ,LTAY,Cardak Airport,Denizli,TR,37.7856,29.7013
DOB,WAPD,Dobo Airport,Dobo-Kobror Island,ID,-5.77222,134.21201
DOD,HTDO,Dodoma Airport,Dodoma,TZ,-6.17044,35.7526
DOE,SMDJ,Djumu-Djomoe Airport,Djumu-Djomoe,SR,4.00571,-55.48164
DOG,HSDN,Dongola Airport,Dongola,SD,19.1539,30.4301
DOH,OTHH,Hamad International Airport,Doha,QA,25.26059,51.61377
DOK,UKCC,Donetsk International Airport,Donetsk,UA,48.0736,37.7397
DOL,LFRG,Deauville-Saint-Gatien Airport,Deauville,FR,49.3653,0.15431
DOM,TDPD,Melville Hall Airport,Marigot,DM,15.547,-61.3
DON,MGDL,Dos Lagunas Airport,Dos Lagunas,GT,17.6124,-89.6884
DOP,VNDP,Dolpa Airport,Dolpa,NP,28.9857,82.8191
DOR,DFEE,Dori Airport,Dori,BF,14.033,-0.033
DOU,SSDO,Dourados Airport,Dourados,BR,-22.2019,-54.9266
DOV,KDOV,Dover Afb Airport,Dover,US,39.129539,-75.465961
DOX,YDRA,Dongara Airport,,AU,-29.3,114.933
DOY,ZSDY,Dongying Shengli Airport,Dongying,CN,37.5086,118.788
DPA,KDPA,Dupage Airport,Chicago/West Chicago,US,41.907053,-88.247995
DPB,SCBI,Pampa Guanaco Airport,Bahia Inutil,CL,-54.045,-68.83167
DPE,LFAB,St Aubin Airport,Dieppe,FR,49.8825,1.08528
DPG,KDPG,Michael Army Air Field (Dugway Proving Ground) Airport,Dugway Proving Ground,US,40.197382,-112.935054
DPL,RPMG,Dipolog Airport,Dipolog City,PH,8.60198,123.34188
DPO,YDPO,Devonport Airport,Devonport,AU,-41.1697,146.42999
DPS,WADD,Ngurah Rai (Bali) International Airport,Denpasar-Bali Island,ID,-8.74817,115.167
DQA,ZYDQ,Saertu Airport,Daqing Shi,CN,46.74639,125.14056
DQM,OODQ,Duqm International Airport,Duqm,OM,19.5019,57.6342
DRA,NV65,Desert Rock Airport,Mercury,US,36.619944,-116.032285
DRB,YDBY,Derby Airport,,AU,-17.37,123.661
DRD,YDOR,Dorunda Airport,,AU,-16.5583,141.808
DRE,KDRM,Drummond Island Airport,Drummond Island,US,46.009311,-83.743934
DRF,3AK5,Drift River Airport,Kenai,US,60.588867,-152.161977
DRG,PADE,Deering Airport,Deering,US,66.069111,-162.767056
DRI,KDRI,Beauregard Regional Airport,De Ridder,US,30.831723,-93.339916
DRJ,SMDA,Drietabbetje Airport,Drietabbetje,SR,4.11667,-54.66667
DRK,MRDK,Drake Bay Airport,Puntarenas,CR,8.71889,-83.6417
DRN,YDBI,Dirranbandi Airport,,AU,-28.5917,148.217
DRO,KDRO,Durango-La Plata County Airport,Durango,US,37.151528,-107.753778
DRP,RPLK,Legazpi Bicol International Airport,Daraga,PH,13.112222,123.677222
DRR,YDRI,Durrie Airport,,AU,-25.685,140.228
DRS,EDDC,Dresden Airport,Dresden,DE,51.1328,13.7672
DRT,KDRT,Del Rio International Airport,Del Rio,US,29.374207,-100.927157
DRU,KM26,Drummond Airport,Drummond,US,46.620762,-113.205066
DRV,VRMD,Dharavandhoo Airport,Dharavandhoo,MV,5.15611,73.13028
DRW,YPDN,Darwin International Airport,Darwin,AU,-12.4147,130.877
DRY,YDRD,Drysdale River Airport,,AU,-15.71357,126.3811
DSC,FKKS,Dschang Airport,Dschang,CM,5.45,10.067
DSD,TFFA,La Desirade Airport,Grande Anse,GP,16.2969,-61.0844
DSE,HADC,Combolcha Airport,Dessie,ET,11.0825,39.7114
DSI,KDTS,Destin Executive Airport,Destin,US,30.400055,-86.471472
DSK,OPDI,Dera Ismael Khan Airport,Dera Ismael Khan,PK,31.9094,70.8966
DSM,KDSM,Des Moines International Airport,Des Moines,US,41.533973,-93.663072
DSN,ZBDS,Ordos Ejin Horo Airport,Ordos,CN,39.49,109.86139
DSO,ZKSD,Sondok Airport,,KP,39.7452,127.474
DSS,GOBD,Blaise Diagne International Airport,Diass,SN,14.67111,-17.06694
DSV,KDSV,Dansville Municipal Airport,Dansville,US,42.570531,-77.713273
DTA,KDTA,Delta Municipal Airport,Delta,US,39.38283,-112.502212
DTB,WIMN,Silangit Airport,"Tingkeum, Sumatra Island",ID,2.25973,98.9919
DTD,WALJ,Datadawai Airport,"Datadawai, Borneo Island",ID,0.626,116.6006
DTE,RPUD,Daet Airport,Daet,PH,14.1292,122.98
DTH,KL06,Furnace Creek Airport,Death Valley National Park,US,36.4605,-116.879806
DTI,SNDT,Diamantina Airport,Diamantina,BR,-18.232,-43.6504
DTL,KDTL,Detroit Lakes/Wething Field,Detroit Lakes,US,46.823046,-95.882786
DTM,EDLW,Dortmund Airport,Dortmund,DE,51.5183,7.61224
DTN,KDTN,Shreveport Downtown Airport,Shreveport,US,32.540822,-93.743836
DTR,WN07,Decatur Shores Airport,Anacortes,US,48.499833,-122.813778
DTW,KDTW,Detroit Metro Wayne County Airport,Detroit,US,42.212431,-83.353393
DUA,KDUA,Durant Regional/Eaker Field,Durant,US,33.939698,-96.395057
DUB,EIDW,Dublin Airport,Dublin,IE,53.4213,-6.27007
DUC,KDUC,Halliburton Field,Duncan,US,34.470873,-97.95986
DUD,NZDN,Dunedin Airport,Dunedin,NZ,-45.9281,170.198
DUE,FNDU,Dundo Airport,Chitato,AO,-7.40089,20.8185
DUF,7NC2,Pine Island Airport,Corolla,US,36.253495,-75.788524
DUG,KDUG,Bisbee Douglas International Airport,Douglas Bisbee,US,31.468944,-109.60375
DUJ,KDUJ,Dubois Regional Airport,Dubois,US,41.178278,-78.898694
DUK,FADK,Mubatuba Airport,Mubatuba,ZA,-28.3684,32.2481
DUM,WIBD,Pinang Kampai Airport,"Dumai, Sumatra Island",ID,1.60919,101.434
DUQ,CAM3,Duncan Airport,Duncan,CA,48.75453,-123.7097
DUR,FALE,King Shaka International Airport,Durban,ZA,-29.61444,31.11972
DUS,EDDL,Dusseldorf International Airport,Dusseldorf,DE,51.2895,6.76678
DUT,PADU,Unalaska Airport,Unalaska,US,53.898944,-166.545028
DVK,CDK2,Diavik Airport,Diavik,CA,64.5114,-110.289
DVL,KDVL,Devils Lake Regional Airport,Devils Lake,US,48.116591,-98.909988
DVN,KDVN,Davenport Municipal Airport,Davenport,US,41.610278,-90.588361
DVO,RPMD,Francisco Bangoy International Airport,Davao City,PH,7.12552,125.646
DVP,YDPD,Davenport Downs Airport,,AU,-24.15,141.108
DVR,YDMN,Daly River Airport,,AU,-13.74981,130.69388
DVT,KDVT,Phoenix Deer Valley Airport,Phoenix,US,33.688306,-112.082556
DWB,FMNO,Soalala Airport,Soalala,MG,-16.10169,45.35884
DWC,OMDW,Al Maktoum International Airport,Jebel Ali,AE,24.89667,55.16139
DWD,OEDM,Al Dawadmi Airport,Al Dawadmi,SA,24.449722,44.121111
DWH,KDWH,David Wayne Hooks Memorial Airport,Houston,US,30.061779,-95.552788
DXB,OMDB,Dubai International Airport,Dubai,AE,25.2528,55.3644
DXD,YDIX,Dixie Airport,New Dixie,AU,-15.11749,143.31605
DXE,KMBO,Bruce Campbell Field,Madison,US,32.438667,-90.103111
DXJ,ZGXX,Xiangxi Biancheng Airport,Xiangxi,CN,28.4972,109.5218
DXN,VIND,Noida International Airport,Jewar,IN,28.175556,77.606111
DXR,KDXR,Danbury Municipal Airport,Danbury,US,41.371534,-73.482189
DYA,YDYS,Dysart Airport,,AU,-22.6222,148.364
DYG,ZGDY,Dayong Airport,Dayong,CN,29.1028,110.443
DYL,KDYL,Doylestown Airport,Doylestown,US,40.333064,-75.122335
DYR,UHMA,Ugolny Airport,Anadyr,RU,64.7349,177.741
DYS,KDYS,Dyess Afb Airport,Abilene,US,32.418476,-99.856545
DYU,UTDD,Dushanbe Airport,Dushanbe,TJ,38.5433,68.825
DYW,YDLW,Daly Waters Airport,Daly Waters,AU,-16.2647,133.38338
DZA,FMCZ,Dzaoudzi Pamandzi International Airport,Dzaoudzi,YT,-12.8047,45.2811
DZH,ZUDA,Dazhou Jinya Airport,Dazhou,CN,31.047313,107.435342
DZN,UAKD,Zhezkazgan Airport,Zhezkazgan,KZ,47.7083,67.7333
DZO,SUDU,Santa Bernardina International Airport,Durazno,UY,-33.3589,-56.4992
EAA,PAEG,Eagle Airport,Eagle,US,64.778083,-141.149611
EAB,OYAB,Abs Airport,Abs,YE,16.011111,43.177778
EAE,NVSE,Sangafa Airport,Sangafa,VU,-17.0903,168.343
EAM,OENG,Nejran Airport,Nejran,SA,17.6114,44.4192
EAN,KEAN,Phifer Airfield,Wheatland,US,42.05552,-104.928283
EAR,KEAR,Kearney Regional Airport,Kearney,US,40.727041,-99.00677
EAS,LESO,San Sebastian Airport,Hondarribia,ES,43.3565,-1.79061
EAT,KEAT,Pangborn Memorial Airport,Wenatchee,US,47.398806,-120.206833
EAU,KEAU,Chippewa Valley Regional Airport,Eau Claire,US,44.865806,-91.48425
EAX,SMEG,Eduard Alexander Gummels International Airport,Paramaribo,SR,5.856694,-55.193
EBA,LIRJ,Marina Di Campo Airport,Marina  Di Campo,IT,42.7603,10.2394
EBB,HUEN,Entebbe International Airport,Kampala,UG,0.04239,32.4435
EBD,HSOB,El Obeid Airport,Al-Ubayyid,SD,13.1532,30.2327
EBG,SKEB,El Bagre Airport,El Bagre,CO,7.59647,-74.8089
EBH,DAOY,El Bayadh Airport,El Bayadh,DZ,33.72167,1.0925
EBJ,EKEB,Esbjerg Airport,Esbjerg,DK,55.5259,8.5534
EBL,ORER,Erbil International Airport,Arbil,IQ,36.2376,43.9632
EBM,DTTR,El Borma Airport,El Borma,TN,31.7043,9.25462
EBS,KEBS,Webster City Municipal Airport,Webster City,US,42.436414,-93.868967
EBU,LFMH,Saint-Etienne-Boutheon Airport,Saint-Etienne/Boutheon,FR,45.5406,4.29639
EBW,FKKW,Ebolowa Airport,Ebolowa,CM,2.876,11.185
ECA,K6D9,Iosco County Airport,East Tawas,US,44.312833,-83.422306
ECG,KECG,Elizabeth City Cg Air Station/Regional Airport,Elizabeth City,US,36.260576,-76.174567
ECH,YECH,Echuca Airport,,AU,-36.1572,144.76199
ECN,LCEN,Ercan International Airport,Nicosia,CY,35.1547,33.4961
ECP,KECP,Northwest Florida Beaches International Airport,Panama City,US,30.358241,-85.795602
ECS,KECS,Mondell Field,Newcastle,US,43.88425,-104.3145
EDB,HSDB,El Debba Airport,El Debba,SD,18.025,30.9583
EDC,KEDC,Austin Executive Airport,Austin,US,30.397493,-97.566394
EDE,KEDE,Northeastern Regional Airport,Edenton,US,36.02859,-76.569767
EDF,PAED,Elmendorf Afb Airport,Anchorage,US,61.251353,-149.806526
EDI,EGPH,Edinburgh Airport,Edinburgh,GB,55.95,-3.3725
EDK,KEQA,El Dorado/Capt Jack Thomas Memorial Airport,El Dorado,US,37.774111,-96.817722
EDL,HKEL,Eldoret International Airport,Eldoret,KE,0.40446,35.2389
EDM,LFRI,La Roche-sur-Yon Airport,La Roche-sur-Yon/Les Ajoncs,FR,46.7019,-1.37863
EDO,LTFD,Balikesir Korfez Airport,Edremit,TR,39.5546,27.0138
EDR,YPMP,Pormpuraaw Airport,,AU,-14.8967,141.60899
EDW,KEDW,Edwards Afb Airport,Edwards,US,34.908088,-117.885529
EED,KEED,Needles Airport,Needles,US,34.766347,-114.62328
EEK,PAEE,Eek Airport,Eek,US,60.213694,-162.043889
EEN,KEEN,Dillant/Hopkins Airport,Keene,US,42.898389,-72.270778
EFD,KEFD,Ellington Airport,Houston,US,29.607333,-95.15875
EFK,KEFK,Northeast Kingdom International Airport,Newport,US,44.888176,-72.228635
EFL,LGKF,Kefallinia Airport,Kefallinia Island,GR,38.1201,20.5005
EFW,KEFW,Jefferson Municipal Airport,Jefferson,US,42.009833,-94.341806
EGC,LFBE,Bergerac-Roumaniere Airport,Bergerac/Roumaniere,FR,44.8253,0.51861
EGE,KEGE,Eagle County Regional Airport,Eagle,US,39.64275,-106.915944
EGI,KEGI,"Duke Field,(Eglin Af Aux Nr 3) Airport",Crestview,US,30.648587,-86.521959
EGM,AGGS,Sege Airport,Sege,SB,-8.57889,157.87601
EGN,HSGN,Geneina Airport,Geneina,SD,13.4817,22.4672
EGO,UUOB,Belgorod International Airport,Belgorod,RU,50.6438,36.5901
EGP,K5T9,Maverick County Memorial International Airport,Eagle Pass,US,28.857093,-100.513468
EGS,BIEG,Egilsstaðir Airport,Egilsstaðir,IS,65.2833,-14.4014
EGV,KEGV,Eagle River Union Airport,Eagle River,US,45.932333,-89.268278
EGX,PAII,Egegik Airport,Egegik,US,58.18549,-157.375428
EHL,SAVB,El Bolson Airport,El Bolson,AR,-41.9432,-71.5323
EHM,PAEH,Cape Newenham Lrrs Airport,Cape Newenham,US,58.64815,-162.063803
EHU,ZHEC,Ezhou Huahu Airport,Ezhou,CN,30.34286,115.02961
EIB,EDGE,Eisenach-Kindel Airport,Eisenach,DE,50.99278,10.47278
EIE,UNII,Yeniseysk Airport,Yeniseysk,RU,58.4742,92.1125
EIH,YEIN,Einasleigh Airport,Einasleigh,AU,-18.5033,144.09399
EIK,URKE,Yeysk Airport,Yeysk,RU,46.68,38.21
EIL,PAEI,Eielson Afb Airport,Fairbanks,US,64.66564,-147.10143
EIN,EHEH,Eindhoven Airport,Eindhoven,NL,51.4501,5.37453
EIS,TUPJ,Terrance B. Lettsome International Airport,Road Town,VG,18.4448,-64.543
EIY,LLEY,Ein Yahav Airfield,Sapir,IL,30.6217,35.2033
EJA,SKEJ,Yariguies Airport,Barrancabermeja,CO,7.02433,-73.8068
EJH,OEWJ,Al Wajh Domestic Airport,Al Wajh,SA,26.1986,36.4764
EJN,ZBEN,Ejina Banner Taolai Airport,,CN,42.015556,101.000556
EKA,KEKA,Murray Field,Eureka,US,40.803398,-124.11279
EKI,KEKM,Elkhart Municipal Airport,Elkhart,US,41.719406,-86.003219
EKN,KEKN,Elkins/Randolph County (Jennings Randolph Field) Airport,Elkins,US,38.889444,-79.857139
EKO,KEKO,Elko Regional Airport,Elko,US,40.824999,-115.791337
EKS,UHSK,Shakhtyorsk Airport,Shakhtersk,RU,49.1903,142.08299
EKT,ESSU,Eskilstuna Airport,Eskilstuna,SE,59.3511,16.7084
EKX,KEKX,Addington Field,Elizabethtown,US,37.686,-85.925028
ELA,KELA,Eagle Lake Airport,Eagle Lake,US,29.600028,-96.321944
ELB,SKBC,Las Flores Airport,El Banco,CO,9.04554,-73.9749
ELC,YELD,Elcho Island Airport,Elcho Island,AU,-12.0194,135.571
ELD,KELD,South Arkansas Regional At Goodwin Field,El Dorado,US,33.221238,-92.811749
ELF,HSFS,El Fasher Airport,El Fasher,SD,13.6149,25.3246
ELG,DAUE,El Golea Airport,,DZ,30.5713,2.85959
ELH,MYEH,North Eleuthera Airport,North Eleuthera,BS,25.4749,-76.6835
ELI,PFEL,Elim Airport,Elim,US,64.614972,-162.270528
ELK,KELK,Elk City Regional Business Airport,Elk City,US,35.430778,-99.394278
ELL,FAER,Ellisras Matimba Airport,Ellisras,ZA,-23.7267,27.6883
ELM,KELM,Elmira/Corning Regional Airport,Elmira/Corning,US,42.159855,-76.891748
ELN,KELN,Bowers Field,Ellensburg,US,47.034846,-120.528859
ELO,SATD,El Dorado Airport,El Dorado,AR,-26.3975,-54.5747
ELP,KELP,El Paso International Airport,El Paso,US,31.807333,-106.376361
ELQ,OEGS,Gassim Airport,,SA,26.3028,43.7744
ELS,FAEL,Ben Schoeman Airport,East London,ZA,-33.0356,27.8259
ELT,HETR,El Tor Airport,,EG,28.209,33.6455
ELU,DAUO,Guemar Airport,Guemar,DZ,33.5114,6.77679
ELY,KELY,Ely/Yelland Field,Ely,US,39.299688,-114.841878
ELZ,KELZ,Wellsville Municipal/Tarantine Field,Wellsville,US,42.109524,-77.989979
EMA,EGNX,East Midlands Airport,Nottingham,GB,52.8311,-1.32806
EMD,YEML,Emerald Airport,Emerald,AU,-23.5675,148.179
EME,EDWE,Emden Airport,Emden,DE,53.39111,7.2275
EMG,FAEM,Empangeni Airport,Empangeni,ZA,-28.72,31.89
EMK,PAEM,Emmonak Airport,Emmonak,US,62.786139,-164.49075
EML,LSME,Emmen Airport,,CH,47.0924,8.30512
EMM,KEMM,Kemmerer Municipal Airport,Kemmerer,US,41.824083,-110.556944
EMN,GQNI,Nema Airport,Nema,MR,16.622,-7.3166
EMP,KEMP,Emporia Municipal Airport,Emporia,US,38.330563,-96.189932
EMT,KEMT,San Gabriel Valley Airport,El Monte,US,34.086009,-118.034845
EMX,SAVD,El Maiten Airport,El Maiten,AR,-42.0292,-71.1725
ENA,PAEN,Kenai Municipal Airport,Kenai,US,60.573278,-151.244833
ENB,YEEB,Eneabba Airport,Eneabba,AU,-29.8325,115.246
ENC,LFSN,Nancy-Essey Airport,Nancy/Essey,FR,48.6921,6.23046
END,KEND,Vance Afb Airport,Enid,US,36.339806,-97.917239
ENE,WATE,Ende (H Hasan Aroeboesman) Airport,Ende-Flores Island,ID,-8.84929,121.661
ENF,EFET,Enontekio Airport,Enontekio,FI,68.3626,23.4243
ENH,ZHES,Enshi Airport,Enshi,CN,30.3203,109.485
ENI,RPEN,El Nido Airport,El Nido,PH,11.2025,119.416
ENK,EGAB,St Angelo Airport,Enniskillen,GB,54.3989,-7.65167
ENL,KENL,Centralia Municipal Airport,Centralia,US,38.515083,-89.091139
ENN,PANN,Nenana Municipal Airport,Nenana,US,64.5473,-149.073925
ENO,SGEN,Encarnacion Airport,Encarnacion,PY,-27.3,-55.91
ENS,EHTW,Twenthe Airport,Enschede,NL,52.27,6.87417
ENU,DNEN,Akanu Ibiam International Airport,Enegu,NG,6.47427,7.56196
ENV,KENV,Wendover Airport,Wendover,US,40.718725,-114.028674
ENW,KENW,Kenosha Regional Airport,Kenosha,US,42.596063,-87.927324
ENY,ZLYA,Yan'an Airport,Yan'an,CN,36.6369,109.554
EOH,SKMD,Enrique Olaya Herrera Airport,Medellin,CO,6.22055,-75.59058
EOI,EGED,Eday Airport,Eday,GB,59.1906,-2.77222
EOK,KEOK,Keokuk Municipal Airport,Keokuk,US,40.459908,-91.428501
EOR,SVED,El Dorado Airport,Bolivar,VE,6.73333,-61.58333
EOS,KEOS,Neosho Hugh Robinson Airport,Neosho,US,36.810806,-94.391694
EOZ,SVEZ,Elorza Airport,,VE,7.08333,-69.53333
EPA,SADP,El Palomar Airport,El Palomar,AR,-34.6099,-58.6126
EPG,NE69,Browns Airport,Weeping Water,US,40.868653,-96.108794
EPH,KEPH,Ephrata Municipal Airport,Ephrata,US,47.308072,-119.516914
EPL,LFSG,Epinal-Mirecourt Airport,Epinal/Mirecourt,FR,48.325,6.06998
EPR,YESP,Esperance Airport,,AU,-33.6844,121.823
EPS,MDAB,Arroyo Barril Airport,Arroyo Barril,DO,19.1986,-69.4298
EPU,EEPU,Parnu Airport,Parnu,EE,58.419,24.4728
EQS,SAVE,Brigadier Antonio Parodi Airport,Esquel,AR,-42.908,-71.1395
ERA,HCMU,Erigavo Airport,Erigavo,SO,10.64205,47.38798
ERB,YERN,Ernabella Airport,,AU,-26.2633,132.18201
ERC,LTCD,Erzincan Airport,Erzincan,TR,39.7102,39.527
ERD,UKDB,Berdyansk Airport,Berdiansk,UA,46.815,36.7581
ERF,EDDE,Erfurt Airport,Erfurt,DE,50.9798,10.9581
ERG,UIKE,Yerbogachen Airport,Erbogachen,RU,61.275,108.03
ERH,GMFK,Moulay Ali Cherif Airport,Errachidia,MA,31.9475,-4.39833
ERI,KERI,Erie International/Tom Ridge Field,Erie,US,42.083083,-80.173944
ERL,ZBER,Erenhot Saiwusu International Airport,Erenhot,CN,43.4225,112.09667
ERM,SSER,Erechim Airport,Erechim,BR,-27.6619,-52.2683
ERN,SWEI,Eirunepe Airport,Eirunepe,BR,-6.63953,-69.8798
ERR,KERR,Errol Airport,Errol,US,44.792167,-71.164525
ERS,FYWE,Eros Airport,Windhoek,NA,-22.6122,17.0804
ERV,KERV,Kerrville Municipal/Louis Schreiner Field,Kerrville,US,29.976667,-99.085472
ERZ,LTCE,Erzurum International Airport,Erzurum,TR,39.9565,41.1702
ESB,LTAC,Esenboga International Airport,Ankara,TR,40.1281,32.9951
ESC,KESC,Delta County Airport,Escanaba,US,45.722674,-87.093716
ESD,KORS,Orcas Island Airport,Eastsound,US,48.708337,-122.910595
ESE,MMES,Ensenada Airport,,MX,31.7953,-116.603
ESF,KESF,Esler Regional Airport,Alexandria,US,31.394904,-92.295773
ESG,SGME,Dr. Luis Maria Argana International Airport,Mariscal Estigarribia,PY,-22.05,-60.62
ESH,EGKA,Shoreham Airport,Brighton,GB,50.8356,-0.29722
ESI,SBEP,Espinosa Airport,Espinosa,BR,-14.93369,-42.81
ESK,LTBI,Eskişehir Air Base,Eskişehir,TR,39.7841,30.5821
ESL,URWI,Elista Airport,Elista,RU,46.3739,44.3309
ESM,SETN,General Rivadeneira Airport,Tachina,EC,0.97852,-79.6266
ESN,KESN,Easton/Newnam Field,Easton,US,38.80416,-76.06899
ESO,KE14,Ohkay Owingeh Airport,Espanola,US,36.026119,-106.045415
ESR,SCES,Ricardo Garcia Posada Airport,El Salvador,CL,-26.3111,-69.7652
ESS,EDLE,Essen Mulheim Airport,,DE,51.4023,6.93733
EST,KEST,Estherville Municipal Airport,Estherville,US,43.407472,-94.746389
ESU,GMMI,Mogador Airport,Essaouira,MA,31.3975,-9.68167
ESW,KESW,Easton State Airport,Easton,US,47.254184,-121.185532
ETB,KETB,West Bend Municipal Airport,West Bend,US,43.422174,-88.127926
ETD,YEDA,Etadunna Airport,Etadunna,AU,-28.7408,138.589
ETE,HAMM,Metema Airport,Metema,ET,12.933,36.167
ETM,LLER,Ilan and Asaf Ramon Airport,Eilat,IL,29.72717,35.01417
ETN,KETN,Eastland Municipal Airport,Eastland,US,32.414889,-98.809694
ETR,SERO,Coronel Artilleria Victor Larrea Airport,Santa Rosa,EC,-3.43516,-79.9778
ETS,KEDN,Enterprise Municipal Airport,Enterprise,US,31.299722,-85.899833
ETZ,LFJL,Metz-Nancy-Lorraine Airport,Metz / Nancy,FR,48.9821,6.25132
EUA,NFTE,Kaufana Airport,Eua Island,TO,-21.3783,-174.95799
EUC,YECL,Eucla Airport,,AU,-31.7,128.883
EUE,K05U,Eureka Airport,Eureka,US,39.60375,-116.003611
EUF,KEUF,Weedon Field,Eufaula,US,31.951306,-85.128917
EUG,KEUG,Mahlon Sweet Field,Eugene,US,44.124583,-123.211972
EUM,EDHN,Neumunster Airport,Neumunster,DE,54.07944,9.94139
EUN,GMML,Hassan I Airport,El Aaiun,EH,27.1517,-13.2192
EUQ,RPVS,Evelio Javier Airport,San Jose,PH,10.766,121.933
EUX,TNCE,F. D. Roosevelt Airport,Sint Eustatius,BQ,17.4965,-62.9794
EVD,YEVA,Eva Downs Airport,Eva Downs,AU,-18.001,134.86301
EVE,ENEV,Harstad/Narvik Airport Evenes,Evenes,NO,68.4913,16.6781
EVG,ESND,Sveg Airport,,SE,62.0478,14.4229
EVH,YEVD,Evans Head Aerodrome,,AU,-29.0933,153.42
EVM,KEVM,Eveleth/Virginia Municipal Airport,Eveleth,US,47.424167,-92.496556
EVN,UDYZ,Zvartnots International Airport,Yerevan,AM,40.1473,44.3959
EVV,KEVV,Evansville Regional Airport,Evansville,US,38.040804,-87.528494
EVW,KEVW,Evanston-Uinta County Burns Field,Evanston,US,41.274791,-111.034631
EVX,LFOE,Evreux-Fauville (BA 105) Air Base,Evreux/Fauville,FR,49.0287,1.21986
EWB,KEWB,New Bedford Regional Airport,New Bedford,US,41.676566,-70.957836
EWI,WABT,Enarotali Airport,Enarotali-Papua Island,ID,-3.9259,136.377
EWK,KEWK,Newton-City-County Airport,Newton,US,38.057079,-97.275207
EWN,KEWN,Coastal Carolina Regional Airport,New Bern,US,35.072854,-77.04302
EWO,FCOE,Ewo Airport,Ewo,CG,-0.883,14.8
EWR,KEWR,Newark Liberty International Airport,Newark,US,40.692481,-74.168688
EXM,YEXM,Exmouth Airport,,AU,-22.0333,114.1
EXT,EGTE,Exeter International Airport,Exeter,GB,50.7344,-3.41389
EYL,GAYE,Yelimane Airport,Yelimane,ML,15.133,-10.567
EYP,SKYP,El Yopal Airport,El Yopal,CO,5.31911,-72.384
EYR,KO43,Yerington Municipal Airport,Yerington,US,39.005402,-119.156542
EYS,HKES,Eliye Springs Airport,Eliye Springs,KE,3.21667,35.9667
EYW,KEYW,Key West International Airport,Key West,US,24.55612,-81.759956
EZE,SAEZ,Ministro Pistarini International Airport,Ezeiza,AR,-34.8222,-58.5358
EZS,LTCA,Elazig Airport,Elazig,TR,38.6069,39.2914
EZV,USHB,Berezovo Airport,,RU,63.921,65.0305
FAA,GUFH,Faranah Airport,,GN,10.0355,-10.7698
FAB,EGLF,Farnborough Airport,Farnborough,GB,51.2758,-0.77633
FAC,NTKF,Faaite Airport,,PF,-16.6867,-145.32899
FAE,EKVG,Vagar Airport,Vagar,FO,62.0636,-7.27722
FAF,KFAF,Felker Army Air Field,Fort Eustis,US,37.132609,-76.608936
FAG,BIFM,Fagurhólsmýri Airport,Fagurhólsmýri,IS,63.8747,-16.6411
FAH,OAFR,Farah Airport,Farah,AF,32.367,62.183
FAI,PAFA,Fairbanks International Airport,Fairbanks,US,64.815356,-147.856667
FAM,KFAM,Farmington Regional Airport,Farmington,US,37.760892,-90.428668
FAO,LPFR,Faro Airport,Faro,PT,37.0144,-7.96591
FAQ,AYFR,Frieda River Airport,Frieda River,PG,-4.61047,141.96014
FAR,KFAR,Hector International Airport,Fargo,US,46.920639,-96.81575
FAT,KFAT,Fresno Yosemite International Airport,Fresno,US,36.776556,-119.718833
FAU,OOFD,Fahud Airport,Fahud,OM,22.35476,56.48415
FAV,NTGF,Fakarava Airport,,PF,-16.0541,-145.657
FAY,KFAY,Fayetteville Regional/Grannis Field,Fayetteville,US,34.991211,-78.880274
FAZ,OISF,Fasa Airport,Fasa,IR,28.8918,53.7233
FBA,SWOB,Fonte Boa Airport,Fonte Boa,BR,-2.53261,-66.0832
FBD,OAFZ,Faizabad Airport,Faizabad,AF,37.1211,70.5181
FBE,SSFB,Francisco Beltrao Airport,Francisco Beltrao,BR,-26.0592,-53.0635
FBG,KFBG,Simmons Army Air Field,Fort Bragg,US,35.132096,-78.935346
FBK,PAFB,Ladd Army Air Field,Fairbanks/Ft Wainwright,US,64.837612,-147.614492
FBL,KFBL,Faribault Municipal-Liz Wall Strohfus Field,Faribault,US,44.328969,-93.313074
FBM,FZQA,Lubumbashi International Airport,Lubumbashi,CD,-11.5913,27.5309
FBR,KFBR,Fort Bridger Airport,Fort Bridger,US,41.393333,-110.405972
FBY,KFBY,Fairbury Municipal Airport,Fairbury,US,40.181972,-97.167889
FCA,KGPI,Glacier Park International Airport,Kalispell,US,48.3105,-114.256
FCB,FAFB,Ficksburg Sentraoes Airport,Ficksburg,ZA,-28.8231,27.9089
FCH,KFCH,Fresno Chandler Executive Airport,Fresno,US,36.732124,-119.820333
FCM,KFCM,Flying Cloud Airport,Minneapolis,US,44.827507,-93.458572
FCO,LIRF,Leonardo Da Vinci (Fiumicino) International Airport,Rome,IT,41.8045,12.2508
FCS,KFCS,Butts Army Air Field (Fort Carson) Airport,Fort Carson,US,38.678304,-104.75648
FCY,KFCY,Hutfly Airport,Forrest City,US,34.941998,-90.774966
FDA,SKFU,Fundacion Airport,Fundacion,CO,10.5333,-74.2
FDE,ENBL,Bringeland Airport,Førde,NO,61.3911,5.75694
FDF,TFFF,Martinique Aime Cesaire International Airport,Fort-de-France,MQ,14.591,-61.0032
FDH,EDNY,Friedrichshafen Airport,Friedrichshafen,DE,47.6713,9.51149
FDK,KFDK,Frederick Municipal Airport,Frederick,US,39.417021,-77.374732
FDO,SADF,San Fernando Airport,San Fernando,AR,-34.4532,-58.5896
FDR,KFDR,Frederick Regional Airport,Frederick,US,34.352096,-98.983909
FDU,FZBO,Bandundu Airport,,CD,-3.31132,17.3817
FDY,KFDY,Findlay Airport,Findlay,US,41.012028,-83.668611
FEB,VNSR,Sanfebagar Airport,Sanfebagar,NP,29.233,81.217
FEC,SNJD,Joao Durval Carneiro Airport,Feira De Santana,BR,-12.2003,-38.9068
FEG,UZKF,Fergana Airport,Fergana,UZ,40.3588,71.745
FEJ,SNOU,Feijó Airport,Feijó,BR,-8.14083,-70.34722
FEK,DIFK,Ferkessedougou Airport,Ferkessedougou,CI,9.6,-5.2
FEL,ETSF,Furstenfeldbruck Airport,Furstenfeldbruck,DE,48.20555,11.26694
FEN,SBFN,Fernando de Noronha Airport,Fernando De Noronha,BR,-3.85493,-32.4233
FEP,KFEP,Albertus Airport,Freeport,US,42.246115,-89.581977
FET,KFET,Fremont Municipal Airport,Fremont,US,41.449944,-96.521194
FEZ,GMFF,Saiss Airport,Fes,MA,33.9273,-4.97796
FFA,KFFA,First Flight Airport,Kill Devil Hills,US,36.017583,-75.671583
FFD,EGVA,RAF Fairford,Fairford,GB,51.6822,-1.79003
FFL,KFFL,Fairfield Municipal Airport,Fairfield,US,41.05572,-91.980822
FFM,KFFM,Fergus Falls Regional Airport,Fergus Falls,US,46.284395,-96.156688
FFO,KFFO,Wright-Patterson Afb Airport,Dayton,US,39.825971,-84.046103
FFT,KFFT,Capital City Airport,Frankfort,US,38.181732,-84.90675
FFU,SCFT,Futaleufu Airport,Futaleufu,CL,-43.1892,-71.8511
FGD,GQPF,Fderik Airport,Fderik,MR,22.667,-12.733
FGI,NSFI,Fagali'i Airport,Apia,WS,-13.8487,-171.74001
FGU,NTGB,Fangatau Airport,,PF,-15.8199,-140.88699
FHU,KFHU,Sierra Vista Municipal-Libby Army Air Field,Fort Huachuca Sierra Vista,US,31.588461,-110.344375
FHZ,NTKH,Fakahina Airport,Fakahina,PF,-15.9922,-140.16499
FID,K0B8,Elizabeth Field,Fishers Island,US,41.252139,-72.031639
FIE,EGEF,Fair Isle Airport,Fair Isle,GB,59.5358,-1.62806
FIG,GUFA,Fria Airport,,GN,10.3506,-13.5692
FIH,FZAA,Ndjili International Airport,Kinshasa,CD,-4.38575,15.4446
FIK,YFNE,Finke Airport,Finke,AU,-25.5947,134.58299
FIL,KFOM,Fillmore Municipal Airport,Fillmore,US,38.958139,-112.363139
FIN,AYFI,Finschhafen Airport,Buki,PG,-6.62175,147.85405
FIZ,YFTZ,Fitzroy Crossing Airport,,AU,-18.1819,125.559
FJR,OMFJ,Fujairah International Airport,,AE,25.1122,56.324
FKB,EDSB,Karlsruhe Baden-Baden Airport,Baden-Baden,DE,48.7794,8.0805
FKI,FZIC,Bangoka International Airport,Kisangani,CD,0.48164,25.338
FKJ,RJNF,Fukui Airport,,JP,36.1428,136.224
FKL,KFKL,Venango Regional Airport,Franklin,US,41.377417,-79.860639
FKN,KFKN,Franklin Regional Airport,Franklin,US,36.700296,-76.902136
FKQ,WASF,Fakfak Airport,Fakfak-Papua Island,ID,-2.92019,132.267
FKS,RJSF,Fukushima Airport,Sukagawa,JP,37.2274,140.431
FLA,SKFL,Gustavo Artunduaga Paredes Airport,Florencia,CO,1.58919,-75.5644
FLB,SNQG,Cangapara Airport,Floriano,BR,-6.84639,-43.0773
FLD,KFLD,Fond Du Lac County Airport,Fond Du Lac,US,43.771174,-88.488418
FLF,EDXF,Flensburg-Schäferhaus Airport,Flensburg,DE,54.77333,9.37889
FLG,KFLG,Flagstaff Pulliam Airport,Flagstaff,US,35.140316,-111.669241
FLI,BIHT,Holt Airport,Flateyri,IS,66.01418,-23.44169
FLL,KFLL,Fort Lauderdale/Hollywood International Airport,Fort Lauderdale,US,26.071667,-80.149694
FLM,SGFI,Filadelfia Airport,Filadelfia,PY,-22.36,-60.05
FLN,SBFL,Hercilio Luz International Airport,Florianopolis,BR,-27.67028,-48.5525
FLO,KFLO,Florence Regional Airport,Florence,US,34.185363,-79.723883
FLP,KFLP,Marion County Regional Airport,Flippin,US,36.290889,-92.59025
FLR,LIRQ,Firenze / Peretola Airport,Firenze,IT,43.81,11.2051
FLS,YFLI,Flinders Island Airport,,AU,-40.0917,147.993
FLT,KFLT,Flat Airport,Flat,US,62.452781,-157.986747
FLV,KFLV,Sherman Army Air Field,Fort Leavenworth,US,39.367576,-94.91434
FLW,LPFL,Flores Airport,Santa Cruz das Flores,PT,39.4553,-31.1314
FLX,KFLX,Fallon Municipal Airport,Fallon,US,39.499169,-118.748792
FLY,YFIL,Finley Airport,,AU,-35.6667,145.55
FLZ,WIMS,Dr Ferdinand Lumban Tobing Airport,"Sibolga, Sumatra Island",ID,1.55594,98.8889
FMA,SARF,Formosa Airport,Formosa,AR,-26.2127,-58.2281
FME,KFME,Fort Meade Executive Airport,Fort Meade (Odenton),US,39.085334,-76.75946
FMG,MRFL,Flamingo Airport,Brasilito,CR,10.4186,-85.7827
FMH,KFMH,Cape Cod Coast Guard Air Station,Falmouth,US,41.659139,-70.522806
FMI,FZRF,Kalemie Airport,,CD,-5.87556,29.25
FMM,EDJA,Memmingen Allgau Airport,Memmingen,DE,47.9888,10.2395
FMN,KFMN,Four Corners Regional Airport,Farmington,US,36.741251,-108.229942
FMO,EDDG,Munster Osnabruck Airport,Munster,DE,52.1346,7.68483
FMS,KFSW,Fort Madison Municipal Airport,Fort Madison,US,40.659111,-91.32775
FMU,K6S2,Florence Municipal Airport,Florence,US,43.982818,-124.111367
FMY,KFMY,Page Field,Fort Myers,US,26.586615,-81.863247
FNA,GFLL,Lungi International Airport,Freetown,SL,8.61644,-13.1955
FNB,ETNU,Neubrandenburg Airport,,DE,53.6022,13.306
FNC,LPMA,Madeira Airport,Funchal,PT,32.6979,-16.7745
FND,VRCF,Funadhoo Airport,Funadhoo,MV,6.161111,73.287222
FNE,AYFA,Fane Airport,Fane Mission,PG,-8.54928,147.08583
FNG,DFEF,Fada N'gourma Airport,Fada N'gourma,BF,12.033,0.35
FNH,HAFN,Fincha Airport,Fincha,ET,9.583,37.35
FNI,LFTW,Nimes-Arles-Camargue Airport,Nimes/Garons,FR,43.7574,4.41635
FNJ,ZKPY,Pyongyang International Airport,Pyongyang,KP,39.2241,125.67
FNL,KFNL,Northern Colorado Regional Airport,Fort Collins/Loveland,US,40.451816,-105.011326
FNT,KFNT,Bishop International Airport,Flint,US,42.965464,-83.744738
FNU,LIER,Oristano / Fenosu Airport,Oristano,IT,39.8943,8.6404
FOB,82CL,Fort Bragg Airport,Fort Bragg,US,39.474333,-123.795571
FOC,ZSFZ,Fuzhou Changle International Airport,Fuzhou,CN,25.9351,119.663
FOD,KFOD,Fort Dodge Regional Airport,Fort Dodge,US,42.551194,-94.191833
FOE,KFOE,Topeka Regional Airport,Topeka,US,38.950949,-95.663614
FOG,LIBF,Foggia / Gino Lisa Airport,Foggia,IT,41.4329,15.535
FOK,KFOK,Francis S Gabreski Airport,Westhampton Beach,US,40.843619,-72.631812
FOM,FKKM,Foumban Nkounja Airport,Foumban,CM,5.63692,10.7508
FON,MRAN,Arenal Airport,La Fortuna/San Carlos,CR,10.478,-84.6345
FOO,WABF,Kornasoren Airfield,Kornasoren-Numfoor Island,ID,-0.93633,134.87199
FOR,SBFZ,Pinto Martins International Airport,Fortaleza,BR,-3.77628,-38.5326
FOS,YFRT,Forrest Airport,,AU,-30.8381,128.11501
FOT,YFST,Forster (Wallis Is) Airport,,AU,-32.2042,152.479
FOU,FOGF,Fougamou Airport,Fougamou,GA,-1.283,10.617
FPO,MYGF,Grand Bahama International Airport,Freeport,BS,26.5587,-78.6956
FPR,KFPR,Treasure Coast International Airport,Fort Pierce,US,27.497472,-80.372639
FPY,KFPY,Perry-Foley Airport,Perry,US,30.070812,-83.581544
FRA,EDDF,Frankfurt am Main International Airport,Frankfurt am Main,DE,50.0264,8.54313
FRB,YFBS,Forbes Airport,Forbes,AU,-33.3636,147.935
FRC,SIMK,Franca Airport,Franca,BR,-20.5922,-47.3829
FRD,KFHR,Friday Harbor Airport,Friday Harbor,US,48.521972,-123.024361
FRE,AGGF,Fera/Maringe Airport,Fera Island,SB,-8.1075,159.577
FRG,KFRG,Republic Airport,Farmingdale,US,40.729274,-73.413421
FRH,KFRH,French Lick Municipal Airport,French Lick,US,38.506222,-86.636944
FRI,KFRI,Marshall Army Air Field,Fort Riley (Junction City),US,39.052639,-96.764508
FRK,FSSF,Fregate Island Airport,Fregate Island,SC,-4.583,55.95
FRL,LIPK,Forli Airport,Forli,IT,44.1948,12.0701
FRM,KFRM,Fairmont Municipal Airport,Fairmont,US,43.643938,-94.415616
FRN,PAFR,Bryant Army Air Field,Fort Richardson (Anchorage),US,61.2659,-149.653308
FRO,ENFL,Florø Airport,Florø,NO,61.5836,5.02472
FRR,KFRR,Front Royal-Warren County Airport,Front Royal,US,38.917512,-78.253373
FRS,MGTK,Mundo Maya International Airport,San Benito,GT,16.9138,-89.8664
FRT,SCFR,Frutillar Airport,Frutillar,CL,-41.13083,-73.06472
FRW,FBFT,Francistown Airport,Francistown,BW,-21.1596,27.4745
FRY,KIZG,White Mountain Regional Airport,Fryeburg,US,43.991139,-70.947889
FRZ,ETHF,Fritzlar Airport,Fritzlar,DE,51.1146,9.286
FSC,LFKF,Figari Sud-Corse Airport,Figari Sud-Corse,FR,41.5006,9.09778
FSD,KFSD,Joe Foss Field,Sioux Falls,US,43.582018,-96.741925
FSI,KFSI,Henry Post Army Air Field (Fort Sill) Airport,Fort Sill,US,34.649827,-98.402185
FSK,KFSK,Fort Scott Municipal Airport,Fort Scott,US,37.798361,-94.769361
FSM,KFSM,Fort Smith Regional Airport,Fort Smith,US,35.336647,-94.366109
FSP,LFVP,St Pierre Airport,Saint-Pierre,PM,46.7629,-56.1731
FSS,EGQK,RAF Kinloss,Kinloss,GB,57.6494,-3.56064
FST,KFST,Fort Stockton-Pecos County Airport,Fort Stockton,US,30.91525,-102.912778
FSU,KFSU,Fort Sumner Municipal Airport,Fort Sumner,US,34.488751,-104.216418
FSZ,RJNS,Mt. Fuji Shizuoka Airport,,JP,34.79604,138.18775
FTA,NVVF,Futuna Airport,Futuna Island,VU,-19.5164,170.23199
FTE,SAWC,El Calafate Airport,El Calafate,AR,-50.2803,-72.0531
FTI,NSFQ,Fitiuta Airport,Fitiuta Village,AS,-14.216112,-169.423549
FTK,KFTK,Godman Army Air Field,Fort Knox,US,37.907065,-85.972036
FTU,FMSD,Tolanaro Airport,Tolanaro,MG,-25.0381,46.9561
FTW,KFTW,Fort Worth Meacham International Airport,Fort Worth,US,32.81977,-97.36245
FTX,FCOO,Owando Airport,Owando,CG,-0.53135,15.9501
FTY,KFTY,Fulton County Executive/Charlie Brown Field,Atlanta,US,33.780119,-84.520708
FUE,GCFV,Fuerteventura Airport,Fuerteventura Island,ES,28.4527,-13.8638
FUG,ZSFY,Fuyang Xiguan Airport,Fuyang,CN,32.88216,115.73436
FUJ,RJFE,Fukue Airport,Goto,JP,32.6663,128.83299
FUK,RJFF,Fukuoka Airport,Fukuoka,JP,33.5859,130.451
FUL,KFUL,Fullerton Municipal Airport,Fullerton,US,33.872014,-117.979784
FUN,NGFU,Funafuti International Airport,Funafuti,TV,-8.525,179.196
FUO,ZGFS,Foshan Shadi Airport,Foshan,CN,23.0833,113.07
FUT,NLWF,Pointe Vele Airport,Futuna Island,WF,-14.3114,-178.06599
FVL,YFLO,Flora Valley Airport,,AU,-18.2833,128.41701
FVM,VRMF,Fuvahmulah Airport,Fuvahmulah Island,MV,-0.30972,73.435
FWA,KFWA,Fort Wayne International Airport,Fort Wayne,US,40.978472,-85.195167
FWH,KNFW,Fort Worth Nas Jrb (Carswell Field) Airport,Fort Worth,US,32.769186,-97.441535
FWL,0AA4,Farewell Airport,Farewell,US,62.509183,-153.890626
FXE,KFXE,Fort Lauderdale Executive Airport,Fort Lauderdale,US,26.197279,-80.170706
FXO,FQCB,Cuamba Airport,Cuamba,MZ,-14.815,36.53
FXY,KFXY,Forest City Municipal/Trimble Field,Forest City,US,43.234757,-93.624104
FYM,KFYM,Fayetteville Municipal Airport,Fayetteville,US,35.059694,-86.564
FYT,FTTY,Faya Largeau Airport,,TD,17.9171,19.1111
FYU,PFYU,Fort Yukon Airport,Fort Yukon,US,66.572417,-145.246333
FYV,KFYV,Drake Field,Fayetteville,US,36.005096,-94.170063
GAB,KGAB,Gabbs Airport,Gabbs,US,38.922264,-117.958561
GAC,MHGS,Gracias Airport,El Molino,HN,14.59667,-88.59417
GAD,KGAD,Northeast Alabama Regional Airport,Gadsden,US,33.970405,-86.091289
GAE,DTTG,Gabes Matmata International Airport,Gabès,TN,33.8769,10.1033
GAF,DTTF,Gafsa Ksar International Airport,Gafsa,TN,34.422,8.8225
GAG,KGAG,Gage Airport,Gage,US,36.295765,-99.776496
GAH,YGAY,Gayndah Airport,,AU,-25.6144,151.619
GAI,KGAI,Montgomery County Airpark,Gaithersburg,US,39.168333,-77.166
GAJ,RJSC,Yamagata Airport,Yamagata,JP,38.4119,140.371
GAL,PAGA,Edward G Pitka Sr Airport,Galena,US,64.73619,-156.934555
GAM,PAGM,Gambell Airport,Gambell,US,63.766616,-171.732784
GAN,VRMG,Gan International Airport,Gan,MV,-0.69333,73.15556
GAO,MUGT,Mariana Grajales Airport,Guantanamo,CU,20.0853,-75.1583
GAP,AYGP,Gusap Airport,Gusap,PG,-6.0532,145.95905
GAQ,GAGO,Gao Airport,,ML,16.2484,-0.00546
GAR,AYGI,Garaina Airport,Garaina,PG,-7.87563,147.14127
GAS,HKGA,Garissa Airport,Garissa,KE,-0.46351,39.6483
GAT,LFNA,Gap - Tallard Airport,Avignon,FR,44.455,6.03778
GAU,VEGT,Lokpriya Gopinath Bordoloi International Airport,Guwahati,IN,26.1061,91.5859
GAW,VYGG,Gangaw Airport,Gangaw,MM,22.1747,94.1344
GAY,VEGY,Gaya Airport,,IN,24.7443,84.9512
GBA,EGBP,Kemble Airport,Kemble,GB,51.6681,-2.05694
GBB,UBBQ,Gabala International Airport,Gabala,AZ,40.82667,47.7125
GBD,KGBD,Great Bend Municipal Airport,Great Bend,US,38.344251,-98.859197
GBE,FBSK,Sir Seretse Khama International Airport,Gaborone,BW,-24.5552,25.9182
GBF,AYNE,Negarbo(Negabo) Airport,Negarbo,PG,-6.56778,144.70306
GBG,KGBG,Harrel W Timmons Galesburg Regional Airport,Galesburg,US,40.938001,-90.431124
GBH,PAGB,Galbraith Lake Airport,Galbraith Lake,US,68.479667,-149.489917
GBI,VOGB,Kalaburagi,Gulbarga,IN,17.30778,76.95806
GBJ,TFFM,Les Bases Airport,Grand Bourg,GP,15.8687,-61.27
GBK,GFGK,Gbangbatok Airport,Gbangbatok,SL,7.767,-12.383
GBL,YGBI,South Goulburn Is Airport,,AU,-11.65,133.382
GBP,YGAM,Gamboola Airport,,AU,-16.55,143.66701
GBR,KGBR,Great Barrington Airport,Great Barrington,US,42.184214,-73.403241
GBT,OING,Gorgan Airport,Gorgan,IR,36.9094,54.4013
GBU,HSKG,Khashm El Girba Airport,Khashm El Girba,SD,14.925,35.878
GBV,YGIB,Gibb River Airport,,AU,-16.4233,126.445
GBW,YGIA,Ginbata,Ginbata,AU,-22.57867,120.03941
GBZ,NZGB,Great Barrier Aerodrome,Claris,NZ,-36.2414,175.472
GCC,KGCC,Northeast Wyoming Regional Airport,Gillette,US,44.348908,-105.539367
GCD,K3W7,Grand Coulee Dam Airport,Electric City,US,47.922056,-119.083
GCH,OIAH,Gachsaran Airport,,IR,30.3376,50.828
GCI,EGJB,Guernsey Airport,Saint Peter Port,GG,49.435,-2.60197
GCJ,FAGC,Grand Central Airport,Midrand,ZA,-25.9863,28.1401
GCK,KGCK,Garden City Regional Airport,Garden City,US,37.927528,-100.724417
GCM,MWCR,Owen Roberts International Airport,Georgetown,KY,19.2928,-81.3577
GCN,KGCN,Grand Canyon Ntl Park Airport,Grand Canyon,US,35.952361,-112.146972
GCT,K1Z1,Grand Canyon Bar Ten Airstrip,Whitmore,US,36.2565,-113.230889
GCW,K1G4,Grand Canyon West Airport,Peach Springs,US,35.986111,-113.816917
GCY,KGCY,Greeneville Municipal Airport,Greeneville,US,36.195734,-82.811366
GDC,KGYH,Donaldson Field,Greenville,US,34.758313,-82.376414
GDD,YGDN,Gordon Downs Airport,Gordon Downs,AU,-18.6781,128.592
GDE,HAGO,Gode Airport,Gode,ET,5.93513,43.5786
GDG,UHBI,Magdagachi Airport,Magdagachi,RU,53.4733,125.795
GDI,FEGL,Gordil Airport,Melle,CF,9.583,21.733
GDJ,FZWC,Gandajika Airport,Gandajika,CD,-6.733,23.95
GDL,MMGL,Don Miguel Hidalgo Y Costilla International Airport,Guadalajara,MX,20.5218,-103.311
GDM,KGDM,Gardner Municipal Airport,Gardner,US,42.549883,-72.016019
GDN,EPGD,Gdańsk Lech Wałęsa Airport,Gdańsk,PL,54.3776,18.4662
GDO,SVGD,Guasdalito Airport,,VE,7.23333,-70.8
GDP,SNGD,Guadalupe Airport,Guadalupe,BR,-6.78222,-43.5822
GDQ,HAGN,Gonder Airport,Gondar,ET,12.5199,37.434
GDT,MBGT,JAGS McCartney International Airport,Cockburn Town,TC,21.4445,-71.1423
GDV,KGDV,Dawson Community Airport,Glendive,US,47.138722,-104.807222
GDW,KGDW,Gladwin Zettel Memorial Airport,Gladwin,US,43.970589,-84.47502
GDX,UHMM,Sokol Airport,Magadan,RU,59.911,150.72
GDZ,URKG,Gelendzhik Airport,Gelendzhik,RU,44.58209,38.01248
GEA,NWWM,Noumea Magenta Airport,Noumea,NC,-22.2583,166.47301
GEB,WAMJ,Gebe Airport,Gebe Island,ID,-0.07889,129.45799
GED,KGED,Delaware Coastal Airport,Georgetown,US,38.687633,-75.359304
GEE,YGTO,Georgetown (Tas) Airport,,AU,-41.08,146.84
GEF,AGEV,Geva Airport,Liangia,SB,-7.57583,156.597
GEG,KGEG,Spokane International Airport,Spokane,US,47.619028,-117.535222
GEL,SBNM,Santo Angelo Airport,Santo Angelo,BR,-28.2817,-54.1691
GEO,SYCJ,Cheddi Jagan International Airport,Georgetown,GY,6.49855,-58.2541
GER,MUNG,Rafael Cabrera Airport,Nueva Gerona,CU,21.8347,-82.7838
GES,RPMR,General Santos International Airport,General Santos,PH,6.058,125.096
GET,YGEL,Geraldton Airport,,AU,-28.7961,114.707
GEV,ESNG,Gallivare Airport,Gallivare,SE,67.1324,20.8146
GEY,KGEY,South Big Horn County Airport,Greybull,US,44.517944,-108.083
GFD,KGFD,Pope Field,Greenfield,US,39.790321,-85.736089
GFF,YGTH,Griffith Airport,Griffith,AU,-34.2508,146.067
GFK,KGFK,Grand Forks International Airport,Grand Forks,US,47.947868,-97.175685
GFL,KGFL,Floyd Bennett Memorial Airport,Glens Falls,US,43.341222,-73.610306
GFN,YGFN,Grafton Airport,,AU,-29.7594,153.03
GFO,SYBT,Bartica A Airport,Bartica,GY,6.37477,-58.6381
GFR,LFRF,Granville Airport,Granville,FR,48.8831,-1.56417
GFY,FYGF,Grootfontein Airport,Grootfontein,NA,-19.6022,18.1227
GGB,SWHP,Fazenda Olhos D`agua Airport,Agua Boa,BR,-14.01944,-52.15222
GGD,YGDS,Gregory Downs Airport,,AU,-18.625,139.233
GGE,KGGE,Georgetown County Airport,Georgetown,US,33.311417,-79.320306
GGF,SNYA,Almeirim Airport,Almeirim,BR,-1.49194,-52.57833
GGG,KGGG,East Texas Regional Airport,Longview,US,32.384,-94.7115
GGH,SSCT,Cianorte Airport,Cianorte,BR,-23.6915,-52.6419
GGM,HKKG,Kakamega Airport,Kakamega,KE,0.27134,34.7873
GGN,DIGA,Gagnoa Airport,Gagnoa,CI,6.133,-5.95
GGO,DIGL,Guiglo Airport,Guiglo,CI,6.52499,-7.47861
GGR,HCMW,Garowe Airport,Garowe,SO,8.46,48.568333
GGS,SAWR,Gobernador Gregores Airport,Gobernador Gregores,AR,-48.7831,-70.15
GGT,MYEF,Exuma International Airport,George Town,BS,23.5626,-75.878
GGW,KGGW,Wokal Field/Glasgow-Valley County Airport,Glasgow,US,48.212444,-106.614806
GHA,DAUG,Noumerat - Moufdi Zakaria Airport,Ghardaia,DZ,32.3841,3.79411
GHB,MYEM,Governor's Harbour Airport,Governor's Harbour,BS,25.2847,-76.331
GHC,MYBG,Great Harbour Cay Airport,,BS,25.7383,-77.8401
GHF,ETEU,Giebelstadt Army Air Field,,DE,49.6481,9.96649
GHM,KGHM,Centerville Municipal Airport,Centerville,US,35.837416,-87.445377
GHT,HLGT,Ghat Airport,Ghat,LY,25.1456,10.1426
GHU,SAAG,Gualeguaychu Airport,Gualeguaychu,AR,-33.0103,-58.6131
GHV,LRBV,Braşov-Ghimbav International Airport,Braşov,RO,45.70611,25.52333
GIB,LXGB,Gibraltar Airport,Gibraltar,GI,36.1512,-5.34966
GIC,YBOI,Boigu Airport,,AU,-9.23278,142.218
GID,HBBE,Gitega Airport,Gitega,BI,-3.41721,29.91131
GIF,KGIF,Winter Haven Regional Airport,Winter Haven,US,28.06292,-81.753314
GIG,SBGL,Galeao - Antonio Carlos Jobim International Airport,Rio De Janeiro,BR,-22.81,-43.25056
GII,GUSI,Siguiri Airport,Siguiri,GN,11.433,-9.167
GIL,OPGT,Gilgit Airport,Gilgit,PK,35.9188,74.3336
GIR,SKGI,Santiago Vila Airport,Girardot,CO,4.27624,-74.7967
GIS,NZGS,Gisborne Airport,Gisborne,NZ,-38.6633,177.978
GIU,VCCS,Sigiriya Airport,Sigiriya,LK,7.95667,80.7285
GIY,FAGI,Giyani Airport,Giyani,ZA,-23.2833,30.65
GIZ,OEGN,Jizan Regional Airport,Jizan,SA,16.9011,42.5858
GJA,MHNJ,La Laguna Airport,Guanaja,HN,16.4454,-85.9066
GJL,DAAV,Jijel Ferhat Abbas Airport,Jijel,DZ,36.7951,5.87361
GJM,SBGM,Guajara-Mirim Airport,Guajara-Mirim,BR,-10.7864,-65.2848
GJR,BIGJ,Gjögur Airport,Gjögur,IS,65.9953,-21.3269
GJT,KGJT,Grand Junction Regional Airport,Grand Junction,US,39.121499,-108.525486
GKA,AYGA,Goroka Airport,Goronka,PG,-6.08169,145.392
GKD,LTFK,Imroz Airport,Gokceada,TR,40.2045,25.8833
GKE,ETNG,Geilenkirchen Airport,,DE,50.9608,6.04242
GKK,VRMO,Kooddoo Airport,Kooddoo,MV,0.733078,73.434202
GKL,YGKL,Great Keppel Is Airport,,AU,-23.1833,150.942
GKN,PAGK,Gulkana Airport,Gulkana,US,62.154335,-145.455292
GKT,KGKT,Gatlinburg-Pigeon Forge Airport,Sevierville,US,35.857759,-83.528703
GLA,EGPF,Glasgow International Airport,Glasgow,GB,55.8719,-4.43306
GLB,KP13,San Carlos Apache Airport,Globe,US,33.353139,-110.667361
GLD,KGLD,Renner Field/Goodland Municipal Airport,Goodland,US,39.370741,-101.698734
GLE,KGLE,Gainesville Municipal Airport,Gainesville,US,33.652194,-97.197278
GLF,MRGF,Golfito Airport,Golfito,CR,8.65401,-83.1822
GLG,YGLE,Glengyle Airport,,AU,-24.8083,139.60001
GLH,KGLH,Greenville Mid-Delta Airport,Greenville,US,33.485247,-90.984486
GLI,YGLI,Glen Innes Airport,,AU,-29.675,151.689
GLJ,SKGZ,Garzon La Jagua Airport,Garzon,CO,2.1464,-75.6944
GLK,HCMR,Galcaio Airport,Galcaio,SO,6.78083,47.4547
GLL,ENKL,Gol Airport,Klanten,NO,60.7914,9.05056
GLM,YGLO,Glenormiston Airport,,AU,-22.8883,138.825
GLO,EGBJ,Gloucestershire Airport,Staverton,GB,51.8942,-2.16722
GLR,KGLR,Gaylord Regional Airport,Gaylord,US,45.013028,-84.703444
GLS,KGLS,Scholes International At Galveston Airport,Galveston,US,29.265333,-94.860417
GLT,YGLA,Gladstone Airport,Gladstone,AU,-23.8697,151.22301
GLU,VQGP,Gelephu Airport,Gelephu,BT,26.884639,90.464165
GLV,PAGL,Golovin Airport,Golovin,US,64.550459,-163.007172
GLW,KGLW,Glasgow Municipal Airport,Glasgow,US,37.031776,-85.953756
GLX,WAMA,Gamarmalamo Airport,Galela-Celebes Island,ID,1.83833,127.786
GLZ,EHGR,Gilze Rijen Air Base,Breda,NL,51.5674,4.93183
GMA,FZFK,Gemena Airport,Gemena,CD,3.23537,19.7713
GMB,HAGM,Gambella Airport,Gambela,ET,8.12876,34.5631
GMD,GMMB,Ben Slimane Airport,Ben Slimane,MA,33.6554,-7.22145
GME,UMGG,Gomel Airport,Gomel,BY,52.527,31.0167
GMI,AYGT,Gasmata Island Airport,Gasmata Island,PG,-6.27111,150.33099
GMM,FCOG,Gamboma Airport,Gamboma,CG,-1.8294,15.88524
GMN,NZGM,Greymouth Airport,,NZ,-42.4617,171.19
GMO,DNGO,Gombe Lawanti International Airport,Gombe,NG,10.29833,10.89639
GMP,RKSS,Gimpo International Airport,Seoul,KR,37.5583,126.791
GMR,NTGJ,Totegegie Airport,,PF,-23.0799,-134.89
GMS,SNGM,Fazenda Canada Airport,Uberlandia,BR,-18.8625,-48.41528
GMT,PAGZ,Granite Mountain Air Station,Granite Mountain,US,65.402133,-161.281475
GMU,KGMU,Greenville Downtown Airport,Greenville,US,34.847932,-82.349998
GMV,UT25,Monument Valley Airport,Monument Valley,US,37.016667,-110.200685
GMZ,GCGM,La Gomera Airport,Alajero,ES,28.0296,-17.2146
GNA,UMMG,Hrodna Airport,Hrodna,BY,53.602,24.0538
GNB,LFLS,Grenoble-Isere Airport,Grenoble/Saint-Geoirs,FR,45.3629,5.32937
GND,TGPY,Point Salines International Airport,Saint George's,GD,12.0042,-61.7862
GNF,K2O1,Gansner Field,Quincy,US,39.943917,-120.945389
GNG,KGNG,Gooding Municipal Airport,Gooding,US,42.917081,-114.766338
GNI,RCGI,Lyudao Airport,Lyudao,TW,22.6739,121.466
GNJ,UBBG,Ganja Airport,Ganja,AZ,40.73883,46.32
GNM,SNGI,Guanambi Airport,Guanambi,BR,-14.2082,-42.7461
GNR,SAHR,Dr. Arturo H. Illia Airport,General Roca,AR,-39.0007,-67.6205
GNS,WIMB,Binaka Airport,"Gunung Sitoli, Nias Island",ID,1.16638,97.7047
GNT,KGNT,Grants-Milan Municipal Airport,Grants,US,35.167278,-107.902056
GNU,KGNU,Goodnews Airport,Goodnews,US,59.117861,-161.573667
GNV,KGNV,Gainesville Regional Airport,Gainesville,US,29.690056,-82.271778
GNY,LTCS,Sanliurfa GAP Airport,Sanliurfa,TR,37.44566,38.89559
GNZ,FBGZ,Ghanzi Airport,Ghanzi,BW,-21.6925,21.6581
GOA,LIMJ,Genova / Sestri Cristoforo Colombo Airport,Genova,IT,44.4133,8.8375
GOB,HAGB,Robe Airport,Goba,ET,7.017,40.0
GOG,FYGB,Gobabis Airport,Gobabis,NA,-22.5044,18.9731
GOH,BGGH,Nuuk Airport,Nuuk,GL,64.191,-51.678
GOI,VOGO,Dabolim Airport,Dabolim,IN,15.3808,73.8314
GOJ,UWGG,Nizhny Novgorod International Airport,Nizhny Novgorod,RU,56.2301,43.784
GOK,KGOK,Guthrie/Edmond Regional Airport,Guthrie,US,35.851258,-97.41609
GOL,K4S1,Gold Beach Municipal Airport,Gold Beach,US,42.415361,-124.424917
GOM,FZNA,Goma International Airport,Goma,CD,-1.67081,29.2385
GON,KGON,Groton-New London Airport,Groton (New London),US,41.330056,-72.045139
GOO,YGDI,Goondiwindi Airport,,AU,-28.5214,150.32001
GOP,VEGK,Gorakhpur Airport,Gorakhpur,IN,26.7397,83.4497
GOQ,ZLGM,Golmud Airport,Golmud,CN,36.4006,94.7861
GOR,HAGR,Gore Airport,Gore,ET,8.1614,35.5529
GOT,ESGG,Gothenburg-Landvetter Airport,Gothenburg,SE,57.6628,12.2798
GOU,FKKR,Garoua International Airport,Garoua,CM,9.33589,13.3701
GOV,YPGV,Gove Airport,Nhulunbuy,AU,-12.2694,136.81799
GOX,VOGA,Manohar International Airport,Mopa,IN,15.7322,73.868
GOY,VCCG,Amparai Airport,Amparai,LK,7.33708,81.6259
GOZ,LBGO,Gorna Oryahovitsa Airport,Gorna Oryahovitsa,BG,43.1514,25.7129
GPA,LGRX,Araxos Airport,Patras,GR,38.1511,21.4256
GPB,SBGU,Tancredo Thomas de Faria Airport,Guarapuava,BR,-25.3875,-51.5202
GPI,SKGP,Juan Casiano Airport,Guapi,CO,2.57013,-77.8986
GPL,MRGP,Guapiles Airport,Pococi,CR,10.2172,-83.797
GPN,YGPT,Garden Point Airport,,AU,-11.4025,130.422
GPO,SAZG,General Pico Airport,General Pico,AR,-35.6962,-63.7583
GPS,SEGS,Seymour Airport,Baltra,EC,-0.45376,-90.2659
GPT,KGPT,Gulfport-Biloxi International Airport,Gulfport,US,30.407269,-89.070096
GPZ,KGPZ,Grand Rapids/Itasca County-Gordon Newstrom Field,Grand Rapids,US,47.209284,-93.509945
GQQ,KGQQ,Galion Municipal Airport,Galion,US,40.753389,-82.723806
GRB,KGRB,Green Bay/Austin Straubel International Airport,Green Bay,US,44.484634,-88.129713
GRD,KGRD,Greenwood County Airport,Greenwood,US,34.250394,-82.157809
GRE,KGRE,Greenville Airport,Greenville,US,38.836222,-89.378889
GRF,KGRF,Gray Army Air Field (Joint Base Lewis-Mcchord) Airport,Fort Lewis/Tacoma,US,47.079219,-122.580783
GRI,KGRI,Central Nebraska Regional Airport,Grand Island,US,40.967543,-98.309639
GRJ,FAGG,George Airport,George,ZA,-34.0056,22.3789
GRK,KGRK,Robert Gray Army Air Field,Fort Hood (Killeen),US,31.06725,-97.828917
GRL,AYGG,Garasa Airport,Au,PG,-7.98071,147.21346
GRM,KCKC,Grand Marais/Cook County Airport,Grand Marais,US,47.838432,-90.384578
GRN,KGRN,Gordon Municipal Airport,Gordon,US,42.805978,-102.17525
GRO,LEGE,Girona Airport,Girona,ES,41.901,2.76055
GRP,SWGI,Gurupi Airport,Gurupi,BR,-11.7396,-49.1322
GRQ,EHGG,Eelde Airport,Groningen,NL,53.1197,6.57944
GRR,KGRR,Gerald R Ford International Airport,Grand Rapids,US,42.880833,-85.522806
GRS,LIRS,Grosseto Airport,Grosetto,IT,42.7597,11.0719
GRU,SBGR,Guarulhos - Governador Andre Franco Montoro International Airport,Sao Paulo,BR,-23.43556,-46.47306
GRV,URMG,Grozny North Airport,Grozny,RU,43.3883,45.6986
GRW,LPGR,Graciosa Airport,Santa Cruz da Graciosa,PT,39.0922,-28.0298
GRX,LEGR,Federico Garcia Lorca Airport,Granada,ES,37.1887,-3.77736
GRY,BIGR,Grímsey Airport,Grímsey,IS,66.5458,-18.0173
GRZ,LOWG,Graz Airport,Graz,AT,46.9911,15.4396
GSA,WBKN,Long Pasia Airport,Long Miau,MY,4.4,115.717
GSB,KGSB,Seymour Johnson Afb Airport,Goldsboro,US,35.339385,-77.960594
GSC,YGSC,Gascoyne Junction Airport,,AU,-25.05,115.2
GSE,ESGP,Gothenburg City Airport,Gothenburg,SE,57.7747,11.8704
GSH,KGSH,Goshen Municipal Airport,Goshen,US,41.526133,-85.794325
GSI,SOGS,Grand-Santi Airport,Grand-Santi,GF,4.28583,-54.37306
GSJ,MGSJ,San Jose Airport,Puerto San Jose,GT,13.9362,-90.8358
GSM,OIKQ,Dayrestan Airport,,IR,26.7546,55.9024
GSN,YMGN,Mount Gunson Airport,Mount Gunson,AU,-31.4597,137.174
GSO,KGSO,Piedmont Triad International Airport,Greensboro,US,36.101327,-79.941123
GSP,KGSP,Greenville Spartanburg International Airport,Greer,US,34.895671,-82.218859
GSQ,HEOW,Shark El Oweinat International Airport,,EG,22.5857,28.7166
GSR,HCMG,Gardo Airport,Gardo,SO,9.517,49.083
GSS,FASE,Sabi Sabi Airport,Belfast,ZA,-24.9415,31.4446
GST,PAGS,Gustavus Airport,Gustavus,US,58.425278,-135.707417
GSU,HSGF,Azaza Airport,Gedaref,SD,14.133,35.317
GSV,UWSG,Gagarin Airport,Saratov,RU,51.71283,46.17117
GTA,AGOK,Gatokae Airport,Gatokae,SB,-8.73917,158.20306
GTE,YGTE,Groote Eylandt Airport,Groote Eylandt,AU,-13.975,136.46001
GTF,KGTF,Great Falls International Airport,Great Falls,US,47.482299,-111.370279
GTG,KGTG,Grantsburg Municipal Airport,Grantsburg,US,45.798378,-92.664331
GTI,EDCG,Rugen Airport,Rugen,DE,54.38333,13.32556
GTN,NZGT,Glentanner Airport,Glentanner Station,NZ,-43.9067,170.12801
GTO,WAMG,Jalaluddin Airport,Gorontalo-Celebes Island,ID,0.63712,122.85
GTP,K3S8,Grants Pass Airport,Grants Pass,US,42.510121,-123.38799
GTR,KGTR,Golden Triangle Regional Airport,Columbus/W Point/Starkville,US,33.448278,-88.591389
GTS,YTGT,The Granites Airport,The Granites,AU,-20.5483,130.347
GTT,YGTN,Georgetown Airport,,AU,-18.305,143.53
GTY,KW05,Gettysburg Regional Airport,Gettysburg,US,39.841309,-77.27465
GUA,MGGT,La Aurora Airport,Guatemala City,GT,14.5833,-90.5275
GUB,MMGR,Guerrero Negro Airport,Guerrero Negro,MX,28.0261,-114.024
GUC,KGUC,Gunnison-Crested Butte Regional Airport,Gunnison,US,38.534333,-106.93175
GUD,GAGM,Goundam Airport,Goundam,ML,16.3614,-3.59972
GUF,KJKA,Gulf Shores International/Jack Edwards Field,Gulf Shores,US,30.289639,-87.671778
GUH,YGDH,Gunnedah Airport,,AU,-30.9611,150.25101
GUI,SVGI,Guiria Airport,,VE,10.57408,-62.31267
GUJ,SBGW,Guaratingueta Airport,Guaratingueta,BR,-22.7916,-45.2048
GUL,YGLB,Goulburn Airport,,AU,-34.8103,149.726
GUM,PGUM,Guam International Airport,Tamuning,GU,13.483952,144.797129
GUP,KGUP,Gallup Municipal Airport,Gallup,US,35.511058,-108.789309
GUQ,SVGU,Guanare Airport,Guanare,VE,9.02694,-69.75515
GUR,AYGN,Gurney Airport,Gurney,PG,-10.3115,150.334
GUS,KGUS,Grissom Arb Airport,Peru,US,40.648092,-86.152119
GUT,ETUO,Gutersloh Airport,Gutersloh,DE,51.9228,8.30633
GUU,BIGF,Grundarfjörður Airport,Grundarfjörður,IS,64.9914,-23.2247
GUV,AYML,Mougulu Airport,Mougulu,PG,-6.28086,142.42077
GUW,UATG,Atyrau International Airport,Atyrau,KZ,47.1219,51.8214
GUX,VAGN,Guna Airport,,IN,24.6547,77.3473
GUY,KGUY,Guymon Municipal Airport,Guymon,US,36.684155,-101.506969
GUZ,SNGA,Guarapari Airport,Guarapari,BR,-20.6465,-40.4919
GVA,LSGG,Geneva Cointrin International Airport,Geneva,CH,46.2381,6.10895
GVE,KGVE,Gordonsville Municipal Airport,Gordonsville,US,38.155984,-78.16578
GVI,AYGV,Green River Airport,Green River,PG,-3.90224,141.17052
GVL,KGVL,Lee Gilmer Memorial Airport,Gainesville,US,34.272626,-83.830226
GVN,UHKM,Maygatka Airport.,Sovetskaya Gavan,RU,48.927,140.034
GVP,YGNV,Greenvale Airport,,AU,-18.9833,145.117
GVR,SBGV,Governador Valadares Airport,Governador Valadares,BR,-18.8952,-41.9822
GVT,KGVT,Majors Airport,Greenville,US,33.067833,-96.065333
GVX,ESSK,Gavle Sandviken Airport,Gavle / Sandviken,SE,60.5933,16.9514
GWA,VYGW,Gwa Airport,Gwa,MM,17.6,94.5833
GWD,OPGD,Gwadar International Airport,Gwadar,PK,25.2333,62.3295
GWE,FVTL,Thornhill Air Base,Gweru,ZW,-19.4364,29.8619
GWL,VIGR,Gwalior Airport,Gwalior,IN,26.2933,78.2278
GWO,KGWO,Greenwood-Leflore Airport,Greenwood,US,33.493309,-90.086677
GWS,KGWS,Kgws Sumers Airpark,Glenwood Springs,US,39.506,-107.309083
GWT,EDXW,Westerland Sylt Airport,Westerland,DE,54.9132,8.34047
GWV,2LA8,Fokker Field,Bush,US,30.593175,-89.873478
GXF,OYSY,Sayun International Airport,Sayun,YE,15.9661,48.7883
GXG,FNNG,Negage Airport,Negage,AO,-7.75451,15.2877
GXH,ZLXH,Gannan Xiahe Airport,Xiahe,CN,34.819014,102.622261
GXM,WAGA,Kuala Kurun,Kuala Kurun,ID,-1.128903,113.873075
GXQ,SCCY,Teniente Vidal Airport,Coyhaique,CL,-45.5942,-72.1061
GXX,FKKJ,Yagoua Airport,Yagoua,CM,10.3561,15.2372
GXY,KGXY,Greeley-Weld County Airport,Greeley,US,40.437417,-104.633222
GYA,SLGY,Capitan de Av. Emilio Beltran Airport,Guayaramerin,BO,-10.8206,-65.3456
GYD,UBBB,Heydar Aliyev International Airport,Baku,AZ,40.4675,50.0467
GYE,SEGU,Simon Bolivar International Airport,Guayaquil,EC,-2.15742,-79.8836
GYG,UEMM,Magan Airport,Magan,RU,62.10348,129.54529
GYI,HRYG,Gisenyi Airport,Gisenyi,RW,-1.6772,29.2589
GYL,YARG,Argyle Airport,,AU,-16.6369,128.451
GYM,MMGM,General Jose Maria Yanez International Airport,Guaymas,MX,27.969,-110.925
GYN,SBGO,Santa Genoveva Airport,Goiania,BR,-16.632,-49.2207
GYP,YGYM,Gympie Airport,,AU,-26.2828,152.702
GYR,KGYR,Phoenix Goodyear Airport,Goodyear,US,33.423278,-112.375361
GYS,ZUGU,Guangyuan Airport,Guangyuan,CN,32.3911,105.702
GYU,ZLGY,Guyuan Liupanshan Airport,Guyuan,CN,36.07889,106.21694
GYY,KGYY,Gary/Chicago International Airport,Gary/Chicago,US,41.61725,-87.414528
GYZ,YGRM,Gruyere Airport,,AU,-28.03417,123.81417
GZG,ZUGZ,Garze Gesar Airport,Garze,CN,31.7575,99.554167
GZO,AGGN,Nusatupe Airport,Gizo,SB,-8.09778,156.864
GZP,LTFG,Gazipasa Airport,Gazipasa,TR,36.29922,32.3006
GZT,LTAJ,Gaziantep International Airport,Gaziantep,TR,36.9472,37.4787
GZW,OIIK,Qazvin Airport,Qazvin,IR,36.2401,50.0471
HAA,ENHK,Hasvik Airport,Hasvik,NO,70.4867,22.1397
HAB,KHAB,Marion County-Rankin Fite Airport,Hamilton,US,34.116944,-87.998222
HAC,RJTH,Hachijojima Airport,Hachijojima,JP,33.115,139.786
HAD,ESMT,Halmstad Airport,Halmstad,SE,56.6911,12.8202
HAF,KHAF,Half Moon Bay Airport,Half Moon Bay,US,37.513444,-122.501167
HAH,FMCH,Prince Said Ibrahim International Airport,Moroni,KM,-11.5337,43.2719
HAI,KHAI,Three Rivers Municipal/Dr Haines Airport,Three Rivers,US,41.95974,-85.593062
HAJ,EDDV,Hannover Airport,Hannover,DE,52.4611,9.68508
HAK,ZJHK,Haikou Meilan International Airport,Haikou,CN,19.9349,110.459
HAM,EDDH,Hamburg Airport,Hamburg,DE,53.6304,9.98823
HAN,VVNB,Noi Bai International Airport,Hanoi,VN,21.2212,105.807
HAO,KHAO,Butler County Regional/Hogan Field,Hamilton,US,39.36375,-84.521944
HAQ,VRMH,Hanimaadhoo International Airport,Haa Dhaalu,MV,6.74611,73.16833
HAR,KCXY,Capital City Airport,Harrisburg,US,40.217139,-76.851361
HAS,OEHL,Hail Airport,,SA,27.4379,41.6863
HAT,YHTL,Heathlands Airport,,AU,-11.75,142.58299
HAU,ENHD,Haugesund Airport,Karmoy,NO,59.3453,5.20836
HAV,MUHA,Jose Marti International Airport,Havana,CU,22.9892,-82.4091
HAW,EGFE,Haverfordwest Airport,Haverfordwest,GB,51.8331,-4.96111
HAY,SKAG,Aguachica Airport,Aguachica,CO,8.3,-73.6306
HBA,YMHB,Hobart International Airport,Hobart,AU,-42.8361,147.50999
HBB,NM83,Industrial Airpark,Hobbs,US,32.766781,-103.208821
HBE,HEBA,Borg El Arab International Airport,Alexandria,EG,30.9177,29.6964
HBG,KHBG,Hattiesburg Bobby L Chain Municipal Airport,Hattiesburg,US,31.264944,-89.252889
HBK,KP14,Holbrook Municipal Airport,Holbrook,US,34.940722,-110.1385
HBQ,ZLHB,Haibei Qilian Airport,Haibei,CN,38.012,100.644
HBR,KHBR,Hobart Regional Airport,Hobart,US,34.989917,-99.053059
HBT,OEKK,King Khaled Military City Airport,King Khaled Military City,SA,27.9009,45.5282
HBU,ZMBS,Bulgan Sum Airport,,MN,46.1006,91.5842
HBX,VAHB,Hubli Airport,Hubli,IN,15.3617,75.0849
HCA,KBPG,Big Spring/Mc Mahon-Wrinkle Airport,Big Spring,US,32.212618,-101.521646
HCC,K1B1,Columbia County Airport,Hudson,US,42.291295,-73.710323
HCM,HCME,Eil Airport,Eil,SO,7.917,49.8
HCN,RCKW,Hengchun Airport,Hengchung,TW,22.0411,120.73
HCQ,YHLC,Halls Creek Airport,,AU,-18.2339,127.67
HCR,PAHC,Holy Cross Airport,Holy Cross,US,62.188306,-159.774944
HCW,KCQW,Cheraw Municipal/Lynch Bellinger Field,Cheraw,US,34.712861,-79.957
HCZ,ZGCZ,Chenzhou Beihu Airport,Chenzhou,CN,25.753213,112.844963
HDD,OPKD,Hyderabad Airport,Hyderabad,PK,25.3181,68.3661
HDE,KHDE,Brewster Field,Holdrege,US,40.451808,-99.336028
HDF,EDAH,Heringsdorf Airport,Heringsdorf,DE,53.8787,14.1523
HDG,ZBHD,Handan Airport,Handan,CN,36.52583,114.42556
HDH,PHDH,Kawaihapai Airfield,Mokuleia,US,21.579474,-158.197281
HDK,VRBK,Kulhudhuffushi Airport,Kulhudhuffushi,MV,6.63111,73.06667
HDM,OIHH,Hamadan Airport,Hamadan,IR,34.8692,48.5525
HDN,KHDN,Yampa Valley Airport,Hayden,US,40.481194,-107.217667
HDO,VIDX,Hindon Airport,Ghaziabad,IN,28.70579,77.342137
HDR,OIKP,Havadarya Airport,Havadarya,IR,27.1583,56.1725
HDS,FAHS,Hoedspruit Air Force Base Airport,Hoedspruit,ZA,-24.3686,31.0487
HDY,VTSS,Hat Yai International Airport,Hat Yai,TH,6.93321,100.393
HEA,OAHR,Herat Airport,,AF,34.21,62.2283
HED,AK33,Herendeen Bay Airport,Herendeen Bay,US,55.801395,-160.899254
HEE,KHEE,Thompson-Robbins Airport,Helena/West Helena,US,34.576492,-90.675889
HEH,VYHH,Heho Airport,Heho,MM,20.747,96.792
HEI,EDXB,Heide-Busum Airport,Busum,DE,54.15333,8.90167
HEK,ZYHE,Heihe Airport,Heihe,CN,50.17162,127.30888
HEL,EFHK,Helsinki Vantaa Airport,Helsinki,FI,60.3172,24.9633
HER,LGIR,Heraklion International Nikos Kazantzakis Airport,Heraklion,GR,35.3397,25.1803
HES,KHRI,Hermiston Municipal Airport,Hermiston,US,45.828222,-119.259167
HET,ZBHH,Baita International Airport,Hohhot,CN,40.8514,111.824
HEW,LGAT,Athen Helenikon Airport,Athens,GR,37.8933,23.7261
HEZ,KHEZ,Hardy-Anders Field/Natchez-Adams County Airport,Natchez,US,31.613661,-91.297336
HFA,LLHA,Haifa International Airport,Haifa,IL,32.8094,35.0431
HFD,KHFD,Hartford-Brainard Airport,Hartford,US,41.73671,-72.649433
HFE,ZSOF,Hefei Xinqiao International Airport,Hefei,CN,31.98667,116.975
HFF,KHFF,Mackall Army Air Field,Camp Mackall,US,35.036302,-79.497513
HFN,BIHN,Hornafjörðu Airport,Höfn,IS,64.2956,-15.2272
HFS,ESOH,Hagfors Airport,,SE,60.0201,13.5789
HFT,ENHF,Hammerfest Airport,Hammerfest,NO,70.6797,23.6686
HGA,HCMH,Egal International Airport,Hargeisa,SO,9.51817,44.0888
HGD,YHUG,Hughenden Airport,,AU,-20.815,144.22501
HGE,SVHG,Higuerote Airport,,VE,10.46245,-66.09276
HGH,ZSHC,Hangzhou Xiaoshan International Airport,Hangzhou,CN,30.2295,120.434
HGI,VEHO,Donyi Polo Airport,Itanagar,IN,26.971841,93.642308
HGL,EDXH,Helgoland-Dune Airport,Helgoland,DE,54.18528,7.91583
HGN,VTCH,Mae Hong Son Airport,,TH,19.3013,97.9758
HGO,DIKO,Korhogo Airport,,CI,9.38718,-5.55666
HGR,KHGR,Hagerstown Regional/Richard A Henson Field,Hagerstown,US,39.7085,-77.7265
HGS,GFHA,Hastings Airport,Freetown,SL,8.39713,-13.1291
HGU,AYMH,Mount Hagen Kagamuga Airport,Mount Hagen,PG,-5.82679,144.29601
HGZ,2AK6,Hog River Airport,Hogatza,US,66.176133,-155.684817
HHE,RJSH,Hachinohe Airport,,JP,40.5564,141.466
HHH,KHXD,Hilton Head Airport,Hilton Head Island,US,32.224495,-80.697401
HHI,PHHI,Wheeler Army Air Field,Wahiawa,US,21.481444,-158.037833
HHN,EDFH,Frankfurt-Hahn Airport,Hahn,DE,49.9487,7.26389
HHQ,VTPH,Hua Hin Airport,Hua Hin,TH,12.6362,99.9515
HHR,KHHR,Jack Northrop Field/Hawthorne Municipal Airport,Hawthorne,US,33.922861,-118.335083
HHZ,NTGH,Hikueru Atoll Airport,Hikueru Atoll,PF,-17.5447,-142.614
HIA,ZSSH,Lianshui Airport,Huai'an,CN,33.79083,119.125
HIB,KHIB,Range Regional Airport,Hibbing,US,47.386575,-92.838978
HID,YHID,Horn Island Airport,Horn Island,AU,-10.5864,142.28999
HIE,KHIE,Mount Washington Regional Airport,Whitefield,US,44.367556,-71.545806
HIF,KHIF,Hill Afb Airport,Ogden,US,41.12394,-111.973056
HIG,YHHY,Highbury Airport,,AU,-16.4333,143.14999
HII,KHII,Lake Havasu City Airport,Lake Havasu City,US,34.571124,-114.358277
HIJ,RJOA,Hiroshima Airport,Hiroshima,JP,34.4361,132.91901
HIM,VCCH,Minneriya Airport,Hingurakgoda,LK,8.04981,80.9814
HIN,RKPS,Sacheon Air Base,Sacheon,KR,35.0885,128.07001
HIO,KHIO,Portland-Hillsboro Airport,Portland,US,45.542122,-122.950722
HIP,YHDY,Headingly Airport,,AU,-21.3333,138.283
HIR,AGGH,Honiara International Airport,Honiara,SB,-9.428,160.05499
HJJ,ZGCJ,Zhijiang Airport,Huaihua,CN,27.44111,109.7
HJR,VAKJ,Khajuraho Airport,Khajuraho,IN,24.8172,79.9186
HJT,ZMHU,Khujirt Airport,,MN,46.9258,102.773
HKA,KHKA,Blytheville Municipal Airport,Blytheville,US,35.940414,-89.830799
HKD,RJCH,Hakodate Airport,Hakodate,JP,41.77,140.82201
HKG,VHHH,Chek Lap Kok International Airport,Hong Kong,HK,22.3089,113.915
HKK,NZHK,Hokitika Airfield,,NZ,-42.7136,170.985
HKN,AYHK,Kimbe Airport,Hoskins,PG,-5.46217,150.405
HKS,KHKS,Hawkins Field,Jackson,US,32.334778,-90.222528
HKT,VTSP,Phuket International Airport,Phuket,TH,8.1132,98.3169
HKY,KHKY,Hickory Regional Airport,Hickory,US,35.741146,-81.389551
HLA,FALA,Lanseria Airport,Johannesburg,ZA,-25.9385,27.9261
HLB,KHLB,Batesville Airport,Batesville,US,39.343111,-85.258417
HLC,KHLC,Hill City Municipal Airport,Hill City,US,39.380194,-99.831472
HLD,ZBLA,Dongshan Airport,Hailar,CN,49.205,119.825
HLE,FHSH,Saint Helena Airport,Saint Helena,SH,-15.962108,-5.645901
HLF,ESSF,Hultsfred Airport,,SE,57.5258,15.8233
HLG,KHLG,Wheeling Ohio County Airport,Wheeling,US,40.175011,-80.646268
HLH,ZBUL,Ulanhot Airport,Ulanhot,CN,46.19533,122.00833
HLI,KCVH,Hollister Municipal Airport,Hollister,US,36.893347,-121.410274
HLJ,EYSB,Barysiai Airport,Barysiai,LT,56.0706,23.5581
HLL,YHIL,Hillside Airport,,AU,-21.75,119.417
HLN,KHLN,Helena Regional Airport,Helena,US,46.606722,-111.983278
HLP,WIHH,Halim Perdanakusuma International Airport,Jakarta,ID,-6.26661,106.891
HLR,KHLR,Yoakum-Defrenn Army Heliport,Fort Hood (Killeen),US,31.137591,-97.714089
HLS,YSTH,St Helens Airport,,AU,-41.3367,148.282
HLT,YHML,Hamilton Airport,,AU,-37.6489,142.065
HLU,NWWH,Nesson Airport,Houailou,NC,-21.2564,165.617
HLW,FAHL,Hluhluwe Airport,Hluhluwe,ZA,-28.0166,32.27517
HLZ,NZHN,Hamilton International Airport,Hamilton,NZ,-37.8667,175.332
HMA,USHH,Khanty Mansiysk Airport,Khanty-Mansiysk,RU,61.0285,69.0861
HMB,HEMK,Sohag International Airport,Sohag,EG,26.34278,31.74278
HME,DAUH,Oued Irara Airport,Hassi Messaoud,DZ,31.673,6.14044
HMG,YHMB,Hermannsburg Airport,,AU,-23.93,132.80499
HMI,ZWHM,Hami Airport,Hami,CN,42.8414,93.6692
HMJ,UKLH,Khmelnytskyi Airport,Khmelnytskyi,UA,49.3597,26.9334
HMN,KHMN,Holloman Afb Airport,Alamogordo,US,32.851858,-106.108542
HMO,MMHO,General Ignacio P. Garcia International Airport,Hermosillo,MX,29.0959,-111.048
HMR,ENHA,Stafsberg Airport,Hamar,NO,60.8181,11.068
HMT,KHMT,Hemet-Ryan Airport,Hemet,US,33.734028,-117.022306
HMV,ESUT,Hemavan Airport,,SE,65.8061,15.0828
HMY,RKTP,Seosan Air Base,Seosan,KR,36.704,126.486
HNA,RJSI,Hanamaki Airport,,JP,39.4286,141.13499
HNB,KHNB,Huntingburg Airport,Huntingburg,US,38.249017,-86.952819
HNC,KHSE,Billy Mitchell Airport,Hatteras,US,35.232806,-75.617806
HND,RJTT,Tokyo International Airport,Tokyo,JP,35.5523,139.78
HNH,PAOH,Hoonah Airport,Hoonah,US,58.096199,-135.408756
HNI,ZGHC,Hechi Jinchengjiang Airport,Hechi,CN,24.802425,107.713141
HNL,PHNL,Daniel K Inouye International Airport,Honolulu,US,21.317825,-157.92025
HNM,PHHN,Hana Airport,Hana,US,20.795637,-156.014438
HNS,PAHN,Haines Airport,Haines,US,59.243831,-135.523537
HNY,ZGHY,Hengyang Airport,Hengyang,CN,26.9053,112.628
HOA,HKHO,Hola Airport,Hola,KE,-1.522,40.004
HOB,KHOB,Lea County Regional Airport,Hobbs,US,32.687349,-103.217529
HOD,OYHD,Hodeidah International Airport,Hodeida,YE,14.753,42.9763
HOF,OEAH,Al Ahsa Airport,,SA,25.2853,49.4852
HOG,MUHG,Frank Pais International Airport,Holguin,CU,20.7856,-76.3151
HOH,LOIH,Hohenems-Dornbirn Airport,Hohenems / Dornbirn,AT,47.385,9.7
HOI,NTTO,Hao Airport,,PF,-18.0748,-140.946
HOK,YHOO,Hooker Creek Airport,,AU,-18.3367,130.638
HOM,PAHO,Homer Airport,Homer,US,59.645549,-151.476595
HON,KHON,Huron Regional Airport,Huron,US,44.385194,-98.228556
HOP,KHOP,Campbell Army Air Field (Fort Campbell) Airport,Fort Campbell/Hopkinsville,US,36.672956,-87.49182
HOQ,EDQM,Hof-Plauen Airport,Hof,DE,50.28861,11.85639
HOR,LPHR,Horta Airport,Horta,PT,38.5199,-28.7159
HOS,SAHC,Chos Malal Airport,Chos Malal,AR,-37.4447,-70.2225
HOT,KHOT,Memorial Field,Hot Springs,US,34.478028,-93.096222
HOU,KHOU,William P Hobby Airport,Houston,US,29.6458,-95.277232
HOV,ENOV,Ørsta-Volda Airport Hovden,Ørsta,NO,62.18,6.0741
HOX,VYHL,Hommalinn Airport,Hommalinn,MM,24.8996,94.914
HPA,NFTL,Lifuka Island Airport,Lifuka,TO,-19.777,-174.341
HPB,PAHP,Hooper Bay Airport,Hooper Bay,US,61.523871,-166.146623
HPH,VVCI,Cat Bi International Airport,Haiphong,VN,20.8194,106.725
HPN,KHPN,Westchester County Airport,White Plains,US,41.066953,-73.707566
HPT,KHPT,Hampton Municipal Airport,Hampton,US,42.723694,-93.226333
HPV,HI01,Princeville Airport,Hanalei,US,22.20919,-159.445534
HPY,KHPY,Baytown Airport,Baytown,US,29.786083,-94.952667
HQL,ZWTK,Tashkurgan Khunjerab Airport,Tashkurgan,CN,37.66271,75.29227
HQM,KHQM,Bowerman Field,Hoquiam,US,46.971194,-123.936556
HRB,ZYHB,Taiping Airport,Harbin,CN,45.6234,126.25
HRE,FVHA,Harare International Airport,Harare,ZW,-17.9318,31.0928
HRF,VRAH,Hoarafushi Airport,Hoarafushi,MV,6.969182,72.896501
HRG,HEGN,Hurghada International Airport,Hurghada,EG,27.1783,33.7994
HRI,VCRI,Mattala Rajapaksa International Airport,Hambantota,LK,6.2845,81.12417
HRK,UKHH,Kharkiv International Airport,Kharkiv,UA,49.9248,36.29
HRL,KHRL,Valley International Airport,Harlingen,US,26.226559,-97.655312
HRM,DAFH,Hassi R'Mel Airport,,DZ,32.9304,3.31154
HRO,KHRO,Boone County Airport,Harrison,US,36.261521,-93.154729
HRS,FAHR,Harrismith Airport,Harrismith,ZA,-28.2351,29.1062
HRT,EGXU,RAF Linton-On-Ouse,Linton-On-Ouse,GB,54.0489,-1.25275
HRY,YHBY,Henbury Airport,,AU,-24.55,133.217
HRZ,SSHZ,Horizontina Airport,Horizontina,BR,-27.6383,-54.3391
HSA,UAIT,Turkistan International Airport,Turkistan,KZ,43.30667,68.55017
HSB,KHSB,Harrisburg-Raleigh Airport,Harrisburg,US,37.811256,-88.55026
HSC,ZGSG,Shaoguan Guitou Airport,Shaoguan,CN,24.97313,113.423695
HSG,RJFS,Saga Airport,Saga,JP,33.1497,130.302
HSH,KHND,Henderson Executive Airport,Las Vegas,US,35.972855,-115.134385
HSI,KHSI,Hastings Municipal Airport,Hastings,US,40.60525,-98.427889
HSK,LEHC,Huesca/Pirineos Airport,Monflorite/Alcala del Obispo,ES,42.0761,-0.31667
HSL,PAHL,Huslia Airport,Huslia,US,65.697861,-156.351389
HSM,YHSM,Horsham Airport,,AU,-36.6697,142.173
HSN,ZSZS,Zhoushan Airport,Zhoushan,CN,29.9342,122.362
HSP,KHSP,Ingalls Field,Hot Springs,US,37.951453,-79.833889
HSR,VAHS,Rajkot International Airport,Rajkot,IN,22.381915,71.031681
HSS,VIHR,Hissar Airport,,IN,29.1794,75.7553
HST,KHST,Homestead Arb Airport,Homestead,US,25.488551,-80.383566
HSV,KHSV,Huntsville International-Carl T Jones Field,Huntsville,US,34.637197,-86.775054
HSZ,RCPO,Hsinchu Air Base,Hsinchu City,TW,24.818,120.939
HTA,UIAA,Chita-Kadala Airport,Chita,RU,52.0263,113.306
HTG,UOHH,Khatanga Airport,Khatanga,RU,71.9781,102.491
HTH,KHTH,Hawthorne Industrial Airport,Hawthorne,US,38.545077,-118.632403
HTI,YBHM,Hamilton Island Airport,Hamilton Island,AU,-20.3581,148.952
HTL,KHTL,Roscommon County/Blodgett Memorial Airport,Houghton Lake,US,44.359869,-84.669483
HTN,ZWTN,Hotan Airport,Hotan,CN,37.0385,79.8649
HTO,KJPX,East Hampton Town Airport,East Hampton,US,40.959417,-72.251667
HTR,RORH,Hateruma Airport,Hateruma,JP,24.0589,123.806
HTS,KHTS,Tri-State/Milton J Ferguson Field,Huntington,US,38.368508,-82.56036
HTU,YHPN,Hopetoun Airport,,AU,-35.7153,142.36
HTV,KUTS,Huntsville Municipal Airport,Huntsville,US,30.746889,-95.587167
HTW,KHTW,Lawrence County Airpark,Chesapeake/Huntington Wva,US,38.419111,-82.494833
HTY,LTDA,Hatay Airport,Hatay,TR,36.36278,36.28222
HTZ,SKHC,Hato Corozal Airport,Hato Corozal,CO,6.15,-71.75
HUA,KHUA,Redstone Army Air Field,Redstone Arsnl Huntsville,US,34.678661,-86.684791
HUB,YHBR,Humbert River Airport,,AU,-16.48967,130.63028
HUC,KX63,Dr Hermenegildo Ortiz Quinones Airport,Humacao,US,18.138056,-65.800694
HUD,K0K7,Humboldt Municipal Airport,Humboldt,US,42.734861,-94.245472
HUE,HAHU,Humera Airport,Humera,ET,14.25,36.583
HUF,KHUF,Terre Haute Regional Airport,Terre Haute,US,39.450632,-87.30699
HUG,MGHT,Huehuetenango Airport,Huehuetenango,GT,15.3274,-91.4624
HUH,NTTH,Huahine-Fare Airport,Fare,PF,-16.6872,-151.022
HUI,VVPB,Phu Bai Airport,Hue,VN,16.4015,107.703
HUJ,KHHW,Stan Stamper Municipal Airport,Hugo,US,34.033639,-95.542056
HUL,KHUL,Houlton International Airport,Houlton,US,46.124607,-67.79236
HUM,KHUM,Houma-Terrebonne Airport,Houma,US,29.566502,-90.660427
HUN,RCYU,Hualien Airport,Hualien City,TW,24.0231,121.618
HUO,ZBHZ,Huolinguole Huolinhe Airport,Holingol,CN,45.487222,119.407222
HUQ,HLON,Hon Airport,,LY,29.1101,15.9656
HUS,PAHU,Hughes Airport,Hughes,US,66.039083,-154.264694
HUT,KHUT,Hutchinson Regional Airport,Hutchinson,US,38.066155,-97.86049
HUU,SPNC,Alferez Fap David Figueroa Fernandini Airport,Huanuco,PE,-9.87881,-76.2048
HUW,SWHT,Humaita Airport,Humaita,BR,-7.53212,-63.0721
HUX,MMBT,Bahias de Huatulco International Airport,Huatulco,MX,15.7753,-96.2626
HUY,EGNJ,Humberside Airport,Grimsby,GB,53.5744,-0.35083
HUZ,ZGHZ,Huizhou Airport,Huizhou,CN,23.05,114.6
HVA,FMNL,Analalava Airport,,MG,-14.6297,47.7638
HVB,YHBA,Hervey Bay Airport,Hervey Bay,AU,-25.3189,152.88
HVD,ZMKD,Khovd Airport,Khovd,MN,47.9541,91.6282
HVE,KHVE,Hanksville Airport,Hanksville,US,38.419417,-110.702917
HVG,ENHV,Valan Airport,Honningsvåg,NO,71.0097,25.9836
HVK,BIHK,Hólmavík Airport,Hólmavík,IS,65.7047,-21.6964
HVN,KHVN,Tweed/New Haven Airport,New Haven,US,41.263725,-72.887729
HVR,KHVR,Havre City-County Airport,Havre,US,48.542985,-109.762342
HVS,KHVS,Hartsville Regional Airport,Hartsville,US,34.403083,-80.119222
HWD,KHWD,Hayward Executive Airport,Hayward,US,37.658932,-122.121739
HWK,YHAW,Wilpena Pound Airport,Hawker,AU,-31.85591,138.46808
HWN,FVWN,Hwange National Park Airport,Hwange,ZW,-18.6299,27.021
HWO,KHWO,North Perry Airport,Hollywood,US,26.001262,-80.240694
HWR,VIHX,Halwara International Airport,Ludhiana,IN,30.7485,75.6298
HXD,ZLDL,Delingha Airport,Delingha,CN,37.125,97.268611
HXX,YHAY,Hay Airport,,AU,-34.5314,144.83
HYA,KHYA,Cape Cod Gateway Airport,Hyannis,US,41.669337,-70.280359
HYC,EGTB,Wycombe Air Park,High Wycombe,GB,51.6117,-0.80833
HYD,VOHS,Rajiv Gandhi International Airport Shamshabad,Hyderabad,IN,17.23132,78.42986
HYL,KHYL,Clark Bay Seaplane Base,Hollis,US,55.490417,-132.623556
HYN,ZSLQ,Huangyan Luqiao Airport,Huangyan,CN,28.5622,121.429
HYR,KHYR,Sawyer County Airport,Hayward,US,46.025267,-91.444261
HYS,KHYS,Hays Regional Airport,Hays,US,38.842222,-99.273167
HYV,EFHV,Hyvinkaa Airport,,FI,60.6544,24.8811
HZA,ZSHZ,Heze Mudan Airport,Heze,CN,35.21333,115.73667
HZB,LFQT,Merville-Calonne Airport,Merville/Calonne,FR,50.6184,2.64224
HZG,ZLHZ,Hanzhong Airport,Hanzhong,CN,33.0636,107.008
HZH,ZUNP,Qiandongnan Liping Airport,,CN,26.322778,109.151667
HZK,BIHU,Húsavík Airport,Húsavík,IS,65.9523,-17.426
HZL,KHZL,Hazleton Regional Airport,Hazleton,US,40.986773,-75.994703
HZP,CYNR,Fort Mackay / Horizon Airport,Fort Mackay,CA,57.3817,-111.701
IAA,UOII,Igarka Airport,Igarka,RU,67.4372,86.6219
IAB,KIAB,Mc Connell Afb Airport,Wichita,US,37.623116,-97.267629
IAD,KIAD,Washington Dulles International Airport,Washington,US,38.947456,-77.459929
IAG,KIAG,Niagara Falls International Airport,Niagara Falls,US,43.108414,-78.946196
IAH,KIAH,George Bush Intcntl/Houston Airport,Houston,US,29.984435,-95.341442
IAM,DAUZ,In Amenas Airport,Amenas,DZ,28.0515,9.64291
IAN,PAIK,Bob Baker Memorial Airport,Kiana,US,66.976178,-160.438599
IAO,RPNS,Siargao Airport,Del Carmen,PH,9.8591,126.014
IAQ,OIBH,Bahregan Airport,Bushehr,IR,29.839667,50.272167
IAR,UUDL,Tunoshna Airport,,RU,57.5607,40.1574
IAS,LRIA,Iasi Airport,Iasi,RO,47.1785,27.6206
IBA,DNIB,Ibadan Airport,Ibadan,NG,7.36246,3.97833
IBB,SEII,General Villamil Airport,Isabela,EC,-0.94263,-90.953
IBE,SKIB,Perales Airport,Ibague,CO,4.42161,-75.1333
IBP,SPBR,Iberia Airport,Iberia,PE,-11.4116,-69.4887
IBR,RJAH,Hyakuri Airport,Omitama,JP,36.1811,140.41499
IBZ,LEIB,Ibiza Airport,Ibiza,ES,38.8729,1.37312
ICA,SVIC,Icabaru Airport,,VE,4.33632,-61.7396
ICC,SVIE,Andres Miguel Salazar Marcano Airport,Isla de Coche,VE,10.79441,-63.98159
ICI,NFCI,Cicia Airport,Cicia,FJ,-17.7433,-179.342
ICK,SMNI,Nieuw Nickerie Airport,Nieuw Nickerie,SR,5.95556,-57.0394
ICL,KICL,Schenck Field,Clarinda,US,40.722194,-95.026611
ICN,RKSI,Incheon International Airport,Seoul,KR,37.4691,126.451
ICR,MUNC,Nicaro Airport,Nicaro,CU,20.6886,-75.5315
ICS,KU70,Cascade Airport,Cascade,US,44.492333,-116.014778
ICT,KICT,Wichita Dwight D Eisenhower Ntl Airport,Wichita,US,37.649952,-97.433043
ICY,19AK,Icy Bay Airport,Icy Bay,US,59.969019,-141.66177
IDA,KIDA,Idaho Falls Regional Airport,Idaho Falls,US,43.513673,-112.07082
IDB,ESUE,Idre Airport,Idre,SE,61.8697,12.6894
IDF,FZCB,Idiofa Airport,Idiofa,CD,-5.0,19.6
IDG,KIDG,Ida Grove Municipal Airport,Ida Grove,US,42.332598,-95.444888
IDH,KGIC,Idaho County Airport,Grangeville,US,45.942667,-116.123028
IDI,KIDI,Indiana County/Jimmy Stewart Field,Indiana,US,40.631061,-79.101526
IDK,YIDK,Indulkana Airport,,AU,-26.9667,133.325
IDO,SWIY,Santa Izabel do Morro Airport,Cristalandia,BR,-11.5723,-50.6662
IDP,KIDP,Independence Municipal Airport,Independence,US,37.157926,-95.77895
IDR,VAID,Devi Ahilyabai Holkar Airport,Indore,IN,22.7218,75.8011
IDY,LFEY,Ile d'Yeu Airport,Ile d'Yeu,FR,46.7186,-2.39111
IEG,EPZG,Zielona Góra-Babimost Airport,Babimost,PL,52.1385,15.7986
IEJ,RORE,Ie Jima Airport,,JP,26.722,127.785
IES,EDAU,Riesa-Gohlis Airport,Riesa,DE,51.29361,13.35611
IEV,UKKK,Kyiv Zhuliany International Airport,Kyiv,UA,50.4017,30.4497
IFA,KIFA,Iowa Falls Municipal Airport,Iowa Falls,US,42.471356,-93.270723
IFF,YIFY,Iffley Airport,,AU,-18.9,141.217
IFH,OIFE,Hesa Airport,Hesa,IR,32.9289,51.5611
IFJ,BIIS,Ísafjörður Airport,Ísafjörður,IS,66.0581,-23.1353
IFL,YIFL,Innisfail Airport,,AU,-17.5594,146.01199
IFN,OIFM,Esfahan Shahid Beheshti International Airport,Isfahan,IR,32.7508,51.8613
IFO,UKLI,Ivano-Frankivsk International Airport,Ivano-Frankivsk,UA,48.8842,24.6861
IFP,KIFP,Laughlin/Bullhead International Airport,Bullhead City,US,35.154614,-114.559332
IFU,VREI,Ifuru Airport,Ifuru,MV,5.70833,73.025
IGA,MYIG,Inagua Airport,Matthew Town,BS,20.975,-73.6669
IGB,SAVJ,Cabo F.A.A. H. R. Bordon Airport,Ingeniero Jacobacci,AR,-41.3209,-69.5749
IGD,LTCT,Igdir Airport,Igdir,TR,39.97663,43.87665
IGG,PAIG,Igiugig Airport,Igiugig,US,59.324042,-155.901773
IGH,YIGM,Ingham Airport,,AU,-18.6606,146.15199
IGL,LTBL,Cigli Airport,Izmir,TR,38.513,27.0101
IGM,KIGM,Kingman Airport,Kingman,US,35.259478,-113.93805
IGN,RPMI,Iligan Airport,,PH,8.13049,124.215
IGO,SKIG,Chigorodo Airport,Chigorodo,CO,7.68038,-76.6865
IGR,SARI,Cataratas Del Iguazu International Airport,Puerto Iguazu,AR,-25.7373,-54.4734
IGS,ETSI,Ingolstadt Manching Airport,Manching,DE,48.7157,11.534
IGT,URMS,Magas Airport,Magas,RU,43.3223,45.0126
IGU,SBFI,Cataratas International Airport,Foz Do Iguacu,BR,-25.60028,-54.485
IHA,RJAN,Niijima Airport,,JP,34.3694,139.269
IHC,FQIA,Inhaca Airport,Inhaca,MZ,-25.99714,32.92935
IHO,FMSI,Ihosy Airport,Ihosy,MG,-22.40472,46.16494
IHR,OIZI,Iran Shahr Airport,,IR,27.2361,60.72
IIA,EIMN,Inishmaan Aerodrome,Inis Meain,IE,53.093,-9.56806
IIL,OICI,Ilam Airport,Ilam,IR,33.5866,46.4048
IJK,USII,Izhevsk Airport,Izhevsk,RU,56.8281,53.4575
IJU,SSIJ,Ijui Airport,Ijui,BR,-28.3687,-53.8466
IJX,KIJX,Jacksonville Municipal Airport,Jacksonville,US,39.774611,-90.238278
IKA,OIIE,Imam Khomeini International Airport,Tehran,IR,35.4161,51.1522
IKB,KUKF,Wilkes County Airport,North Wilkesboro,US,36.223601,-81.098608
IKG,UCFP,Karakol Airport,Karakol,KG,42.5081,78.4078
IKI,RJDB,Iki Airport,Iki,JP,33.749,129.785
IKK,KIKK,Greater Kankakee Airport,Kankakee,US,41.071389,-87.846278
IKL,FZGV,Ikela Airport,Ikela,CD,-1.2,23.283
IKO,PAKO,Nikolski Air Station,Nikolski,US,52.941556,-168.849028
IKP,YIKM,Inkerman Airport,,AU,-16.275,141.442
IKS,UEST,Tiksi Airport,Tiksi,RU,71.6977,128.903
IKT,UIII,Irkutsk Airport,Irkutsk,RU,52.268,104.389
IKU,UCFL,Issyk-Kul International Airport,Tamchy,KG,42.5883,76.7133
ILA,WABL,Illaga Airport,Illaga-Papua Island,ID,-3.83328,137.58299
ILD,LEDA,Lleida-Alguaire Airport,Lleida,ES,41.72819,0.53502
ILE,KILE,Skylark Field,Killeen,US,31.085833,-97.6865
ILF,CZBD,Ilford Airport,Ilford,CA,56.0614,-95.6139
ILG,KILG,New Castle Airport,Wilmington,US,39.67871,-75.606635
ILH,ETIK,Illesheim Air Base,,DE,49.4739,10.3881
ILI,PAIL,Iliamna Airport,Iliamna,US,59.755578,-154.917752
ILK,FMMQ,Atsinanana Airport,Ilaka,MG,-19.583,48.803
ILL,KBDH,Willmar Municipal/John L Rice Field,Willmar,US,45.117028,-95.129333
ILM,KILM,Wilmington International Airport,Wilmington,US,34.271151,-77.902891
ILN,KILN,Wilmington Air Park,Wilmington,US,39.427917,-83.792111
ILO,RPVI,Iloilo International Airport,Iloilo City,PH,10.83302,122.49336
ILP,NWWE,Ile des Pins Airport,Ile des Pins,NC,-22.5889,167.45599
ILQ,SPLO,Ilo Airport,Ilo,PE,-17.695,-71.344
ILR,DNIL,Ilorin International Airport,Ilorin,NG,8.44021,4.49392
ILS,MSSS,Ilopango International Airport,San Salvador,SV,13.6995,-89.1199
ILU,HKKL,Kilaguni Airport,Kilaguni,KE,-2.91061,38.0652
ILY,EGPI,Islay Airport,Port Ellen,GB,55.6819,-6.25667
ILZ,LZZI,Zilina Airport,Zilina,SK,49.2315,18.6135
IMB,SYIB,Imbaimadai Airport,Imbaimadai,GY,5.70811,-60.2942
IMF,VEIM,Imphal Airport,Imphal,IN,24.76,93.8967
IMK,VNST,Simikot Airport,Simikot,NP,29.9711,81.8189
IML,KIML,Imperial Municipal Airport,Imperial,US,40.510326,-101.620146
IMM,KIMM,Immokalee Regional Airport,Immokalee,US,26.433712,-81.400478
IMO,FEFZ,Zemio Airport,Zemio,CF,5.05,25.15
IMP,SBIZ,Prefeito Renato Moreira Airport,Imperatriz,BR,-5.53129,-47.46
IMQ,OITU,Makou Airport,Makou,IR,39.33,44.43
IMT,KIMT,Ford Airport,Iron Mountain Kingsford,US,45.818356,-88.114544
INA,UUYI,Inta Airport,Inta,RU,66.05483,60.11032
INC,ZLIC,Yinchuan Hedong International Airport,Yinchuan,CN,38.321,106.38978
IND,KIND,Indianapolis International Airport,Indianapolis,US,39.717306,-86.294639
INF,DATG,In Guezzam Airport,In Guezzam,DZ,19.567,5.75
ING,SAWA,Lago Argentino Airport,El Calafate,AR,-50.3361,-72.2486
INH,FQIN,Inhambane Airport,Inhambabe,MZ,-23.8764,35.4085
INI,LYNI,Nis Airport,Nis,RS,43.3373,21.8537
INJ,YINJ,Injune Airport,,AU,-25.85,148.533
INK,KINK,Winkler County Airport,Wink,US,31.779806,-103.201694
INL,KINL,Falls International/Einarson Field,International Falls,US,48.565588,-93.402179
INM,YINN,Innamincka Airport,,AU,-27.7,140.733
INN,LOWI,Innsbruck Airport,Innsbruck,AT,47.2602,11.344
INO,FZBA,Inongo Airport,Inongo,CD,-1.94722,18.2858
INQ,EIIR,Inisheer Aerodrome,Inis Oirr,IE,53.0647,-9.5109
INS,KINS,Creech Afb Airport,Indian Springs,US,36.586344,-115.677371
INT,KINT,Smith Reynolds Airport,Winston Salem,US,36.133714,-80.221988
INU,ANYN,Nauru International Airport,Yaren District,NR,-0.54746,166.91901
INV,EGPE,Inverness Airport,Inverness,GB,57.5425,-4.0475
INW,KINW,Winslow-Lindbergh Regional Airport,Winslow,US,35.02191,-110.722516
INX,WASI,Inanwatan Airport,Inanwatan Airport-Papua Island,ID,-2.1281,132.161
INZ,DAUI,In Salah Airport,In Salah,DZ,27.251,2.51202
IOA,LGIO,Ioannina Airport,Ioannina,GR,39.6964,20.8225
IOM,EGNS,Isle of Man Airport,Castletown,IM,54.0833,-4.62389
ION,FCOI,Impfondo Airport,Impfondo,CG,1.617,18.067
IOR,EIIM,Inishmore Aerodrome,Inis Mor,IE,53.1067,-9.65361
IOS,SBIL,Bahia - Jorge Amado Airport,Ilheus,BR,-14.816,-39.0332
IOU,NWWO,Edmond Cane Airport,Ile Ouen,NC,-22.46,166.783
IOW,KIOW,Iowa City Municipal Airport,Iowa City,US,41.639632,-91.547889
IPA,NVVI,Ipota Airport,Ipota,VU,-18.85639,169.28333
IPC,SCIP,Mataveri Airport,Isla De Pascua,CL,-27.1648,-109.422
IPE,RPMV,Ipil Airport,Ipil,PH,7.78556,122.602
IPG,SWII,Ipiranga Airport,Santo Antonio Do Ica,BR,-2.93907,-69.694
IPH,WMKI,Sultan Azlan Shah Airport,Ipoh,MY,4.56797,101.092
IPI,SKIP,San Luis Airport,Ipiales,CO,0.86193,-77.6718
IPL,KIPL,Imperial County Airport,Imperial,US,32.834222,-115.57875
IPN,SBIP,Usiminas Airport,Ipatinga,BR,-19.4707,-42.4876
IPT,KIPT,Williamsport Regional Airport,Williamsport,US,41.241667,-76.921806
IPU,SNIU,Ipiau Airport,Ipiau,BR,-14.13389,-39.73389
IPZ,MRSI,San Isidro del General Airport,Perez Zeledon,CR,9.35262,-83.7131
IQA,ORAA,Al Asad Air Base,Hit,IQ,33.7856,42.4412
IQM,ZWCM,Qiemo Airport,Qiemo,CN,38.1494,85.5328
IQN,ZLQY,Qingyang Airport,Qingyang,CN,35.7997,107.603
IQQ,SCDA,Diego Aracena Airport,Iquique,CL,-20.5352,-70.1813
IQT,SPQT,Coronel FAP Francisco Secada Vignetta International Airport,Iquitos,PE,-3.78474,-73.3088
IRA,AGGK,Ngorangora Airport,Kirakira,SB,-10.4497,161.89799
IRB,K2F0,Iraan Municipal Airport,Iraan,US,30.906222,-101.889806
IRC,PACR,Circle City Airport,Circle,US,65.827917,-144.076197
IRE,SNIC,Irece Airport,Irece,BR,-11.3399,-41.847
IRG,YLHR,Lockhart River Airport,,AU,-12.7869,143.30499
IRI,HTIR,Iringa Airport,Nduli,TZ,-7.66863,35.7521
IRJ,SANL,Capitan V A Almonacid Airport,La Rioja,AR,-29.3816,-66.7958
IRK,KIRK,Kirksville Regional Airport,Kirksville,US,40.093472,-92.544917
IRM,USHI,Igrim Airport,,RU,63.1988,64.4393
IRN,MHIR,Iriona Airport,Iriona,HN,15.93917,-85.13722
IRO,FEFI,Birao Airport,Birao,CF,10.2364,22.7169
IRP,FZJH,Matari Airport,,CD,2.82761,27.5883
IRS,KIRS,Kirsch Municipal Airport,Sturgis,US,41.813288,-85.438961
IRZ,SWTP,Tapuruquara Airport,Santa Isabel Do Rio Negro,BR,-0.41694,-65.03389
ISA,YBMA,Mount Isa Airport,Mount Isa,AU,-20.6639,139.489
ISB,OPIS,Islamabad International Airport,Islamabad,PK,33.54908,72.82565
ISC,EGHE,St. Mary's Airport,St. Mary's,GB,49.9133,-6.29167
ISE,LTFC,Suleyman Demirel International Airport,Isparta,TR,37.8554,30.3684
ISG,ROIG,Ishigaki Airport,Ishigaki,JP,24.3445,124.187
ISI,YISF,Isisford Airport,,AU,-24.2583,144.425
ISJ,MMIM,Isla Mujeres Airport,,MX,21.245,-86.74
ISK,VAOZ,Ozar Airport,Nasik,IN,20.1191,73.9129
ISL,LTBA,Ataturk International Airport,Istanbul,TR,40.9769,28.8146
ISM,KISM,Kissimmee Gateway Airport,Orlando,US,28.289807,-81.437081
ISO,KISO,Kinston Regional Jetport At Stallings Field,Kinston,US,35.331433,-77.60883
ISP,KISP,Long Island Mac Arthur Airport,New York,US,40.796136,-73.100665
ISQ,KISQ,Schoolcraft County Airport,Manistique,US,45.974639,-86.171833
ISS,KIWI,Wiscasset Airport,Wiscasset,US,43.961417,-69.712556
IST,LTFM,Istanbul Airport,"Arnavutköy, Istanbul",TR,41.27533,28.752
ISU,ORSU,Sulaymaniyah International Airport,Sulaymaniyah,IQ,35.56175,45.31674
ISW,KISW,Alexander Field South Wood County Airport,Wisconsin Rapids,US,44.360356,-89.839043
ITA,SBIC,Itacoatiara Airport,Itacoatiara,BR,-3.12726,-58.4812
ITB,SBIH,Itaituba Airport,Itaituba,BR,-4.24234,-56.0007
ITE,SNZW,Itubera Airport,Itubera,BR,-13.73222,-39.14167
ITH,KITH,Ithaca Tompkins International Airport,Ithaca,US,42.491369,-76.458728
ITI,SNYH,Agropecuaria Castanhais Airport,Cumaru Do Norte,BR,-8.7,-51.17417
ITM,RJOO,Osaka International Airport,Osaka,JP,34.7855,135.438
ITO,PHTO,Hilo International Airport,Hilo,US,19.720262,-155.04847
ITP,SDUN,Itaperuna Airport,Itaperuna,BR,-21.2193,-41.8759
ITQ,SSIQ,Itaqui Airport,Itaqui,BR,-29.1731,-56.5367
IUD,OTBH,Al Udeid Air Base,Ar Rayyan,QA,25.1173,51.315
IUE,NIUE,Niue International Airport,Alofi,NU,-19.07903,-169.9256
IVA,FMNJ,Ambanja Airport,Ambanja,MG,-13.64571,48.45943
IVC,NZNV,Invercargill Airport,Invercargill,NZ,-46.4124,168.313
IVG,LYBR,Berane Airport,Berane,ME,42.839,19.862
IVL,EFIV,Ivalo Airport,Ivalo,FI,68.6073,27.4053
IVR,YIVL,Inverell Airport,,AU,-29.8883,151.144
IVW,YINW,Inverway Airport,Inverway,AU,-17.8411,129.64301
IWA,UUBI,Ivanovo South Airport,Ivanovo,RU,56.9394,40.9408
IWD,KIWD,Gogebic/Iron County Airport,Ironwood,US,46.527481,-90.131394
IWJ,RJOW,Iwami Airport,Masuda,JP,34.6764,131.78999
IWK,RJOI,Iwakuni Marine Corps Air Station,Iwakuni,JP,34.1439,132.23599
IWO,RJAW,Iwo Jima Airport,,JP,24.784,141.323
IWS,KIWS,West Houston Airport,Houston,US,29.818194,-95.672611
IXA,VEAT,Agartala Airport,Agartala,IN,23.890667,91.239333
IXB,VEBD,Bagdogra Airport,Siliguri,IN,26.6812,88.3286
IXC,VICG,Chandigarh Airport,Chandigarh,IN,30.6735,76.7885
IXD,VIAL,Allahabad Airport,Allahabad,IN,25.4401,81.7339
IXE,VOML,Mangalore International Airport,Mangalore,IN,12.9613,74.8901
IXG,VABM,Belgaum Airport,,IN,15.8593,74.6183
IXH,VEKR,Kailashahar Airport,,IN,24.3082,92.0072
IXI,VELR,North Lakhimpur Airport,Lilabari,IN,27.2955,94.0976
IXJ,VIJU,Jammu Airport,Jammu,IN,32.6891,74.8374
IXK,VAKS,Keshod Airport,,IN,21.3171,70.2704
IXL,VILH,Leh Kushok Bakula Rimpochee Airport,Leh,IN,34.1359,77.5465
IXM,VOMD,Madurai Airport,Madurai,IN,9.83451,78.0934
IXN,VEKW,Khowai Airport,Khowai,IN,24.0619,91.6039
IXP,VIPK,Pathankot Air Force Station,,IN,32.2338,75.6346
IXQ,VEKM,Kamalpur Airport,,IN,24.1317,91.8142
IXR,VERC,Birsa Munda Airport,Ranchi,IN,23.3143,85.3217
IXS,VEKU,Silchar Airport,Silchar,IN,24.9129,92.9787
IXT,VEPG,Pasighat Airport,Pasighat,IN,28.0661,95.3356
IXU,VAAU,Aurangabad Airport,Aurangabad,IN,19.8627,75.3981
IXV,VEAN,Along Airport,,IN,28.1753,94.802
IXW,VEJS,Jamshedpur Airport,,IN,22.8132,86.1688
IXY,VAKE,Kandla Airport,Kandla,IN,23.1127,70.1003
IXZ,VOPB,Vir Savarkar International Airport,Port Blair,IN,11.6412,92.7297
IYK,KIYK,Inyokern Airport,Inyokern,US,35.658741,-117.829532
IZA,SBZM,Zona da Mata Regional Airport,Juiz De Fora,BR,-21.51306,-43.17306
IZO,RJOC,Izumo Airport,Izumo,JP,35.4136,132.89
IZT,MMIT,Ixtepec Airport,,MX,16.4493,-95.0937
JAA,OAJL,Jalalabad Airport,,AF,34.3998,70.4986
JAB,YJAB,Jabiru Airport,,AU,-12.6583,132.89301
JAC,KJAC,Jackson Hole Airport,Jackson,US,43.607337,-110.737749
JAD,YPJT,Perth Jandakot Airport,Perth,AU,-32.0975,115.881
JAE,SPJE,Shumba Airport,Jaen,PE,-5.59248,-78.774
JAF,VCCJ,Jaffna International Airport,Jaffna,LK,9.79233,80.0701
JAG,OPJA,Shahbaz Air Base,Jacobabad,PK,28.2842,68.4497
JAI,VIJP,Jaipur International Airport,Jaipur,IN,26.8242,75.8122
JAK,MTJA,Jacmel Airport,Jacmel,HT,18.2411,-72.5185
JAL,MMJA,El Lencero Airport,Xalapa,MX,19.4751,-96.7975
JAM,LBIA,Bezmer Air Base,Yambol,BG,42.4549,26.3522
JAN,KJAN,Jackson-Medgar Wiley Evers International Airport,Jackson,US,32.311167,-90.075889
JAP,MRCH,Chacarita Airport,Puntarenas,CR,9.98141,-84.7727
JAR,OISJ,Jahrom Airport,,IR,28.5867,53.5791
JAS,KJAS,Jasper County/Bell Field,Jasper,US,30.885694,-94.034944
JAU,SPJJ,Francisco Carle Airport,Jauja,PE,-11.7831,-75.4734
JAV,BGJN,Ilulissat Airport,Ilulissat,GL,69.2432,-51.0571
JAW,SNAB,Araripina Airport,Araripina,BR,-7.58676,-40.5355
JAX,KJAX,Jacksonville International Airport,Jacksonville,US,30.494046,-81.687847
JBK,ZWQT,Qitai Jiangbulake Airport,Qitai,CN,44.183,89.5945
JBQ,MDJB,La Isabela International Airport,La Isabela,DO,18.5725,-69.9856
JBR,KJBR,Jonesboro Municipal Airport,Jonesboro,US,35.831711,-90.646422
JCB,SSJA,Santa Terezinha Airport,Joacaba,BR,-27.1714,-51.5533
JCI,KIXD,New Century Aircenter Airport,Olathe,US,38.830917,-94.890306
JCK,YJLC,Julia Creek Airport,,AU,-20.6683,141.72301
JCL,LKCS,Ceske Budejovice Airport,Ceske Budejovice,CZ,48.9464,14.4275
JCM,SNJB,Jacobina Airport,Jacobina,BR,-11.1632,-40.5531
JCR,SBEK,Jacareacanga Airport,Jacareacanga,BR,-6.23316,-57.7769
JCT,KJCT,Kimble County Airport,Junction,US,30.511111,-99.762889
JCY,0TE7,Lbj Ranch Airport,Johnson City,US,30.251813,-98.622531
JDA,KGCD,Grant County Regional/Ogilvie Field,John Day,US,44.402983,-118.967655
JDF,SBJF,Francisco de Assis Airport,Juiz De Fora,BR,-21.7915,-43.3868
JDG,RKPD,Jeongseok Airport,,KR,33.3996,126.712
JDH,VIJO,Jodhpur Airport,Jodhpur,IN,26.2511,73.0489
JDN,KJDN,Jordan Airport,Jordan,US,47.32875,-106.952694
JDO,SBJU,Orlando Bezerra de Menezes Airport,Juazeiro Do Norte,BR,-7.21896,-39.2701
JDR,SNJR,Prefeito Octavio de Almeida Neves Airport,Sao Joao Del Rei,BR,-21.085,-44.22472
JDZ,ZSJD,Jingdezhen Airport,Jingdezhen,CN,29.3386,117.176
JED,OEJN,King Abdulaziz International Airport,Jeddah,SA,21.6796,39.1565
JEE,MTJE,Jeremie Airport,Jeremie,HT,18.6631,-74.1703
JEF,KJEF,Jefferson City Memorial Airport,Jefferson City,US,38.591174,-92.156145
JEG,BGAA,Aasiaat Airport,Aasiaat,GL,68.7218,-52.7847
JEK,FLJK,Jeki Airstrip,Lower Zambezi National Park,ZM,-15.63333,29.60333
JEQ,SNJK,Jequie Airport,Jequie,BR,-13.8777,-40.0716
JER,EGJJ,Jersey Airport,Saint Helier,JE,49.2079,-2.19551
JFK,KJFK,John F Kennedy International Airport,New York,US,40.639928,-73.778692
JFN,KHZY,Northeast Ohio Regional Airport,Ashtabula,US,41.777778,-80.696778
JFR,BGPT,Paamiut Airport,Paamiut,GL,62.01474,-49.67094
JGA,VAJM,Jamnagar Airport,Jamnagar,IN,22.4655,70.0126
JGN,ZLJQ,Jiayuguan Airport,Jiayuguan,CN,39.8569,98.3414
JGS,ZSGS,Jinggangshan Airport,Ji'an,CN,26.8569,114.737
JHB,WMKJ,Senai International Airport,Senai,MY,1.64131,103.67
JHF,SBJH,São Paulo Catarina Executive Airport,São Roque,BR,-23.42694,-47.16583
JHG,ZPJH,Xishuangbanna Gasa Airport,Jinghong,CN,21.9739,100.76
JHL,CAL4,Fort MacKay/Albian Aerodrome,Albian Village,CA,57.2239,-111.419
JHM,PHJH,Kapalua Airport,Lahaina,US,20.962936,-156.673032
JHS,BGSS,Sisimiut Airport,Sisimiut,GL,66.9513,-53.7293
JHW,KJHW,Chautauqua County/Jamestown Airport,Jamestown,US,42.153394,-79.258023
JIA,SWJN,Juina Airport,Juina,BR,-11.41944,-58.70167
JIB,HDAM,Djibouti-Ambouli Airport,Djibouti City,DJ,11.5473,43.1595
JIC,ZLJC,Jinchuan Airport,Jinchang,CN,38.54222,102.34833
JIJ,HAJJ,Jigjiga Garad Wilwal Airport,Jijiga,ET,9.33033,42.91083
JIK,LGIK,Ikaria Airport,Ikaria Island,GR,37.6827,26.3471
JIL,ZYJL,Jilin Airport,Jilin,CN,44.0022,126.396
JIM,HAJM,Jimma Airport,Jimma,ET,7.66609,36.8166
JIN,HUJI,Jinja Airport,Jinja,UG,0.45,33.2
JIP,SEJI,Jipijapa Airport,Jipijapa,EC,-1.0,-80.66666
JIQ,ZUQJ,Qianjiang Wulingshan Airport,Chongqing,CN,29.51456,108.83371
JIR,VNJI,Jiri Airport,Jiri,NP,27.617,86.217
JIU,ZSJJ,Jiujiang Lushan Airport,Jiujiang,CN,29.47694,115.80111
JIW,OPJI,Jiwani Airport,Jiwani,PK,25.0678,61.8054
JJD,SBJE,Comandante Ariston Pessoa Airport,Jijoca de Jericoacoara (Cruz),BR,-2.90667,-40.358
JJG,SBJA,Humberto Ghizzo Bortoluzzi Regional Airport,Jaguaruna,BR,-28.67528,-49.06028
JJI,SPJI,Juanjui Airport,Juanjui,PE,-7.1691,-76.7286
JJM,HKMK,Mulika Lodge Airport,Meru-Kinna,KE,0.16508,38.19514
JJN,ZSQZ,Quanzhou Airport,Quanzhou,CN,24.7964,118.59
JKG,ESGJ,Jonkoping Airport,Jonkoping,SE,57.7576,14.0687
JKH,LGHI,Chios Island National Airport,Chios Island,GR,38.3432,26.1406
JKL,LGKY,Kalymnos Airport,Kalymnos Island,GR,36.9633,26.9406
JKR,VNJP,Janakpur Airport,Janakpur,NP,26.7088,85.9224
JKV,KJSO,Cherokee County Airport,Jacksonville,US,31.86933,-95.217405
JLA,KJLA,Quartz Creek Airport,Cooper Landing,US,60.484264,-149.7229
JLN,KJLN,Joplin Regional Airport,Joplin,US,37.153167,-94.498807
JLR,VAJB,Jabalpur Airport,,IN,23.1778,80.052
JLS,SDJL,Jales Airport,Jales,BR,-20.293,-50.5464
JMK,LGMK,Mikonos Airport,Mykonos Island,GR,37.4351,25.3481
JMO,VNJS,Jomsom Airport,Jomsom,NP,28.78043,83.723
JMS,KJMS,Jamestown Regional Airport,Jamestown,US,46.929722,-98.678194
JMU,ZYJM,Jiamusi Airport,Jiamusi,CN,46.8434,130.465
JNA,SNJN,Januaria Airport,Januaria,BR,-15.4738,-44.3855
JNB,FAOR,O. R. Tambo International Airport,Johannesburg,ZA,-26.13367,28.24233
JNG,ZSJG,Jining Da'an Airport,Jining,CN,35.646944,116.744167
JNH,ZSJX,Jiaxing Nanhu Airport,Jiaxing,CN,30.698056,120.663056
JNI,SAAJ,Junin Airport,Junin,AR,-34.5459,-60.9306
JNU,PAJN,Juneau International Airport,Juneau,US,58.354712,-134.578471
JNX,LGNX,Naxos Airport,Naxos Island,GR,37.0811,25.3681
JNZ,ZYJZ,Jinzhou Airport,Jinzhou,CN,41.1014,121.062
JOE,EFJO,Joensuu Airport,Joensuu / Liperi,FI,62.6629,29.6075
JOG,WARJ,Adi Sutjipto International Airport,"Yogyakarta, Java Island",ID,-7.78818,110.432
JOH,FAPJ,Port St Johns Airport,Port St Johns,ZA,-31.6059,29.5198
JOI,SBJV,Lauro Carneiro de Loyola Airport,Joinville,BR,-26.2245,-48.7974
JOL,RPMJ,Jolo Airport,,PH,6.05367,121.011
JOM,HTNJ,Njombe Airport,Njombe,TZ,-9.35,34.8
JOS,DNJO,Yakubu Gowon Airport,Jos,NG,9.63983,8.86905
JOT,KJOT,Joliet Regional Airport,Joliet,US,41.517741,-88.175397
JPA,SBJP,Presidente Castro Pinto Airport,Joao Pessoa,BR,-7.14583,-34.94861
JPR,SWJI,Ji-Parana Airport,Ji-Parana,BR,-10.8708,-61.8465
JQA,BGUQ,Qaarsut Airport,Uummannaq,GL,70.7342,-52.6962
JQE,MPJE,Jaque Airport,Jaque,PA,7.51778,-78.1572
JRF,PHJR,Kalaeloa (John Rodgers Field) Airport,Kapolei,US,21.307134,-158.070444
JRG,VEJH,Jharsuguda Airport,Veer Surendra Sai,IN,21.91483,84.04867
JRH,VEJT,Jorhat Airport,Jorhat,IN,26.7315,94.1755
JRN,SWJU,Juruena Airport,Juruena,BR,-10.30583,-58.48944
JRO,HTKJ,Kilimanjaro International Airport,Arusha,TZ,-3.42941,37.0745
JSA,VIJR,Jaisalmer Airport,,IN,26.8887,70.865
JSH,LGST,Sitia Airport,Crete Island,GR,35.2161,26.1013
JSI,LGSK,Skiathos Island National Airport,Skiathos,GR,39.1771,23.5037
JSM,SAWS,Jose De San Martin Airport,Chubut,AR,-44.0486,-70.4589
JSR,VGJR,Jessore Airport,Jashahor,BD,23.1838,89.1608
JST,KJST,John Murtha Johnstown/Cambria County Airport,Johnstown,US,40.315556,-78.834667
JSU,BGMQ,Maniitsoq Airport,Maniitsoq,GL,65.4125,-52.9394
JSY,LGSO,Syros Airport,Syros Island,GR,37.4228,24.9509
JTC,SBAE,Bauru-Arealva Airport,Bauru,BR,-22.15783,-49.06833
JTI,SWJW,Jatai Airport,Jatai,BR,-17.8299,-51.773
JTR,LGSR,Santorini Airport,Santorini Island,GR,36.3992,25.4793
JTY,LGPL,Astypalaia Airport,Astypalaia Island,GR,36.5799,26.3758
JUA,SIZX,Juara Sul Airport,Juara,BR,-11.28667,-57.53889
JUB,HSSJ,Juba Airport,Juba,SS,4.87201,31.6011
JUI,EDWJ,Juist Airport,Juist,DE,53.68111,7.05583
JUJ,SASJ,Gobernador Horacio Guzman International Airport,San Salvador de Jujuy,AR,-24.3928,-65.0978
JUL,SPJL,Inca Manco Capac International Airport,Juliaca,PE,-15.4671,-70.1582
JUM,VNJL,Jumla Airport,Jumla,NP,29.2742,82.1933
JUN,YJDA,Jundah Airport,,AU,-24.8417,143.058
JUR,YJNB,Jurien Bay Airport,,AU,-30.3,115.033
JUT,MHJU,Jutigalpa airport,Jutigalpa,HN,14.6526,-86.2203
JUV,BGUK,Upernavik Airport,Upernavik,GL,72.7902,-56.1306
JUZ,ZSJU,Quzhou Airport,Quzhou,CN,28.9658,118.899
JVA,FMMK,Ankavandra Airport,Ankavandra,MG,-18.80501,45.27347
JVI,K47N,Central Jersey Regional Airport,Manville,US,40.524444,-74.598306
JVL,KJVL,Southern Wisconsin Regional Airport,Janesville,US,42.620253,-89.041567
JWA,FBJW,Jwaneng Airport,,BW,-24.6023,24.691
JWN,OITZ,Zanjan Airport,,IR,36.7737,48.3594
JWO,RKTI,Jungwon Air Base,,KR,37.03,127.885
JXA,ZYJX,Jixi Xingkaihu Airport,Jixi,CN,45.299722,131.179444
JXN,KJXN,Jackson County/Reynolds Field,Jackson,US,42.260443,-84.462139
JYR,OIKJ,Jiroft Airport,,IR,28.7269,57.6703
JYV,EFJY,Jyvaskyla Airport,Jyvaskylan Maalaiskunta,FI,62.3995,25.6783
JZH,ZUJZ,Jiuzhai Huanglong Airport,Jiuzhaigou,CN,32.85333,103.68222
KAA,FLKS,Kasama Airport,Kasama,ZM,-10.2167,31.1333
KAB,FVKB,Kariba International Airport,Kariba,ZW,-16.5198,28.885
KAC,OSKL,Kamishly Airport,Kamishly,SY,37.0206,41.1914
KAD,DNKA,Kaduna Airport,Kaduna,NG,10.696,7.32011
KAE,KKAE,Kake Seaplane Base,Kake,US,56.972996,-133.945615
KAG,RKNN,Gangneung Airport,,KR,37.7536,128.944
KAJ,EFKI,Kajaani Airport,Kajaani,FI,64.2855,27.6924
KAL,PAKV,Kaltag Airport,Kaltag,US,64.31898,-158.741306
KAN,DNKN,Mallam Aminu International Airport,Kano,NG,12.0476,8.52462
KAO,EFKS,Kuusamo Airport,Kuusamo,FI,65.9876,29.2394
KAP,FZSK,Kapanga Airport,Kapanga,CD,-8.35,22.583
KAR,SYKM,Kamarang Airport,Kamarang,GY,5.86534,-60.6142
KAT,NZKT,Kaitaia Airport,Kaitaia,NZ,-35.07,173.285
KAU,EFKA,Kauhava Airport,Kauhava,FI,63.1271,23.0514
KAV,SVKA,Kavanayen Airport,,VE,5.633,-61.783
KAW,VYKT,Kawthoung Airport,Kawthoung,MM,10.0493,98.538
KAX,YKBR,Kalbarri Airport,,AU,-27.69,114.262
KAY,NFNW,Wakaya Island Airport,Wakaya Island,FJ,-17.617,179.017
KAZ,WAMK,Kao Airport,Kao-Celebes Island,ID,1.18528,127.896
KBA,GFKB,Kabala Airport,Kabala,SL,9.63832,-11.51556
KBB,YKIR,Kirkimbie Station Airport,Kirkimbie,AU,-17.7792,129.21001
KBC,PAAR,Birch Creek Airport,Birch Creek,US,66.274472,-145.818194
KBG,HUKF,Kabalega Falls Airport,Kabalega Falls,UG,2.32639,31.4978
KBH,_KBH,Buzwagi Airport,Kahama,TZ,-3.79167,32.64667
KBI,FKKB,Kribi Airport,Kribi,CM,2.87389,9.97778
KBJ,YKCA,Kings Canyon Airport,,AU,-24.26,131.49001
KBK,VEKI,Kushinagar Airport,,IN,26.77267,83.89533
KBL,OAKB,Kabul International Airport,Kabul,AF,34.5659,69.2123
KBM,AYKB,Kabwum,,PG,-6.15547,147.19147
KBN,FZWT,Tunta Airport,Kabinda,CD,-6.133,24.483
KBO,FZRM,Kabalo Airport,Kabalo,CD,-6.083,26.917
KBP,UKBB,Boryspil International Airport,Kyiv,UA,50.345,30.8947
KBQ,FWKG,Kasungu Airport,Kasungu,MW,-13.0146,33.4686
KBR,WMKC,Sultan Ismail Petra Airport,Kota Baharu,MY,6.16685,102.293
KBS,GFBO,Bo Airport,Bo,SL,7.9444,-11.761
KBU,WAOK,Stagen Airport,Laut Island,ID,-3.29472,116.165
KBV,VTSG,Krabi Airport,Krabi,TH,8.09912,98.9862
KBY,YKBY,Streaky Bay Airport,,AU,-32.8358,134.293
KBZ,NZKI,Kaikoura Airport,,NZ,-42.425,173.605
KCA,ZWKC,Kuqa Airport,Kuqa,CN,41.7181,82.9869
KCB,SMTP,Tepoe Airstrip,Kasikasima,SR,3.15,-55.717
KCE,YCSV,Collinsville Airport,,AU,-20.5967,147.86
KCF,OPKW,Kadanwari Airport,Kadanwari,PK,27.21,69.29
KCG,PAJC,Chignik Airport,Chignik,US,56.311463,-158.373238
KCH,WBGG,Kuching International Airport,Kuching,MY,1.4847,110.347
KCK,UIKK,Kirensk Airport,Kirensk,RU,57.773,108.064
KCL,KKCL,Chignik Lagoon Airport,Chignik Lagoon,US,56.310967,-158.534486
KCM,LTCN,Kahramanmaraş Airport,Kahramanmaraş,TR,37.53883,36.95352
KCO,LTBQ,Cengiz Topel Airport,,TR,40.735,30.0833
KCQ,KA79,Chignik Lake Airport,Chignik Lake,US,56.255457,-158.777832
KCR,KKCR,Colorado Creek Airport,Colorado Creek,US,63.567723,-155.989044
KCS,YKCS,Kings Creek Airport,,AU,-24.4233,131.83501
KCT,VCCK,Koggala Airport,Galle,LK,5.99368,80.3203
KCU,HUMI,Masindi Airport,Masindi,UG,1.75806,31.7367
KCZ,RJOK,Kochi Ryoma Airport,Nankoku,JP,33.5461,133.66901
KDA,GODK,Kolda North Airport,Kolda,SN,12.8985,-14.9681
KDB,YKBL,Kambalda Airport,,AU,-31.1833,121.6
KDC,DBBK,Kandi Airport,Kandi,BJ,11.133,2.933
KDD,OPKH,Khuzdar Airport,Khuzdar,PK,27.7906,66.6473
KDH,OAKN,Kandahar Airport,,AF,31.5058,65.8478
KDI,WAWW,Wolter Monginsidi Airport,Kendari-Celebes Island,ID,-4.08161,122.418
KDJ,FOGJ,Ville Airport,N'Djole,GA,-0.183,10.75
KDK,PAKD,Kodiak Municipal Airport,Kodiak,US,57.805917,-152.373841
KDL,EEKA,Kardla Airport,Kardla,EE,58.9908,22.8307
KDM,VRMT,Kaadedhdhoo Airport,Huvadhu Atoll,MV,0.48833,72.99611
KDN,FOGE,Ndende Airport,Ndende,GA,-2.4,11.367
KDO,VRMK,Kadhdhoo Airport,Kadhdhoo,MV,1.85833,73.51972
KDR,AYKC,Kandrian Airport,Kandrian,PG,-6.2659,149.5581
KDT,VTBK,Kamphaeng Saen Airport,Nakhon Pathom,TH,14.102,99.9172
KDU,OPSD,Skardu Airport,Skardu,PK,35.3355,75.536
KDV,NFKD,Vunisea Airport,Vunisea,FJ,-19.0581,178.157
KDX,HSLI,Kadugli Airport,Kadugli,SD,11.138,29.7011
KDY,UEMH,Tyopliy Klyuch Airport,Tyopliy Klyuch,RU,62.789,136.855
KEA,UTAE,Kerki International Airport,Kerki,TM,37.808889,65.2125
KEB,PAAW,Nanwalek Airport,Nanwalek,US,59.352148,-151.925156
KEC,FZQG,Kasenga Airport,Kasenga,CD,-10.35,28.633
KED,GQNK,Kaedi Airport,Kaedi,MR,16.1595,-13.5076
KEE,FCOK,Kelle Airport,Kelle,CG,-0.083,14.533
KEF,BIKF,Keflavik International Airport,Reykjavik,IS,63.985,-22.6056
KEI,WAKP,Kepi Airport,Kepi-Papua Island,ID,-6.59437,139.35699
KEJ,UNEE,Kemerovo Airport,Kemerovo,RU,55.2701,86.1072
KEK,PAAV,Ekwok Airport,Ekwok,US,59.356839,-157.471139
KEL,EDHK,Kiel-Holtenau Airport,Kiel,DE,54.37944,10.14528
KEM,EFKE,Kemi-Tornio Airport,Kemi / Tornio,FI,65.7787,24.5821
KEN,GFKE,Kenema Airport,Kenema,SL,7.89129,-11.1766
KEO,DIOD,Odienne Airport,Odienne,CI,9.5,-7.567
KEP,VNNG,Nepalgunj Airport,Nepalgunj,NP,28.1036,81.667
KEQ,WASE,Kebar Airport,Kebar-Papua Island,ID,-0.6371,133.12801
KER,OIKK,Kerman Airport,Kerman,IR,30.2744,56.9511
KES,CZEE,Kelsey Airport,Kelsey,CA,56.0375,-96.5097
KET,VYKG,Kengtung Airport,Kengtung,MM,21.3016,99.636
KEU,HKKE,Keekorok Airport,Keekorok,KE,-1.583,35.25
KEV,EFHA,Halli Airport,Halli / Kuorevesi,FI,61.856,24.7866
KEY,HKKR,Kericho Airport,Kericho,KE,-0.417,35.25
KFA,GQNF,Kiffa Airport,Kiffa,MR,16.59,-11.4062
KFE,YFDF,Fortescue - Dave Forrest Aerodrome,Cloudbreak Village,AU,-22.2919,119.43722
KFG,YKKG,Kalkgurung Airport,,AU,-17.4319,130.808
KFP,PAKF,False Pass Airport,False Pass,US,54.847861,-163.407111
KFS,LTAL,Kastamonu Airport,Kastamonu,TR,41.3142,33.7958
KFZ,LAKU,Kukes Airport,Kukes,AL,42.0337,20.4159
KGA,FZUA,Kananga Airport,Kananga,CD,-5.90005,22.4692
KGC,YKSC,Kingscote Airport,,AU,-35.7139,137.521
KGD,UMKK,Khrabrovo Airport,Kaliningrad,RU,54.89,20.5926
KGE,AGKG,Kagau Island Airport,Kagau Island,SB,-7.333,157.58299
KGF,UAKK,Sary-Arka International Airport,Karaganda,KZ,49.6708,73.3344
KGG,GOTK,Kedougou Airport,Kedougou,SN,12.5723,-12.2203
KGI,YPKG,Kalgoorlie-Boulder Airport,Kalgoorlie,AU,-30.789444,121.461667
KGJ,FWKA,Karonga Airport,Karonga,MW,-9.95357,33.893
KGK,PAJZ,Koliganek Airport,Koliganek,US,59.72675,-157.26025
KGL,HRYR,Kigali International Airport,Kigali,RW,-1.96863,30.1395
KGN,FZOK,Kasongo Airport,Kasongo,CD,-4.533,26.617
KGO,UKKG,Kropyvnytskyi Airport,Kropyvnytskyi,UA,48.5428,32.285
KGP,USRK,Kogalym International Airport,Kogalym,RU,62.1904,74.5338
KGS,LGKO,Kos Airport,Kos Island,GR,36.7933,27.0917
KGT,ZUKD,Garze Kangding Airport,Kangding,CN,30.1425,101.7387
KGU,WBKG,Keningau Airport,Keningau,MY,5.35749,116.162
KGX,PAGX,Grayling Airport,Grayling,US,62.892085,-160.066397
KGY,YKRY,Kingaroy Airport,,AU,-26.5808,151.841
KGZ,KKGZ,Glacier Creek Airport,Glacier Creek,US,61.455134,-142.380951
KHC,UKFK,Kerch Airport,Kerch,UA,45.3725,36.4014
KHD,OICK,Khoram Abad Airport,,IR,33.4354,48.2829
KHG,ZWSH,Kashgar Airport,Kashgar,CN,39.5429,76.02
KHH,RCKH,Kaohsiung International Airport,Kaohsiung City,TW,22.5771,120.35
KHI,OPKC,Jinnah International Airport,Karachi,PK,24.9065,67.1608
KHJ,EFKJ,Kauhajoki Airport,,FI,62.4625,22.3931
KHK,OIBQ,Khark Island Airport,,IR,29.2603,50.3239
KHM,VYKI,Kanti Airport,Kanti,MM,25.9883,95.6744
KHN,ZSCN,Nanchang Changbei International Airport,Nanchang,CN,28.865,115.9
KHR,ZMHH,Kharkhorin Airport,,MN,47.24667,102.82611
KHS,OOKB,Khasab Air Base,Khasab,OM,26.171,56.2406
KHT,OAKS,Khost Airport,Khost,AF,33.3334,69.952
KHV,UHHH,Khabarovsk-Novy Airport,Khabarovsk,RU,48.528,135.188
KHW,FBKR,Khwai River Lodge Airport,Khwai River Lodge,BW,-19.15,23.783
KHY,OITK,Khoy Airport,Khoy,IR,38.4275,44.9736
KHZ,NTKA,Kauehi Airport,Kauehi,PF,-15.7808,-145.12399
KIA,PKSA,Kaieteur International Airport,Kaieteur Falls,GY,5.17275,-59.49148
KIC,KKIC,Mesa Del Rey Airport,King City,US,36.228556,-121.121306
KID,ESMK,Kristianstad Airport,Kristianstad,SE,55.9217,14.0855
KIE,AYIQ,Aropa Airport,Kieta,PG,-6.305,155.72778
KIF,CNM5,Kingfisher Lake Airport,Kingfisher Lake,CA,53.0125,-89.8553
KIH,OIBK,Kish International Airport,Kish Island,IR,26.5262,53.9802
KIJ,RJSN,Niigata Airport,Niigata,JP,37.9559,139.121
KIK,ORKK,Kirkuk Air Base,Kirkuk,IQ,35.4695,44.3489
KIM,FAKM,Kimberley Airport,Kimberley,ZA,-28.8028,24.7652
KIN,MKJP,Norman Manley International Airport,Kingston,JM,17.9357,-76.7875
KIP,KCWC,Kickapoo Downtown Airport,Wichita Falls,US,33.860617,-98.490399
KIR,EIKY,Kerry Airport,Killarney,IE,52.1809,-9.52378
KIS,HKKI,Kisumu Airport,Kisumu,KE,-0.08614,34.7289
KIT,LGKC,Kithira Airport,Kithira Island,GR,36.2743,23.017
KIW,FLSO,Southdowns Airport,Kitwe,ZM,-12.9005,28.1499
KIX,RJBB,Kansai International Airport,Osaka,JP,34.4273,135.244
KIY,HTKI,Kilwa Masoko Airport,Kilwa Masoko,TZ,-8.933,39.517
KJA,UNKL,Yemelyanovo Airport,Krasnoyarsk,RU,56.1729,92.4933
KJB,VOKU,Kurnool Airport,Kurnool,IN,15.713681,78.161561
KJH,ZUKJ,Kaili Huangping Airport,Kaili,CN,26.97482,107.98695
KJK,EBKT,Wevelgem Airport,Wevelgem,BE,50.4907,3.1233
KJP,ROKR,Kerama Airport,Kerama,JP,26.1683,127.293
KJT,WICA,Kertajati International Airport,"Bandung, Majalengka Regency",ID,-6.64913,108.167
KKA,PAKK,Koyuk Alfred Adams Airport,Koyuk,US,64.939528,-161.154278
KKC,VTUK,Khon Kaen Airport,Khon Kaen,TH,16.4666,102.784
KKD,AYKO,Kokoda Airport,Kokoda,PG,-8.88468,147.73096
KKE,NZKK,Kerikeri Airport,Kerikeri,NZ,-35.2628,173.912
KKH,PADY,Kongiganak Airport,Kongiganak,US,59.961631,-162.880593
KKI,PFZK,Akiachak Airport,Akiachak,US,60.91381,-161.493329
KKJ,RJFR,Kitakyushu Airport,Kitakyushu,JP,33.8459,131.035
KKK,K1KC,Kalakaket Creek Air Station,Kalakaket Creek,US,64.424447,-156.843339
KKM,VTBL,Khok Kathiam Airport,,TH,14.8746,100.663
KKN,ENKR,Kirkenes Airport Hoybuktmoen,Kirkenes,NO,69.7258,29.8913
KKO,NZKO,Kaikohe Airport,,NZ,-35.4511,173.817
KKP,YKLB,Koolburra Airport,Koolburra,AU,-15.3189,143.955
KKQ,USDP,Krasnoselkup Airport,Krasnoselkup,RU,65.717,82.455
KKR,NTGK,Kaukura Airport,,PF,-15.6633,-146.88499
KKS,OIFK,Kashan Airport,,IR,33.8953,51.577
KKT,K50I,Kentland Municipal Airport,Kentland,US,40.758742,-87.429125
KKU,KKKU,Ekuk Airport,Ekuk,US,58.811192,-158.558842
KKW,FZCA,Kikwit Airport,,CD,-5.03577,18.7856
KKX,RJKI,Kikai Airport,,JP,28.3213,129.92799
KKY,EIKK,Kilkenny Airport,Kilkenny,IE,52.6508,-7.29611
KLB,FLKL,Kalabo Airport,Kalabo,ZM,-14.9983,22.6454
KLC,GOOK,Kaolack Airport,Kaolack,SN,14.1469,-16.0513
KLD,UUEM,Migalovo Air Base,Tver,RU,56.8247,35.7577
KLE,FKKH,Kaele Airport,Kaele,CM,10.0925,14.4456
KLF,UUBC,Grabtsevo Airport,Kaluga,RU,54.55,36.36667
KLG,PALG,Kalskag Airport,Kalskag,US,61.535972,-160.345583
KLH,VAKP,Kolhapur Airport,,IN,16.6647,74.2894
KLI,FZFP,Kotakoli Airport,,CD,4.15764,21.6509
KLK,HKFG,Kalokol Airport,Kalokol,KE,3.483,35.833
KLM,OINE,Kalaleh Airport,,IR,37.3833,55.452
KLN,PALB,Larsen Bay Airport,Larsen Bay,US,57.535083,-153.976667
KLO,RPVK,Kalibo International Airport,Kalibo,PH,11.6794,122.376
KLQ,WIPV,Keluang Airport,"Keluang, Sumatra Island",ID,-2.62353,103.955
KLR,ESMQ,Kalmar Airport,,SE,56.6855,16.2876
KLS,KKLS,Southwest Washington Regional Airport,Kelso,US,46.118,-122.898361
KLU,LOWK,Klagenfurt Airport,Klagenfurt am Worthersee,AT,46.6425,14.3377
KLV,LKKV,Karlovy Vary International Airport,Karlovy Vary,CZ,50.203,12.915
KLW,PAKW,Klawock Airport,Klawock,US,55.579222,-133.076
KLX,LGKL,Kalamata Airport,Kalamata,GR,37.0683,22.0255
KLY,FZOD,Kinkungwa Airport,Kalima,CD,-2.578,26.734
KLZ,FAKZ,Kleinsee Airport,Kleinsee,ZA,-29.6884,17.094
KMA,AYKM,Kerema Airport,Kerema,PG,-7.96361,145.771
KME,HRZA,Kamembe Airport,Kamembe,RW,-2.46224,28.9079
KMG,ZPPP,Kunming Wujiaba International Airport,Kunming,CN,24.9924,102.744
KMH,FAKU,Johan Pienaar Airport,Kuruman,ZA,-27.4567,23.4114
KMI,RJFM,Miyazaki Airport,Miyazaki,JP,31.8772,131.44901
KMJ,RJFT,Kumamoto Airport,Kumamoto,JP,32.8373,130.855
KMK,FCPA,Makabana Airport,Makabana,CG,-3.483,12.617
KML,YKML,Kamileroi Airport,,AU,-19.375,140.05701
KMN,FZSB,Kamina / Ville Airport,Kamina,CD,-8.72861,24.9914
KMO,PAMB,Manokotak Airport,Manokotak,US,58.932056,-158.901889
KMP,FYKT,Keetmanshoop Airport,Keetmanshoop,NA,-26.5398,18.1114
KMQ,RJNK,Komatsu Airport,Kanazawa,JP,36.3946,136.407
KMR,AYRI,Karimui Airport,Karimui,PG,-6.4921,144.823
KMS,DGSI,Kumasi Airport,Kumasi,GH,6.71456,-1.59082
KMU,HCMK,Kisimayu Airport,,SO,-0.37735,42.4592
KMV,VYKL,Kalay Airport,Kalemyo,MM,23.1888,94.0511
KMW,UUBA,Kostroma Sokerkino Airport,Kostroma,RU,57.7969,41.0194
KMX,OEKM,King Khaled Air Base,,SA,18.2973,42.8035
KMZ,FLKO,Kaoma Airport,Kaoma,ZM,-14.8,24.783
KNA,SCVM,Vina del mar Airport,Vina Del Mar,CL,-32.9496,-71.4786
KNB,KKNB,Kanab Municipal Airport,Kanab,US,37.010511,-112.531478
KND,FZOA,Kindu Airport,Kindu,CD,-2.91918,25.9154
KNF,EGYM,RAF Marham,Marham,GB,52.6484,0.55069
KNG,WASK,Kaimana Airport,Kaimana-Papua Island,ID,-3.64452,133.696
KNH,RCBS,Kinmen Airport,Shang-I,TW,24.4279,118.359
KNI,YKNG,Katanning Airport,,AU,-33.7167,117.633
KNJ,FCBK,Kindamba Airport,Kindamba,CG,-3.95,14.517
KNK,PFKK,Kokhanok Airport,Kokhanok,US,59.433286,-154.802592
KNM,FZTK,Kaniama Airport,Kaniama,CD,-7.583,24.15
KNN,GUXN,Kankan Airport,Kankan,GN,10.394,-9.3038
KNO,WIMM,Polonia International Airport,"Medan, Sumatra Island",ID,3.637847,98.870566
KNQ,NWWD,Kone Airport,Kone,NC,-21.0543,164.83701
KNR,OIBJ,Jam Airport,Kangan,IR,27.8205,52.3522
KNS,YKII,King Island Airport,,AU,-39.8775,143.87801
KNT,KTKX,Kennett Memorial Airport,Kennett,US,36.225862,-90.036641
KNU,VICX,Kanpur Chakeri Airport,Kanpur,IN,26.4043,80.4101
KNW,PANW,New Stuyahok Airport,New Stuyahok,US,59.451528,-157.373167
KNX,YPKU,Kununurra Airport,Kununurra,AU,-15.7781,128.70799
KNZ,GAKA,Kenieba Airport,Kenieba,ML,12.833,-11.25
KOA,PHKO,Ellison Onizuka Kona International At Keahole Airport,Kailua-Kona,US,19.738765,-156.045631
KOC,NWWK,Koumac Airport,Koumac,NC,-20.5463,164.256
KOE,WATT,El Tari Airport,Kupang-Timor Island,ID,-10.1716,123.671
KOF,FAKP,Komatipoort Airport,Komatipoort,ZA,-25.4403,31.93
KOH,YKLA,Koolatah Airport,,AU,-15.9167,142.45
KOI,EGPA,Kirkwall Airport,Orkney Islands,GB,58.9578,-2.905
KOJ,RJFK,Kagoshima Airport,Kagoshima,JP,31.8034,130.71899
KOK,EFKK,Kruunupyy Airport,Kokkola / Kruunupyy,FI,63.7212,23.1431
KOO,FZRQ,Kongolo Airport,Kongolo,CD,-5.39444,26.99
KOP,VTUW,Nakhon Phanom Airport,,TH,17.3838,104.643
KOQ,EDCK,Kothen Airport,Kothen,DE,51.72111,11.95278
KOS,VDSV,Sihanoukville International Airport,Sihanukville,KH,10.5797,103.637
KOT,PFKO,Kotlik Airport,Kotlik,US,63.030583,-163.532639
KOU,FOGK,Koulamoutou Airport,Koulamoutou,GA,-1.18461,12.4413
KOV,UACK,Kokshetau Airport,Kokshetau,KZ,53.3291,69.5946
KOW,ZSGZ,Ganzhou Airport,Ganzhou,CN,25.8258,114.912
KOX,WABN,Kokonau Airport,Kokonau-Papua Island,ID,-4.71667,136.43333
KOZ,PAAE,Ouzinkie Airport,Ouzinkie,US,57.942155,-152.464993
KPC,PAPC,Port Clarence Cgs Airport,Port Clarence,US,65.253456,-166.857628
KPI,WBGP,Kapit Airport,Kapit,MY,2.017,112.95
KPM,AYAQ,Kompiam Airport,,PG,-5.38167,143.92472
KPN,PAKI,Kipnuk Airport,Kipnuk,US,59.931611,-164.028111
KPO,RKTH,Pohang Airport,Pohang,KR,35.9879,129.42
KPP,YKPR,Kalpowar Airport,,AU,-14.9,144.2
KPS,YKMP,Kempsey Airport,,AU,-31.0744,152.77
KPT,K06U,Jackpot/Hayden Field,Jackpot,US,41.975831,-114.658016
KPV,PAPE,Perryville Airport,Perryville,US,55.906724,-159.160829
KPW,UHMK,Keperveem Airport,Keperveem,RU,67.845,166.14
KQA,PAUT,Akutan Airport,Akutan,US,54.144611,-165.604108
KQH,VIKG,"Kishangarh Airport, Ajmer",Kishangarh,IN,26.59117,74.81617
KQT,UTDT,Qurghonteppa International Airport,Kurgan-Tyube,TJ,37.8664,68.8647
KRA,YKER,Kerang Airport,,AU,-35.7514,143.939
KRB,YKMB,Karumba Airport,,AU,-17.4567,140.83
KRC,WIJI,Depati Parbo Airport,Sungai Penuh,ID,-2.091111,101.462778
KRE,HBBO,Kirundo Airport,Kirundo,BI,-2.54477,30.09457
KRF,ESNK,Kramfors Solleftea Airport,Kramfors / Solleftea,SE,63.0486,17.7689
KRG,SYKS,Karasabai Airport,Karasabai,GY,4.03333,-59.5333
KRI,AYKK,Kikori Airport,Kikori,PG,-7.42438,144.25008
KRJ,AYQA,Karawari Airstrip,,PG,-4.59667,143.5225
KRK,EPKK,John Paul II International Airport Kraków-Balice Airport,Kraków,PL,50.0777,19.7848
KRL,ZWKL,Korla Airport,Korla,CN,41.6978,86.1289
KRM,SYKR,Karanambo Airport,Karanambo,GY,3.75194,-59.3097
KRN,ESNQ,Kiruna Airport,,SE,67.822,20.3368
KRO,USUU,Kurgan Airport,Kurgan,RU,55.4753,65.4156
KRP,EKKA,Karup Airport,Karup,DK,56.2975,9.12463
KRQ,UKCK,Kramatorsk Airport,Kramatorsk,UA,48.7056,37.6289
KRR,URKK,Krasnodar International Airport,Krasnodar,RU,45.0347,39.1705
KRS,ENCN,Kristiansand Airport,Kjevik,NO,58.2042,8.08537
KRT,HSSK,Khartoum International Airport,Khartoum,SD,15.59033,32.553
KRW,UTAK,Turkmenbashi Airport,Krasnovodsk,TM,40.0633,53.0072
KRY,ZWKM,Karamay Airport,Karamay,CN,45.46655,84.9527
KRZ,FZBT,Basango Mboliasa Airport,Kiri,CD,-1.435,19.024
KSA,PTSA,Kosrae Airport,Kosrae,FM,5.356972,162.958389
KSC,LZKZ,Kosice Airport,Kosice,SK,48.6631,21.2411
KSD,ESOK,Karlstad Airport,Karlstad,SE,59.4447,13.3374
KSE,HUKS,Kasese Airport,Kasese,UG,0.183,30.1
KSF,EDVK,Kassel-Calden Airport,Kassel,DE,51.40833,9.3775
KSH,OICC,Shahid Ashrafi Esfahani Airport,Kermanshah,IR,34.3459,47.1581
KSI,GUKU,Kissidougou Airport,Kissidougou,GN,9.16056,-10.1244
KSJ,LGKS,Kasos Airport,Kasos Island,GR,35.4214,26.91
KSK,ESKK,Karlskoga Airport,,SE,59.3459,14.4959
KSL,HSKA,Kassala Airport,Kassala,SD,15.3875,36.3288
KSM,PASM,St Mary's Airport,St Mary'S,US,62.060815,-163.301839
KSN,UAUU,Kostanay International Airport,Kostanay,KZ,53.2069,63.5503
KSO,LGKA,Kastoria National Airport,Kastoria,GR,40.4463,21.2822
KSQ,UZSK,Karshi Airport,Karshi,UZ,38.8025,65.77306
KSS,GASK,Sikasso Airport,Sikasso,ML,11.333,-5.7
KST,HSKI,Kosti Airport,Kosti,SD,13.183,32.733
KSU,ENKB,Kristiansund Airport Kvernberget,Kvernberget,NO,63.1118,7.82452
KSV,YSPV,Springvale Airport,,AU,-23.55,140.7
KSW,LLKS,Kiryat Shmona Airport,Kiryat Shmona,IL,33.2167,35.6
KSY,LTCF,Kars Airport,Kars,TR,40.5622,43.115
KSZ,ULKK,Kotlas Airport,Kotlas,RU,61.2358,46.6975
KTA,YPKA,Karratha Airport,Karratha,AU,-20.7122,116.773
KTD,RORK,Kitadaito Airport,,JP,25.9447,131.327
KTE,WMKE,Kerteh Airport,Kerteh,MY,4.53722,103.427
KTF,NZTK,Takaka Airport,,NZ,-40.8133,172.77499
KTG,WIOK,Ketapang (Rahadi Usman) Airport,"Ketapang, Borneo Island",ID,-1.81664,109.963
KTI,VDTI,Techo International Airport,Krong Ta Khmau,KH,11.362917,104.916611
KTL,HKKT,Kitale Airport,Kitale,KE,0.97199,34.9586
KTM,VNKT,Tribhuvan International Airport,Kathmandu,NP,27.6966,85.3591
KTN,PAKT,Ketchikan International Airport,Ketchikan,US,55.354083,-131.711222
KTO,SYKT,Kato Airport,Kato,GY,4.64916,-59.8322
KTP,MKTP,Tinson Pen Airport,Tinson Pen,JM,17.9886,-76.8238
KTQ,EFIT,Kitee Airport,,FI,62.1661,30.0736
KTR,YPTN,Tindal Airport,,AU,-14.5211,132.37801
KTS,PFKT,Brevig Mission Airport,Brevig Mission,US,65.331333,-166.465722
KTT,EFKT,Kittila Airport,Kittila,FI,67.701,24.8468
KTU,VIKO,Kota Airport,,IN,25.1602,75.8456
KTW,EPKT,Katowice International Airport,Katowice,PL,50.4743,19.08
KTX,GAKO,Koutiala Airport,Koutiala,ML,12.383,-5.467
KTY,VCCN,Katukurunda Airport,Kalutara,LK,6.55212,79.9775
KUA,WMKD,Kuantan Airport,Kuantan,MY,3.77539,103.209
KUC,NGKT,Kuria Airport,Kuria,KI,0.21861,173.442
KUD,WBKT,Kudat Airport,Kudat,MY,6.9225,116.836
KUF,UWWW,Kurumoch International Airport,Samara,RU,53.5049,50.1643
KUG,YKUB,Kubin Airport,,AU,-10.225,142.218
KUH,RJCK,Kushiro Airport,Kushiro,JP,43.041,144.19299
KUK,PFKA,Kasigluk Airport,Kasigluk,US,60.873333,-162.524306
KUL,WMKK,Kuala Lumpur International Airport,Kuala Lumpur,MY,2.74558,101.71
KUM,RJFC,Yakushima Airport,,JP,30.3856,130.659
KUN,EYKA,Kaunas International Airport,Kaunas,LT,54.9639,24.0848
KUO,EFKU,Kuopio Airport,Kuopio / Siilinjarvi,FI,63.0071,27.7978
KUQ,AYKU,Kuri Airport,Kuri,PG,-7.13508,143.27611
KUS,BGKK,Kulusuk Airport,Kulusuk,GL,65.5736,-37.1236
KUT,UGKO,Kopitnari Airport,Kutaisi,GE,42.1767,42.4826
KUU,VIBR,Kullu Manali Airport,,IN,31.8767,77.1544
KUV,RKJK,Kunsan Air Base,Kunsan,KR,35.9038,126.616
KVA,LGKV,Alexander the Great International Airport,Kavala,GR,40.9133,24.6192
KVB,ESGR,Skovde Airport,Skovde,SE,58.4564,13.9727
KVC,PAVC,King Cove Airport,King Cove,US,55.116384,-162.266536
KVG,AYKV,Kavieng Airport,Kavieng,PG,-2.5794,150.808
KVK,ULMK,Kirovsk-Apatity Airport,Apatity,RU,67.4633,33.5883
KVL,PAVL,Kivalina Airport,Kivalina,US,67.736139,-164.5635
KVM,UHMO,Markovo Airport,Markovo,RU,64.667,170.41701
KVX,USKK,Pobedilovo Airport,Kirov,RU,58.5033,49.3483
KWA,PKWA,Bucholz Army Air Field(Kwajalein Kmr)(Atoll) Airport,Kwajalein,MH,8.720124,167.731674
KWE,ZUGY,Longdongbao Airport,Guiyang,CN,26.5385,106.801
KWG,UKDR,Kryvyi Rih International Airport,Kryvyi Rih,UA,48.0433,33.21
KWH,OAHN,Khwahan Airport,Khwahan,AF,37.883,70.217
KWI,OKKK,Kuwait International Airport,Kuwait City,KW,29.22677,47.97995
KWJ,RKJJ,Gwangju Airport,Gwangju,KR,35.1264,126.809
KWK,PAGG,Kwigillingok Airport,Kwigillingok,US,59.875689,-163.168088
KWL,ZGKL,Guilin Liangjiang International Airport,Guilin City,CN,25.2181,110.039
KWM,YKOW,Kowanyama Airport,Kowanyama,AU,-15.4856,141.75101
KWN,PAQH,Quinhagak Airport,Quinhagak,US,59.755093,-161.845366
KWO,AYKW,Kawito Airport,Kawito,PG,-7.97701,142.82358
KWP,KKWP,West Point Village Seaplane Base,West Point,US,57.770109,-153.548948
KWT,PFKW,Kwethluk Airport,Kwethluk,US,60.790333,-161.443694
KWZ,FZQM,Kolwezi Airport,,CD,-10.7659,25.5057
KXB,WAWP,Sangia Nibandera Airport,Kolaka,ID,-4.345,121.52217
KXD,USHK,Kondinskoye Airport,Kondinskoye,RU,59.65508,67.43005
KXE,FAKD,P C Pelser Airport,Klerksdorp,ZA,-26.8711,26.718
KXF,NFNO,Koro Island Airport,Koro Island,FJ,-17.3458,179.422
KXK,UHKK,Komsomolsk-on-Amur Airport,Komsomolsk-on-Amur,RU,50.409,136.93401
KXU,NTKT,Katiu Airport,Katiu,PF,-16.3394,-144.403
KYA,LTAN,Konya Airport,Konya,TR,37.979,32.5619
KYD,RCLY,Lanyu Airport,Orchid Island,TW,22.027,121.535
KYE,OLKA,Rene Mouawad Air Base,Tripoli,LB,34.5893,36.0113
KYF,YYLR,Yeelirrie Airport,,AU,-27.27706,120.09567
KYI,YYTA,Yalata Mission Airport,Yalata Mission,AU,-31.4706,131.825
KYK,PAKY,Karluk Airport,Karluk,US,57.566056,-154.453806
KYO,KX39,Tampa North Aero Park Airport,Tampa,US,28.221278,-82.374556
KYP,VYKP,Kyaukpyu Airport,Kyaukpyu,MM,19.4264,93.5348
KYS,GAKY,Kayes Dag Dag Airport,,ML,14.4812,-11.4044
KYT,VYKU,Kyauktu Airport,Kyauktu,MM,21.4,94.1333
KYU,PFKU,Koyukuk Airport,Koyukuk,US,64.875806,-157.730444
KYZ,UNKY,Kyzyl Airport,Kyzyl,RU,51.6694,94.4006
KZF,AYKT,Kaintiba Airport,Kaintiba,PG,-7.50025,146.03383
KZG,EDGY,Kitzingen Airport,Kitzingen,DE,49.741631,10.198856
KZI,LGKZ,Filippos Airport,Kozani,GR,40.2861,21.8408
KZN,UWKD,Kazan International Airport,Kazan,RU,55.6062,49.2787
KZO,UAOO,Korkyt Ata Airport,Kzyl-Orda,KZ,44.7069,65.5925
KZR,LTBZ,Zafer Airport,Altintas,TR,39.10902,30.13713
KZS,LGKJ,Kastelorizo Airport,Kastelorizo Island,GR,36.1417,29.5764
LAA,KLAA,Southeast Colorado Regional Airport,Lamar,US,38.069704,-102.688494
LAD,FNLU,Quatro De Fevereiro Airport,Luanda,AO,-8.85837,13.2312
LAE,AYNZ,Lae Nadzab Airport,Nadzab,PG,-6.56983,146.726
LAF,KLAF,Purdue University Airport,Lafayette,US,40.412304,-86.936898
LAH,WAPH,Oesman Sadik Airport Labuha,Labuha-Halmahera Island,ID,-0.63526,127.502
LAI,LFRO,Lannion-Cote de Granit Airport,Lannion,FR,48.7544,-3.47166
LAJ,SBLJ,Lages Airport,Lages,BR,-27.7821,-50.2815
LAK,CYKD,Aklavik Airport,Aklavik,CA,68.2233,-135.006
LAL,KLAL,Lakeland Linder International Airport,Lakeland,US,27.987639,-82.019
LAM,KLAM,Los Alamos Airport,Los Alamos,US,35.879686,-106.268686
LAN,KLAN,Capital Region International Airport,Lansing,US,42.778647,-84.586206
LAO,RPLI,Laoag International Airport,Laoag City,PH,18.1781,120.532
LAP,MMLP,Manuel Marquez de Leon International Airport,La Paz,MX,24.0727,-110.362
LAQ,HLLQ,La Abraq Airport,Al Bayda',LY,32.7887,21.9643
LAR,KLAR,Laramie Regional Airport,Laramie,US,41.312057,-105.674986
LAS,KLAS,Harry Reid International Airport,Las Vegas,US,36.080343,-115.152449
LAU,HKLU,Manda Airstrip,Lamu,KE,-2.25242,40.9131
LAW,KLAW,Lawton-Fort Sill Regional Airport,Lawton,US,34.567714,-98.416637
LAX,KLAX,Los Angeles International Airport,Los Angeles,US,33.942496,-118.408049
LAY,FALY,Ladysmith Airport,Ladysmith,ZA,-28.5817,29.7497
LAZ,SBLP,Bom Jesus da Lapa Airport,Bom Jesus Da Lapa,BR,-13.2621,-43.4081
LBA,EGNM,Leeds Bradford Airport,Leeds,GB,53.8659,-1.66057
LBB,KLBB,Lubbock Preston Smith International Airport,Lubbock,US,33.663667,-101.820556
LBC,EDHL,Lubeck Blankensee Airport,Lubeck,DE,53.8054,10.7192
LBD,UTDL,Khudzhand Airport,Khudzhand,TJ,40.2154,69.6947
LBE,KLBE,Arnold Palmer Regional Airport,Latrobe,US,40.2731,-79.410326
LBF,KLBF,North Platte Regional/Lee Bird Field,North Platte,US,41.126213,-100.683653
LBG,LFPB,Paris-Le Bourget Airport,Paris,FR,48.9694,2.44139
LBI,LFCI,Albi-Le Sequestre Airport,Albi/Le Sequestre,FR,43.9139,2.11306
LBJ,WATO,Komodo (Mutiara II) Airport,Labuan Bajo-Flores Island,ID,-8.48666,119.889
LBL,KLBL,Liberal Mid-America Regional Airport,Liberal,US,37.043921,-100.959969
LBO,FZVI,Lusambo Airport,Lusambo,CD,-4.96167,23.3783
LBQ,FOGR,Lambarene Airport,Lambarene,GA,-0.70439,10.2457
LBR,SWLB,Labrea Airport,Labrea,BR,-7.27897,-64.7695
LBS,NFNL,Labasa Airport,,FJ,-16.4667,179.34
LBT,KLBT,Lumberton Regional Airport,Lumberton,US,34.609811,-79.05955
LBU,WBKL,Labuan Airport,Labuan,MY,5.30068,115.25
LBV,FOOL,Leon M Ba Airport,Libreville,GA,0.4586,9.41228
LBW,WRLB,Long Bawan Airport,"Long Bawan, Borneo Island",ID,3.867,115.683
LBX,RPLU,Lubang Airport,,PH,13.8554,120.105
LBY,LFRE,La Baule-Escoublac Airport,La Baule-Escoublac,FR,47.2894,-2.34639
LBZ,FNLK,Lucapa Airport,Lucapa,AO,-8.44573,20.73209
LCA,LCLK,Larnaca International Airport,Larnaca,CY,34.8751,33.6249
LCC,LIBN,Lecce Airport,,IT,40.2392,18.1333
LCD,FALO,Louis Trichardt Airport,Louis Trichardt,ZA,-23.0619,29.8647
LCE,MHLC,Goloson International Airport,La Ceiba,HN,15.7425,-86.853
LCF,MGRD,Las Vegas Airport,Rio Dulce,GT,15.6689,-88.9579
LCG,LECO,A Coruna Airport,Culleredo,ES,43.3021,-8.37726
LCH,KLCH,Lake Charles Regional Airport,Lake Charles,US,30.126094,-93.223413
LCI,KLCI,Laconia Municipal Airport,Laconia,US,43.573042,-71.417842
LCJ,EPLL,Łódź Władysław Reymont Airport,Łódź,PL,51.7219,19.3981
LCK,KLCK,Rickenbacker International Airport,Columbus,US,39.813787,-82.927814
LCL,MULM,La Coloma Airport,Pinar del Rio,CU,22.3361,-83.6419
LCM,SACC,La Cumbre Airport,La Cumbre,AR,-31.0058,-64.5319
LCN,YBLC,Balcanoona Airport,,AU,-30.535,139.33701
LCO,FCBL,Lague Airport,Lague,CG,-2.45,14.533
LCQ,KLCQ,Lake City Gateway Airport,Lake City,US,30.182056,-82.576861
LCV,LIQL,Lucca / Tassignano Airport,Lucca,IT,43.8282,10.5781
LCX,ZSLD,Longyan Guanzhishan Airport,Longyan,CN,25.6747,116.747
LCY,EGLC,London City Airport,London,GB,51.5053,0.05528
LDA,VEMH,Malda Airport,Malda,IN,25.01116,88.1305
LDB,SBLO,Governador Jose Richa Airport,Londrina,BR,-23.3336,-51.1301
LDC,YLIN,Lindeman Island Airport,Lindeman Island,AU,-20.4536,149.03999
LDE,LFBT,Tarbes-Lourdes-Pyrenees Airport,Tarbes/Lourdes/Pyrenees,FR,43.1787,-0.00644
LDG,ULAL,Leshukonskoye Airport,Leshukonskoye,RU,64.896,45.723
LDH,YLHI,Lord Howe Island Airport,Lord Howe Island,AU,-31.5383,159.077
LDI,HTLI,Kikwetu Airport,Lindi,TZ,-9.85111,39.7578
LDJ,KLDJ,Linden Airport,Linden,US,40.617449,-74.244594
LDK,ESGL,Lidkoping-Hovby Airport,Lidkoping,SE,58.4655,13.1744
LDM,KLDM,Mason County Airport,Ludington,US,43.962531,-86.407916
LDN,VNLD,Lamidanda Airport,Lamidanda,NP,27.2531,86.67
LDO,SMDO,Ladouanie Airport,Aurora,SR,4.37611,-55.40706
LDS,ZYLD,Lindu Airport,Yichun,CN,47.75206,129.01913
LDU,WBKD,Lahad Datu Airport,Lahad Datu,MY,5.03225,118.324
LDV,LFRJ,Landivisiau Air Base,Landivisiau,FR,48.5303,-4.15164
LDX,SOOM,Saint-Laurent-du-Maroni Airport,Saint-Laurent-du-Maroni,GF,5.48306,-54.0344
LDY,EGAE,City of Derry Airport,Derry,GB,55.0428,-7.16111
LDZ,FALD,Londolozi Airport,Londolozi,ZA,-24.7502,31.4757
LEA,YPLM,Learmonth Airport,Exmouth,AU,-22.2356,114.089
LEB,KLEB,Lebanon Municipal Airport,Lebanon,US,43.626111,-72.304194
LEC,SBLE,Chapada Diamantina Airport,Lencois,BR,-12.4823,-41.277
LED,ULLI,Pulkovo Airport,St. Petersburg,RU,59.8003,30.2625
LEE,KLEE,Leesburg International Airport,Leesburg,US,28.822898,-81.808418
LEF,FXLK,Lebakeng Airport,Lebakeng,LS,-29.8908,28.6556
LEH,LFOH,Le Havre Octeville Airport,Le Havre/Octeville,FR,49.5339,0.08806
LEI,LEAM,Almeria International Airport,Almeria,ES,36.8439,-2.3701
LEJ,EDDP,Leipzig Halle Airport,Leipzig,DE,51.4324,12.2416
LEK,GULB,Labe Airport,,GN,11.3261,-12.2868
LEL,YLEV,Lake Evella Airport,,AU,-12.4989,135.806
LEM,KLEM,Lemmon Municipal Airport,Lemmon,US,45.918381,-102.105536
LEN,LELN,Leon Airport,Leon,ES,42.589,-5.65556
LEP,SNDN,Leopoldina Airport,Leopoldina,BR,-21.4661,-42.727
LEQ,EGHC,Land's End Airport,Land's End,GB,50.1028,-5.67056
LER,YLST,Leinster Airport,,AU,-27.8433,120.703
LES,FXLS,Lesobeng Airport,Lesobeng,LS,-29.7829,28.3167
LET,SKLT,Alfredo Vasquez Cobo International Airport,Leticia,CO,-4.19355,-69.9432
LEU,LESU,Aerodrom dels Pirineus-Alt Urgell Airport,Montferrer / Castellbo,ES,42.3386,1.40917
LEV,NFNB,Levuka Airfield,Bureta,FJ,-17.7111,178.759
LEW,KLEW,Auburn/Lewiston Municipal Airport,Auburn/Lewiston,US,44.048473,-70.283507
LEX,KLEX,Blue Grass Airport,Lexington,US,38.036742,-84.608617
LEY,EHLE,Lelystad Airport,Lelystad,NL,52.4603,5.52722
LFB,FQLU,Lumbo Airport,Lumbo,MZ,-15.0331,40.6717
LFI,KLFI,Langley Afb Airport,Hampton,US,37.082889,-76.360544
LFK,KLFK,Angelina County Airport,Lufkin,US,31.234028,-94.75
LFM,OISR,Lamerd Airport,Lamerd,IR,27.3727,53.1888
LFN,KLHZ,Triangle North Executive Airport,Louisburg,US,36.023349,-78.330263
LFO,HAKL,Kelafo East Airport,Kelafo,ET,5.657,44.35
LFP,YLFD,Lakefield Airport,,AU,-14.9333,144.2
LFQ,ZBLF,Linfen Yaodu Airport,Linfen,CN,36.132629,111.641236
LFR,SVLF,La Fria Airport,,VE,8.23917,-72.27103
LFT,KLFT,Lafayette Regional/Paul Fournet Field,Lafayette,US,30.205027,-91.987754
LFW,DXXX,Lome-Tokoin Airport,Lome,TG,6.16561,1.25451
LGA,KLGA,Laguardia Airport,New York,US,40.777242,-73.872606
LGB,KLGB,Long Beach (Daugherty Field) Airport,Long Beach,US,33.81793,-118.151891
LGC,KLGC,Lagrange/Callaway Airport,Lagrange,US,33.009151,-85.073204
LGD,KLGD,La Grande/Union County Airport,La Grande,US,45.289078,-118.006124
LGF,KLGF,Laguna Army Air Field (Yuma Proving Ground) Airport,Yuma Proving Ground (Yuma),US,32.864581,-114.392975
LGG,EBLG,Liege Airport,Liege,BE,50.3811,5.2634
LGH,YLEC,Leigh Creek Airport,,AU,-30.5983,138.42599
LGI,MYLD,Deadman's Cay Airport,Deadman's Cay,BS,23.179,-75.0936
LGK,WMKL,Langkawi International Airport,Langkawi,MY,6.32973,99.7287
LGL,WBGF,Long Lellang Airport,Long Datih,MY,3.421,115.154
LGO,EDWL,Langeoog Airport,Langeoog,DE,53.7425,7.49778
LGQ,SENL,Nueva Loja Airport,Lago Agrio,EC,0.09306,-76.8675
LGR,SCHR,Cochrane Airport,Cochrane,CL,-47.2438,-72.5884
LGS,SAMM,Comodoro D.R. Salomon Airport,Malargue,AR,-35.4936,-69.5743
LGT,SKGA,La Gaviota Airport,,CO,4.54972,-70.925
LGU,KLGU,Logan-Cache Airport,Logan,US,41.791771,-111.851647
LGW,EGKK,London Gatwick Airport,London,GB,51.1481,-0.19028
LHA,EDTL,Lahr Airport,,DE,48.3693,7.82772
LHB,EG74,Bruntingthorpe Airport,Bruntingthorpe,GB,52.49297,-1.12509
LHE,OPLA,Alama Iqbal International Airport,Lahore,PK,31.5216,74.4036
LHG,YLRD,Lightning Ridge Airport,,AU,-29.4567,147.98399
LHI,WAJL,Lereh Airport,Lereh-Papua Island,ID,-3.1279,139.94299
LHK,ZHGH,Guangzhou MR Air Base,Guanghua,CN,32.3894,111.695
LHL,_LHL,Lachin International Airport,Lachın,AZ,40.49511,49.97697
LHR,EGLL,London Heathrow Airport,London,GB,51.4706,-0.46194
LHS,SAVH,Las Heras Airport,Las Heras,AR,-46.5383,-68.9653
LHU,FYLS,Lianshulu Airport,Muneambuanas,NA,-18.1167,23.3933
LHV,KLHV,William T Piper Memorial Airport,Lock Haven,US,41.135778,-77.422306
LHW,ZLLL,Lanzhou Zhongchuan Airport,Lanzhou,CN,36.5152,103.62
LIA,ZULP,Liangping Airport,Liangping,CN,30.6794,107.786
LIB,YLIM,Limbunya Station Airport,,AU,-17.25,129.883
LIC,KLIC,Limon Municipal Airport,Limon,US,39.274778,-103.665861
LIE,FZFA,Libenge Airport,Libenge,CD,3.633,18.633
LIF,NWWL,Lifou Airport,Lifou,NC,-20.7748,167.24001
LIG,LFBL,Limoges Airport,Limoges/Bellegarde,FR,45.8628,1.17944
LIH,PHLI,Lihue Airport,Lihue,US,21.975983,-159.338958
LII,WAJM,Mulia Airport,Mulia-Papua Island,ID,-3.70947,137.976
LIL,LFQQ,Lille-Lesquin Airport,Lille/Lesquin,FR,50.5619,3.08944
LIM,SPJC,Jorge Chavez International Airport,Lima,PE,-12.0219,-77.1143
LIN,LIML,Linate Airport,Milan,IT,45.4451,9.27674
LIO,MRLM,Limon International Airport,Puerto Limon,CR,9.95796,-83.022
LIP,SBLN,Lins Airport,Lins,BR,-21.664,-49.7305
LIQ,FZGA,Lisala Airport,Lisala,CD,2.170984,21.497129
LIR,MRLB,Daniel Oduber Quiros International Airport,Liberia,CR,10.5933,-85.5444
LIS,LPPT,Lisbon Portela Airport,Lisbon,PT,38.7813,-9.13592
LIT,KLIT,Bill And Hillary Clinton Ntl/Adams Field,Little Rock,US,34.729441,-92.224777
LIV,K4AK,Livengood Camp Airport,Livengood,US,65.467269,-148.653747
LIW,VYLK,Loikaw Airport,Loikaw,MM,19.6915,97.2148
LIX,FWLK,Likoma Island Airport,Likoma Island,MW,-12.083,34.733
LIY,KLHW,Wright Army Air Field (Fort Stewart)/Midcoast Regional Airport,Fort Stewart (Hinesville),US,31.887819,-81.562655
LIZ,ME16,Loring International Airport,Limestone,US,46.950428,-67.885861
LJA,FZVA,Lodja Airport,Lodja,CD,-3.417,23.45
LJG,ZPLJ,Lijiang Airport,Lijiang,CN,26.68,100.246
LJN,KLBX,Texas Gulf Coast Regional Airport,Angleton/Lake Jackson,US,29.108639,-95.462083
LJU,LJLJ,Ljubljana Joze Pucnik Airport,Ljubljana,SI,46.2237,14.4576
LKA,WRKL,Gewayentana Airport,Larantuka-Flores Island,ID,-8.34666,122.981
LKB,NFNK,Lakeba Island Airport,Lakeba Island,FJ,-18.1992,-178.817
LKD,YLND,Lakeland Airport,,AU,-15.8333,144.85001
LKG,HKLK,Lokichoggio Airport,Lokichoggio,KE,4.20412,34.3482
LKH,WBGL,Long Akah Airport,Long Akah,MY,3.3,114.783
LKK,PAKL,Kulik Lake Airport,Kulik Lake,US,58.965006,-155.095612
LKL,ENNA,Banak Airport,Lakselv,NO,70.0688,24.9735
LKN,ENLK,Leknes Airport,Leknes,NO,68.1525,13.6094
LKO,VILK,Chaudhary Charan Singh International Airport,Lucknow,IN,26.7606,80.8893
LKP,KLKP,Lake Placid Airport,Lake Placid,US,44.264478,-73.961869
LKV,KLKV,Lake County Airport,Lakeview,US,42.161111,-120.399083
LKW,OOLK,Lekhwair Airport,,OM,22.80498,55.37337
LKY,HTLM,Lake Manyara Airport,Lake Manyara National Park,TZ,-3.37631,35.8183
LKZ,EGUL,RAF Lakenheath,Lakenheath,GB,52.4093,0.561
LLA,ESPA,Lulea Airport,Lulea,SE,65.5438,22.122
LLB,ZULB,Qiannan Libo Airport,,CN,25.4525,107.961667
LLE,FAMN,Riverside Airport,Malelane,ZA,-25.43,31.5767
LLF,ZGLG,Lingling Airport,Yongzhou,CN,26.33866,111.61004
LLG,YCGO,Chillagoe Airport,,AU,-17.1428,144.52901
LLI,HALL,Lalibella Airport,Lalibela,ET,11.975,38.98
LLJ,WIPB,Silampari,"Lubuk Linggau, Sumatra Island",ID,-3.28,102.91722
LLK,UBBL,Lankaran International Airport,Lankaran,AZ,38.7464,48.818
LLS,SATK,Alferez Armando Rodriguez Airport,Las Lomitas,AR,-24.7214,-60.5488
LLT,FNLB,Lobito Airport,Lobito,AO,-12.3712,13.5366
LLV,ZBLL,L?liang Dawu Airport,L?liang,CN,37.68333,111.14278
LLW,FWKI,Lilongwe International Airport,Lilongwe,MW,-13.7894,33.781
LLX,KCDA,Caledonia County Airport,Lyndonville,US,44.569114,-72.017979
LLY,KVAY,South Jersey Regional Airport,Mount Holly,US,39.942889,-74.84575
LMA,PAMH,Minchumina Airport,Minchumina,US,63.885972,-152.301833
LMB,FWSM,Salima Airport,Salima,MW,-13.75589,34.58419
LME,LFRM,Le Mans-Arnage Airport,Le Mans/Arnage,FR,47.9486,0.20167
LMI,AYLU,Lumi Airport,Lumi,PG,-3.47684,142.04129
LMM,MMLM,Valle del Fuerte International Airport,Los Mochis,MX,25.6852,-109.081
LMN,WBGJ,Limbang Airport,Limbang,MY,4.8083,115.01
LMO,EGQS,RAF Lossiemouth,Lossiemouth,GB,57.7052,-3.33917
LMP,LICD,Lampedusa Airport,Lampedusa,IT,35.4979,12.6181
LMQ,HLMB,Marsa Brega Airport,,LY,30.3781,19.5764
LMR,FALC,Lime Acres Finsch Mine Airport,Lime Acres,ZA,-28.3601,23.4391
LMS,KLMS,Louisville/Winston County Airport,Louisville,US,33.145988,-89.062448
LMT,KLMT,Crater Lake/Klamath Regional Airport,Klamath Falls,US,42.156143,-121.733365
LMV,VRGD,Madivaru Airport,Madivaru,MV,5.45778,73.37028
LMY,AYLM,Lake Murray Airport,Lake Murray,PG,-7.00992,141.494
LNA,KLNA,Palm Beach County Park Airport,West Palm Beach,US,26.593046,-80.085064
LNB,NVSM,Lamen Bay Airport,Lamen Bay,VU,-16.5842,168.159
LND,KLND,Hunt Field,Lander,US,42.815385,-108.728563
LNE,NVSO,Lonorore Airport,Lonorore,VU,-15.8656,168.172
LNH,YLKN,Lake Nash Airport,,AU,-20.9667,137.91701
LNI,AK71,Lonely Air Station,Lonely,US,70.910745,-153.242215
LNJ,ZPLC,Lincang Airport,Lincang,CN,23.73833,100.025
LNK,KLNK,Lincoln Airport,Lincoln,US,40.850891,-96.759121
LNL,ZLLN,Longnan Chengxian Airport,Longnan,CN,33.788,105.797
LNN,KLNN,Lake County Executive Airport,Willoughby,US,41.684028,-81.38975
LNO,YLEO,Leonora Airport,Leonora,AU,-28.8781,121.315
LNP,KLNP,Lonesome Pine Airport,Wise,US,36.987632,-82.529784
LNR,KLNR,Tri-County Regional Airport,Lone Rock,US,43.211861,-90.179833
LNS,KLNS,Lancaster Airport,Lancaster,US,40.122361,-76.294361
LNV,AYKY,Londolovit Airport,Londolovit,PG,-3.04361,152.629
LNX,UUBS,Smolensk South Airport,Smolensk,RU,54.745,32.065
LNY,PHNY,Lanai Airport,Lanai City,US,20.785611,-156.951418
LNZ,LOWL,Linz Airport,Linz,AT,48.2332,14.1875
LOA,YLOR,Lorraine Airport,,AU,-18.9933,139.907
LOB,SCAN,San Rafael Airport,Los Andes,CL,-32.8142,-70.6467
LOC,YLOK,Lock Airport,Lock,AU,-33.5442,135.69299
LOD,NVSG,Longana Airport,Longana,VU,-15.3067,167.967
LOE,VTUL,Loei Airport,,TH,17.4391,101.722
LOH,SETM,Camilo Ponce Enriquez Airport,La Toma (Catamayo),EC,-3.99589,-79.3719
LOI,SSLN,Helmuth Baungarten Airport,Lontras,BR,-27.16,-49.5425
LOK,HKLO,Lodwar Airport,Lodwar,KE,3.12197,35.6087
LOL,KLOL,Derby Field,Lovelock,US,40.066467,-118.565086
LOO,DAUL,Laghouat Airport,Laghouat,DZ,33.7644,2.92834
LOP,WADL,Bandara International Lombok Airport,Mataram,ID,-8.75732,116.27667
LOS,DNMM,Murtala Muhammed International Airport,Lagos,NG,6.57737,3.32116
LOT,KLOT,Lewis University Airport,Chicago/Romeoville,US,41.608097,-88.09639
LOU,KLOU,Bowman Field,Louisville,US,38.227985,-85.663748
LOV,MMMV,Monclova International Airport,,MX,26.9557,-101.47
LOW,KLKU,Louisa County/Freeman Field,Louisa,US,38.009825,-77.970127
LOY,HKLY,Loyengalani Airport,Loyengalani,KE,2.75,36.717
LOZ,KLOZ,London/Corbin/Magee Airport,London,US,37.086892,-84.077393
LPA,GCLP,Gran Canaria Airport,Gran Canaria Island,ES,27.9319,-15.3866
LPB,SLLP,El Alto International Airport,La Paz / El Alto,BO,-16.5133,-68.1923
LPC,KLPC,Lompoc Airport,Lompoc,US,34.665619,-120.467503
LPD,SKLP,La Pedrera Airport,La Pedrera,CO,-1.32861,-69.5797
LPF,ZUPS,Liupanshui Yuezhao Airport,Liupanshui,CN,26.609417,104.979
LPG,SADL,La Plata Airport,La Plata,AR,-34.9722,-57.8947
LPI,ESSL,Linkoping SAAB Airport,Linkoping,SE,58.4062,15.6805
LPJ,SVAS,Armando Schwarck Airport,Guayabal,VE,6.57805,-66.8169
LPK,UUOL,Lipetsk Airport,Lipetsk,RU,52.7028,39.5378
LPL,EGGP,Liverpool John Lennon Airport,Liverpool,GB,53.3336,-2.84972
LPM,NVSL,Lamap Airport,Lamap,VU,-16.454,167.823
LPO,KPPO,La Porte Municipal Airport,La Porte,US,41.572467,-86.734528
LPP,EFLP,Lappeenranta Airport,Lappeenranta,FI,61.0446,28.1444
LPQ,VLLB,Luang Phabang International Airport,Luang Phabang,LA,19.8973,102.161
LPS,KS31,Lopez Island Airport,Lopez,US,48.483917,-122.937667
LPT,VTCL,Lampang Airport,,TH,18.2709,99.5042
LPU,WRLP,Long Apung Airport,"Long Apung, Borneo Island",ID,1.70449,114.9703
LPX,EVLA,Liepaja International Airport,Liepaja,LV,56.5175,21.0969
LPY,LFHP,Le Puy-Loudes Airport,Le Puy/Loudes,FR,45.0807,3.76289
LPZ,SKSG,San Gil Airport,San Gil,CO,6.58444,-73.1283
LQK,KLQK,Pickens County Airport,Pickens,US,34.809972,-82.702889
LQM,SKLG,Caucaya Airport,Puerto Leguizamo,CO,-0.18228,-74.7708
LQN,OAQN,Qala-I-Naw Airport,Qala-I-Naw,AF,34.985,63.1178
LRA,LGLR,Larisa Airport,Larisa,GR,39.65628,22.34
LRB,FXLR,Leribe Airport,Leribe,LS,-28.8556,28.0528
LRD,KLRD,Laredo International Airport,Laredo,US,27.544194,-99.461583
LRE,YLRE,Longreach Airport,Longreach,AU,-23.4342,144.28
LRF,KLRF,Little Rock Afb Airport,Jacksonville,US,34.91751,-92.145001
LRG,OPLL,Loralai Airport,Loralai,PK,30.3555,68.6135
LRH,LFBH,La Rochelle-Ile de Re Airport,La Rochelle/Ile de Re,FR,46.1792,-1.19528
LRJ,KLRJ,Le Mars Municipal Airport,Le Mars,US,42.778556,-96.193583
LRL,DXNG,Niamtougou International Airport,Niamtougou,TG,9.76733,1.09125
LRM,MDLR,Casa De Campo International Airport,La Romana,DO,18.4507,-68.9118
LRR,OISL,Lar Airport,Lar,IR,27.6747,54.3833
LRS,LGLE,Leros Airport,Leros Island,GR,37.1849,26.8003
LRT,LFRH,Lorient South Brittany (Bretagne Sud) Airport,Lorient/Lann/Bihoue,FR,47.7606,-3.44
LRU,KLRU,Las Cruces International Airport,Las Cruces,US,32.289414,-106.921964
LRV,SVRS,Gran Roque Airport,Los Roques,VE,11.95,-66.67
LSA,AYKA,Losuia Airport,Losuia,PG,-8.50582,151.08099
LSB,KLSB,Lordsburg Municipal Airport,Lordsburg,US,32.333657,-108.69186
LSC,SCSE,La Florida Airport,La Serena-Coquimbo,CL,-29.9162,-71.1995
LSE,KLSE,La Crosse Regional Airport,La Crosse,US,43.879266,-91.256634
LSF,KLSF,Lawson Army Air Field (Fort Benning) Airport,Fort Benning (Columbus),US,32.331781,-84.987152
LSG,_LSG,"Leshan Airport (under construction, unknown coordinates)",Leshan,CN,29.55221,103.76539
LSH,VYLS,Lashio Airport,Lashio,MM,22.9779,97.7522
LSI,EGPB,Sumburgh Airport,Lerwick,GB,59.8789,-1.29556
LSK,KLSK,Lusk Municipal Airport,Lusk,US,42.753806,-104.404556
LSL,MRLC,Los Chiles Airport,Los Chiles,CR,11.0353,-84.7061
LSM,WBGD,Long Semado Airport,Long Semado,MY,4.217,115.6
LSN,KLSN,Los Banos Municipal Airport,Los Banos,US,37.063889,-120.869861
LSO,LFOO,Les Sables-d'Olonne Talmont Airport,Les Sables-d'Olonne,FR,46.4769,-1.72278
LSP,SVJC,Josefa Camejo International Airport,Paraguana,VE,11.78078,-70.1515
LSQ,SCGE,Maria Dolores Airport,Los Angeles,CL,-37.4017,-72.4254
LSS,TFFS,Terre-de-Haut Airport,Les Saintes,GP,15.8644,-61.5806
LST,YMLT,Launceston Airport,Launceston,AU,-41.5453,147.214
LSU,WBGU,Long Sukang Airport,Long Sukang,MY,4.55222,115.494
LSV,KLSV,Nellis Afb Airport,Las Vegas,US,36.2362,-115.034256
LSW,WITM,Malikus Saleh Airport,"Lhok Seumawe, Sumatra Island",ID,5.22668,96.9503
LSX,WITL,Lhok Sukon Airport,"Lhok Sukon, Sumatra Island",ID,5.06951,97.2592
LSY,YLIS,Lismore Airport,Lismore,AU,-28.8303,153.25999
LSZ,LDLO,Losinj Island Airport,Losinj,HR,44.5658,14.3931
LTA,FATZ,Tzaneen Airport,Tzaneen,ZA,-23.8244,30.3293
LTC,FTTH,Lai Airport,Lai,TD,9.4,16.3
LTD,HLTD,Ghadames East Airport,Ghadames,LY,30.1517,9.71531
LTG,VNLT,Langtang Airport,Langtang,NP,28.2,85.583
LTI,ZMAT,Altai Airport,Altai,MN,46.3764,96.2211
LTK,OSLK,Bassel Al-Assad International Airport,Latakia,SY,35.4011,35.9487
LTL,FOOR,Lastourville Airport,Lastourville,GA,-0.82667,12.7486
LTM,SYLT,Lethem Airport,Lethem,GY,3.37276,-59.7894
LTN,EGGW,London Luton Airport,London,GB,51.8747,-0.36833
LTO,MMLT,Loreto International Airport,Loreto,MX,25.9892,-111.348
LTP,YLHS,Lyndhurst Airport,Lyndhurst,AU,-19.1958,144.371
LTQ,LFAT,Le Touquet-Cote d'Opale Airport,Le Touquet-Paris-Plage,FR,50.5174,1.62059
LTS,KLTS,Altus Afb Airport,Altus,US,34.667975,-99.267751
LTT,LFTZ,La Mole Airport,La Mole,FR,43.2054,6.482
LTU,VALT,Murod Kond Airport,Latur,IN,18.4115,76.4647
LTV,YLOV,Lotus Vale Airport,Lotus Vale,AU,-17.0483,141.37601
LTW,K2W6,St Mary's County Regional Airport,Leonardtown,US,38.315709,-76.552159
LTX,SELT,Cotopaxi International Airport,Latacunga,EC,-0.90683,-78.6158
LUA,VNLK,Lukla Airport,Lukla,NP,27.6869,86.7297
LUB,SYLP,Lumid Pau Airport,Lumid Pau,GY,2.39393,-59.441
LUC,NFNH,Laucala Island Airport,Laucala Island,FJ,-16.7481,-179.66701
LUD,FYLZ,Luderitz Airport,Luderitz,NA,-26.6874,15.2429
LUE,LZLU,Lucenec Airport,Lucenec,SK,48.3394,19.7358
LUF,KLUF,Luke Afb Airport,Glendale,US,33.534961,-112.383207
LUG,LSZA,Lugano Airport,Lugano,CH,46.0043,8.91058
LUH,VILD,Ludhiana Airport,Ludhiana,IN,30.855833,75.950556
LUK,KLUK,Cincinnati Municipal/Lunken Field,Cincinnati,US,39.102977,-84.417606
LUL,KLUL,Hesler/Noble Field,Laurel,US,31.673028,-89.172806
LUM,ZPLX,Mangshi Airport,Luxi,CN,24.4011,98.5317
LUN,FLKK,Kenneth Kaunda International Airport,Lusaka,ZM,-15.3308,28.4526
LUO,FNUE,Luena Airport,Luena,AO,-11.7681,19.8977
LUP,PHLU,Kalaupapa Airport,Kalaupapa,US,21.21104,-156.973597
LUQ,SAOU,Brigadier Mayor D Cesar Raul Ojeda Airport,San Luis,AR,-33.2732,-66.3564
LUR,PALU,Cape Lisburne Lrrs Airport,Cape Lisburne,US,68.875128,-166.111082
LUS,FZCE,Lusanga Airport,Lusanga,CD,-4.8,18.717
LUT,YLRS,New Laura Airport,,AU,-15.1833,144.367
LUU,YLRA,Laura Airport,,AU,-15.55,144.45
LUV,WAPL,Dumatumbun Airport,Langgur-Seram Island,ID,-5.66162,132.731
LUW,WAMW,Bubung Airport,Luwok-Celebes Island,ID,-1.03892,122.772
LUX,ELLX,Luxembourg-Findel International Airport,Luxembourg,LU,49.3724,6.1216
LUZ,EPLB,Lublin Airport,Lublin,PL,51.24028,22.71361
LVA,LFOV,Laval-Entrammes Airport,Laval/Entrammes,FR,48.0314,-0.74299
LVD,K2AK,Lime Village Airport,Lime Village,US,61.359131,-155.440386
LVI,FLLI,Livingstone Airport,Livingstone,ZM,-17.8218,25.8227
LVK,KLVK,Livermore Municipal Airport,Livermore,US,37.693389,-121.820361
LVL,KLVL,Brunswick County Airport,Lawrenceville,US,36.774629,-77.793782
LVM,KLVM,Mission Field,Livingston,US,45.699417,-110.448028
LVO,YLTN,Laverton Airport,,AU,-28.6136,122.424
LVP,OIBV,Lavan Island Airport,,IR,26.8103,53.3563
LVR,SILC,Municipal Bom Futuro Airport,Lucas do Rio Verde,BR,-13.03786,-55.95025
LVS,KLVS,Las Vegas Municipal Airport,Las Vegas,US,35.654222,-105.142389
LWB,KLWB,Greenbrier Valley Airport,Lewisburg,US,37.858307,-80.399483
LWC,KLWC,Lawrence Regional Airport,Lawrence,US,39.011111,-95.216472
LWH,YLAH,Lawn Hill Airport,,AU,-18.5683,138.63499
LWI,AYLO,Lowai Airstrip,Lowai,PG,-6.3344,146.6458
LWK,EGET,Lerwick / Tingwall Airport,Lerwick,GB,60.1922,-1.24361
LWL,KLWL,Wells Municipal/Harriet Field,Wells,US,41.117111,-114.922139
LWM,KLWM,Lawrence Municipal Airport,Lawrence,US,42.717042,-71.123533
LWN,UDSG,Gyumri Shirak Airport,Gyumri,AM,40.7504,43.8593
LWO,UKLL,Lviv International Airport,Lviv,UA,49.8125,23.9561
LWR,EHLW,Leeuwarden Air Base,Leeuwarden,NL,53.2286,5.76056
LWS,KLWS,Lewiston/Nez Perce County Airport,Lewiston,US,46.374499,-117.015396
LWT,KLWT,Lewistown Municipal Airport,Lewistown,US,47.04925,-109.466694
LWV,KLWV,Lawrenceville-Vincennes International Airport,Lawrenceville,US,38.764278,-87.6055
LWY,WBGW,Lawas Airport,Lawas,MY,4.84917,115.408
LXA,ZULS,Lhasa Gonggar Airport,Lhasa,CN,29.2978,90.9119
LXG,VLLN,Luang Namtha Airport,Luang Namtha,LA,20.967,101.4
LXN,KLXN,Jim Kelly Field,Lexington,US,40.790424,-99.775914
LXR,HELX,Luxor International Airport,Luxor,EG,25.671,32.7066
LXS,LGLM,Limnos Airport,Limnos Island,GR,39.9171,25.2363
LXU,FLLK,Lukulu Airport,Lukulu,ZM,-14.3748,23.2495
LXV,KLXV,Lake County Airport,Leadville,US,39.219472,-106.316417
LYA,ZHLY,Luoyang Airport,Luoyang,CN,34.7411,112.388
LYB,MWCL,Edward Bodden Airfield,Little Cayman,KY,19.667,-80.1
LYC,ESNL,Lycksele Airport,,SE,64.5483,18.7162
LYG,ZSLG,Lianyungang Airport,Lianyungang,CN,34.57167,118.87361
LYH,KLYH,Lynchburg Regional/Preston Glenn Field,Lynchburg,US,37.325389,-79.201222
LYI,ZSLY,Shubuling Airport,Linyi,CN,35.0461,118.412
LYN,LFLY,Lyon-Bron Airport,Lyon/Bron,FR,45.7272,4.94427
LYO,KLYO,Lyons-Rice County Municipal Airport,Lyons,US,38.34025,-98.228556
LYP,OPFA,Faisalabad International Airport,Faisalabad,PK,31.365,72.9948
LYR,ENSB,Svalbard Airport Longyear,Longyearbyen,NO,78.2461,15.4656
LYS,LFLL,Lyon Saint-Exupery Airport,Lyon,FR,45.7264,5.09083
LYU,KELO,Ely Municipal Airport,Ely,US,47.824013,-91.829321
LYX,EGMD,Lydd Airport,Lydd,GB,50.9561,0.93917
LZA,FZUG,Luiza Airport,Luiza,CD,-7.183,22.4
LZC,MMLC,Lazaro Cardenas Airport,Lazaro Cardenas,MX,18.0017,-102.221
LZG,ZULA,Langzhong Gucheng Airport,Langzhong,CN,31.50366,106.03535
LZH,ZGZH,Bailian Airport,Liuzhou,CN,24.2075,109.391
LZI,FZAL,Luozi Airport,Luozi,CD,-4.95,14.133
LZM,FNLZ,Luzamba Airport,Luzamba,AO,-9.11596,18.0493
LZN,RCFG,Matsu Nangan Airport,Nangang Island,TW,26.1598,119.958
LZO,ZULZ,Luzhou Airport,Luzhou,CN,28.8522,105.393
LZR,YLZI,Lizard Island Airport,,AU,-14.6667,145.45
LZU,KLZU,Gwinnett County/Briscoe Field,Lawrenceville,US,33.978092,-83.962364
LZY,ZUNZ,Nyingchi Airport,Nyingchi,CN,29.3033,94.3353
MAA,VOMM,Chennai International Airport,Chennai,IN,12.99001,80.1693
MAB,SBMA,Maraba Airport,Maraba,BR,-5.36859,-49.138
MAC,KMAC,Macon Downtown Airport,Macon,US,32.821764,-83.561935
MAD,LEMD,Madrid Barajas International Airport,Madrid,ES,40.4936,-3.56676
MAE,KMAE,Madera Municipal Airport,Madera,US,36.9886,-120.11245
MAF,KMAF,Midland International Air And Space Port Airport,Midland,US,31.942528,-102.201917
MAG,AYMD,Madang Airport,Madang,PG,-5.20708,145.789
MAH,LEMH,Menorca Airport,Menorca Island,ES,39.8626,4.21865
MAJ,PKMJ,Amata Kabua International Airport,Majuro Atoll,MH,7.064978,171.272028
MAK,HSSM,Malakal Airport,Malakal,SS,9.55897,31.6522
MAL,WAPE,Mangole Airport Falabisahaya,Mangole Island,ID,-1.87579,125.83
MAM,MMMA,General Servando Canales International Airport,Matamoros,MX,25.7699,-97.5253
MAN,EGCC,Manchester Airport,Manchester,GB,53.3537,-2.27495
MAO,SBEG,Eduardo Gomes International Airport,Manaus,BR,-3.03861,-60.0497
MAQ,VTPM,Mae Sot Airport,,TH,16.6999,98.5451
MAR,SVMC,La Chinita International Airport,Maracaibo,VE,10.55821,-71.72786
MAS,AYMO,Momote Airport,,PG,-2.06189,147.424
MAT,FZAM,Tshimpi Airport,Matadi,CD,-5.79961,13.4404
MAU,NTTP,Maupiti Airport,,PF,-16.4265,-152.244
MAW,KMAW,Malden Regional Airport,Malden,US,36.598204,-89.992549
MAX,GOSM,Ouro Sogui Airport,Matam,SN,15.5936,-13.3228
MAY,MYAB,Clarence A. Bain Airport,Mangrove Cay,BS,24.2877,-77.6846
MAZ,TJMZ,Eugenio Maria De Hostos Airport,Mayaguez,US,18.255694,-67.148472
MBA,HKMO,Mombasa Moi International Airport,Mombasa,KE,-4.03483,39.5942
MBB,YMBL,Marble Bar Airport,,AU,-21.1633,119.833
MBC,FOGG,M'Bigou Airport,M'Bigou,GA,-1.883,11.933
MBD,FAMM,Mmabatho International Airport,Mafeking,ZA,-25.7984,25.548
MBE,RJEB,Monbetsu Airport,Monbetsu,JP,44.3039,143.40401
MBF,YPOK,Porepunkah Airport,,AU,-36.71773,146.89004
MBG,KMBG,Mobridge Municipal Airport,Mobridge,US,45.546284,-100.40627
MBH,YMYB,Maryborough Airport,,AU,-25.5133,152.715
MBI,HTMB,Mbeya Airport,Mbeya,TZ,-8.917,33.467
MBJ,MKJS,Sangster International Airport,Montego Bay,JM,18.5037,-77.9134
MBK,SWXM,Regional Orlando Villas Boas Airport,Matupa,BR,-10.17028,-54.95278
MBL,KMBL,Manistee County/Blacker Airport,Manistee,US,44.272465,-86.246901
MBO,RPUM,Mamburao Airport,,PH,13.2081,120.605
MBP,SPBB,Moyobamba Airport,Moyobamba,PE,-6.01889,-76.98833
MBQ,HUMA,Mbarara Airport,Mbarara,UG,-0.55528,30.5994
MBS,KMBS,Mbs International Airport,Saginaw,US,43.532927,-84.079636
MBT,RPVJ,Moises R. Espinosa Airport,Masbate,PH,12.3694,123.629
MBU,AGGI,Babanakira Airport,Mbambanakira,SB,-9.7475,159.839
MBW,YMMB,Melbourne Moorabbin Airport,Melbourne,AU,-37.9758,145.10201
MBX,LJMB,Maribor Airport,,SI,46.4799,15.6861
MBY,KMBY,Omar N Bradley Airport,Moberly,US,39.46317,-92.42589
MBZ,SWMW,Maues Airport,Maues,BR,-3.37217,-57.7248
MCA,GUMA,Macenta Airport,Macenta,GN,8.533,-9.467
MCB,KMCB,Mc Comb/Pike County/John E Lewis Field,Mc Comb,US,31.178444,-90.471861
MCC,KMCC,Mc Clellan Airfield,Sacramento,US,38.667639,-121.400611
MCD,KMCD,Mackinac Island Airport,Mackinac Island,US,45.864983,-84.637094
MCE,KMCE,Merced Yosemite Regional Airport,Merced,US,37.28475,-120.513917
MCF,KMCF,Macdill Afb Airport,Tampa,US,27.849344,-82.521219
MCG,PAMC,Mc Grath Airport,Mc Grath,US,62.952785,-155.607051
MCH,SEMH,General Manuel Serrano Airport,Machala,EC,-3.2689,-79.9616
MCI,KMCI,Kansas City International Airport,Kansas City,US,39.297604,-94.713906
MCJ,SKLM,Jorge Isaac Airport,La Mina-Maicao,CO,11.2325,-72.4901
MCK,KMCK,Mc Cook Ben Nelson Regional Airport,Mc Cook,US,40.206292,-100.592094
MCL,PAIN,Mc Kinley Ntl Park Airport,Mckinley Park,US,63.732598,-148.910638
MCN,KMCN,Middle Georgia Regional Airport,Macon,US,32.692833,-83.649222
MCO,KMCO,Orlando International Airport,Orlando,US,28.429394,-81.308993
MCP,SBMQ,Alberto Alcolumbre Airport,Macapa,BR,0.05066,-51.0722
MCR,MGMM,Melchor de Mencos Airport,Melchor de Mencos,GT,17.06861,-89.15222
MCS,SARM,Monte Caseros Airport,Monte Caseros,AR,-30.2719,-57.6402
MCT,OOMS,Muscat International Airport,Muscat,OM,23.5933,58.2844
MCU,LFBK,Montlucon-Gueret Airport,Montlucon/Gueret,FR,46.2226,2.36396
MCV,YMHU,McArthur River Mine Airport,McArthur River Mine,AU,-16.4425,136.084
MCW,KMCW,Mason City Municipal Airport,Mason City,US,43.157806,-93.33125
MCX,URML,Uytash Airport,Makhachkala,RU,42.8168,47.6523
MCY,YBMC,Sunshine Coast Airport,Maroochydore,AU,-26.6033,153.091
MCZ,SBMO,Zumbi dos Palmares Airport,Maceio,BR,-9.51081,-35.7917
MDC,WAMM,Sam Ratulangi Airport,Manado-Celebes Island,ID,1.54926,124.926
MDD,KMDD,Midland Airpark,Midland,US,32.036545,-102.101512
MDE,SKRG,Jose Maria Cordova International Airport,Rionegro,CO,6.16454,-75.4231
MDF,KMDZ,Taylor County Airport,Medford,US,45.101318,-90.300174
MDG,ZYMD,Mudanjiang Hailang International Airport,Mudanjiang,CN,44.5241,129.569
MDH,KMDH,Southern Illinois Airport,Carbondale/Murphysboro,US,37.778083,-89.252028
MDI,DNMK,Makurdi Airport,Makurdi,NG,7.70388,8.61394
MDJ,KS33,Madras Municipal Airport,Madras,US,44.670163,-121.155149
MDK,FZEA,Mbandaka Airport,Mbandaka,CD,0.0226,18.2887
MDL,VYMD,Mandalay International Airport,Mandalay,MM,21.7022,95.9779
MDN,KIMS,Madison Regional Airport,Madison,US,38.759917,-85.464694
MDO,PAMD,Middleton Island Airport,Middleton Island,US,59.449944,-146.307241
MDP,WAKD,Mindiptana Airport,Mindiptana-Papua Island,ID,-5.75,140.367
MDQ,SAZM,Astor Piazzola International Airport,Mar del Plata,AR,-37.9342,-57.5733
MDS,MBMC,Middle Caicos Airport,Middle Caicos,TC,21.82602,-71.8025
MDT,KMDT,Harrisburg International Airport,Harrisburg,US,40.193192,-76.762619
MDU,AYMN,Mendi Airport,,PG,-6.14774,143.657
MDW,KMDW,Chicago Midway International Airport,Chicago,US,41.785643,-87.752729
MDX,SATM,Mercedes Airport,Mercedes,AR,-29.2214,-58.0878
MDY,PMDY,Henderson Field,Midway Atoll,UM,28.201484,-177.381309
MDZ,SAME,El Plumerillo Airport,Mendoza,AR,-32.8317,-68.7929
MEA,SBME,Macae Airport,Macae,BR,-22.343,-41.766
MEB,YMEN,Melbourne Essendon Airport,,AU,-37.7281,144.90199
MEC,SEMT,Eloy Alfaro International Airport,Manta,EC,-0.94608,-80.6788
MED,OEMA,Prince Mohammad Bin Abdulaziz Airport,Medina,SA,24.5534,39.7051
MEE,NWWR,Mare Airport,Mare,NC,-21.4817,168.03799
MEG,FNMA,Malanje Airport,Malanje,AO,-9.52509,16.3124
MEH,ENMH,Mehamn Airport,Mehamn,NO,71.0297,27.8267
MEI,KMEI,Key Field,Meridian,US,32.332862,-88.751572
MEJ,KGKJ,Port Meadville Airport,Meadville,US,41.626528,-80.214722
MEK,GMFM,Bassatine Airport,Meknes,MA,33.8791,-5.51512
MEL,YMML,Melbourne International Airport,Melbourne,AU,-37.6733,144.843
MEM,KMEM,Frederick W Smith International/Memphis Airport,Memphis,US,35.042411,-89.976679
MEN,LFNB,Mende-Brenoux Airport,Mende/Brenoux,FR,44.5021,3.53282
MEO,KMQI,Dare County Regional Airport,Manteo,US,35.918983,-75.695536
MEP,WMAU,Mersing Airport,Mersing,MY,2.383,103.867
MEQ,WITC,Cut Nyak Dien Airport,"Peureumeue, Sumatra Island",ID,4.25,96.217
MER,KMER,Castle Airport,Atwater,US,37.380484,-120.568186
MES,WIMK,Soewondo Air Force Base,"Medan, Sumatra Island",ID,3.55917,98.67111
MET,YMOT,Moreton Airport,Moreton,AU,-12.4442,142.638
MEU,SBMD,Monte Dourado Airport,Almeirim,BR,-0.88984,-52.6022
MEV,KMEV,Minden-Tahoe Airport,Minden,US,39.0005,-119.751111
MEW,FZVM,Mweka Airport,Mweka,CD,-4.85,21.55
MEX,MMMX,Licenciado Benito Juarez International Airport,Mexico City,MX,19.4363,-99.0721
MEY,VNMG,Meghauli Airport,Meghauli,NP,27.5774,84.22875
MEZ,FAMH,Musina(Messina) Airport,Musina,ZA,-22.356,29.9862
MFA,HTMA,Mafia Island Airport,Mafia Island,TZ,-7.917,39.667
MFC,FXMF,Mafeteng Airport,Mafeteng,LS,-29.8011,27.2436
MFD,KMFD,Mansfield Lahm Regional Airport,Mansfield,US,40.821417,-82.516639
MFE,KMFE,Mc Allen International Airport,Mc Allen,US,26.175833,-98.238611
MFF,FOOD,Moanda Airport,Moanda,GA,-1.533,13.267
MFG,OPMF,Muzaffarabad Airport,Muzaffarabad,PK,34.339,73.5086
MFH,K67L,Mesquite Airport,Mesquite,US,36.833139,-114.055889
MFI,KMFI,Marshfield Municipal Airport,Marshfield,US,44.636892,-90.189318
MFJ,NFMO,Moala Airport,Moala,FJ,-18.5667,179.951
MFK,RCMT,Matsu Beigan Airport,Beigan Island,TW,26.2242,120.003
MFM,VMMC,Macau International Airport,Taipa,MO,22.1496,113.592
MFN,NZMF,Milford Sound Airport,,NZ,-44.6733,167.923
MFO,AYNG,Manguna Airport,Manguna,PG,-5.57778,151.79233
MFP,YMCR,Manners Creek Airport,,AU,-22.1,137.983
MFQ,DRRM,Maradi Airport,Maradi,NE,13.5025,7.12675
MFR,KMFR,Rogue Valley International/Medford Airport,Medford,US,42.374965,-122.873288
MFS,SKMF,Miraflores Airport,Miraflores,CO,1.35,-71.9444
MFU,FLMF,Mfuwe Airport,Mfuwe,ZM,-13.2589,31.9366
MFV,KMFV,Accomack County Airport,Melfa,US,37.646879,-75.761045
MFX,LFKX,Meribel Airport,Ajaccio,FR,45.4069,6.58056
MGA,MNMG,Augusto C. Sandino (Managua) International Airport,Managua,NI,12.1415,-86.1682
MGB,YMTG,Mount Gambier Airport,,AU,-37.7456,140.785
MGC,KMGC,Michigan City Municipal-Phillips Field,Michigan City,US,41.703315,-86.82124
MGD,SLMG,Magdalena Airport,Magdalena,BO,-13.26075,-64.06076
MGE,KMGE,Dobbins Arb Airport,Marietta,US,33.914442,-84.514247
MGF,SBMG,Regional de Maringa - Silvio Nane Junior Airport,Maringa,BR,-23.47944,-52.01222
MGH,FAMG,Margate Airport,Margate,ZA,-30.8574,30.343
MGJ,KMGJ,Orange County Airport,Montgomery,US,41.511812,-74.263539
MGK,VYMT,Mong Tong Airport,Mong Tong,MM,20.2967,98.8989
MGL,EDLN,Monchengladbach Airport,Monchengladbach,DE,51.23028,6.50444
MGM,KMGM,Montgomery Regional (Dannelly Field) Airport,Montgomery,US,32.300639,-86.393972
MGN,SKMG,Baracoa Airport,Magangue,CO,9.28474,-74.8461
MGQ,HCMM,Aden Adde International Airport,Mogadishu,SO,2.01444,45.3047
MGR,KMGR,Moultrie Municipal Airport,Moultrie,US,31.085579,-83.802809
MGS,NCMG,Mangaia Island Airport,Mangaia Island,CK,-21.89599,-157.90666
MGT,YMGB,Milingimbi Airport,Milingimbi Island,AU,-12.0944,134.894
MGU,VYMN,Manaung Airport,Manaung,MM,18.8458,93.6889
MGV,YMGR,Margaret River (Station) Airport,,AU,-18.6217,126.883
MGW,KMGW,Morgantown Municipal/Walter L Bill Hart Field,Morgantown,US,39.643595,-79.917547
MGX,FOGI,Moabi Airport,Moabi,GA,-2.433,11.0
MGY,KMGY,Dayton/Wright Brothers Airport,Dayton,US,39.588972,-84.224861
MGZ,VYME,Myeik Airport,Mkeik,MM,12.4398,98.6215
MHA,SYMD,Mahdia Airport,Mahdia,GY,5.27749,-59.1511
MHC,SCPQ,Mocopulli Airport,Dalcahue,CL,-42.34028,-73.71556
MHD,OIMM,Mashhad International Airport,Mashhad,IR,36.2352,59.641
MHE,KMHE,Mitchell Municipal Airport,Mitchell,US,43.774822,-98.038615
MHG,EDFM,Mannheim-City Airport,Mannheim,DE,49.47306,8.51417
MHH,MYAM,Marsh Harbour International Airport,Marsh Harbour,BS,26.5114,-77.0835
MHI,HDMO,Moucha Airport,Moucha Island,DJ,11.71667,43.2
MHK,KMHK,Manhattan Regional Airport,Manhattan,US,39.141417,-96.671556
MHL,KMHL,Marshall Memorial Municipal Airport,Marshall,US,39.095478,-93.203
MHN,84NE,Hooker County Airport,Mullen,US,42.042164,-101.059661
MHO,YMHO,Mount House Airport,,AU,-17.055,125.71
MHQ,EFMA,Mariehamn Airport,,FI,60.1222,19.8982
MHR,KMHR,Sacramento Mather Airport,Sacramento,US,38.555311,-121.297211
MHS,K1O6,Dunsmuir Municipal-Mott Airport,Dunsmuir,US,41.262919,-122.272037
MHT,KMHT,Manchester Boston Regional Airport,Manchester,US,42.932806,-71.43575
MHU,YHOT,Mount Hotham Airport,Mount Hotham,AU,-37.0475,147.334
MHV,KMHV,Mojave Air & Space Port/Rutan Field,Mojave,US,35.058944,-118.150611
MHW,SLAG,Monteagudo Airport,El Banado,BO,-19.827,-63.961
MHX,NCMH,Manihiki Island Airport,Manihiki Island,CK,-10.3767,-161.002
MHZ,EGUN,RAF Mildenhall,Mildenhall,GB,52.3619,0.48641
MIA,KMIA,Miami International Airport,Miami,US,25.795361,-80.290116
MIB,KMIB,Minot Afb Airport,Minot,US,48.415768,-101.358041
MIC,KMIC,Crystal Airport,Minneapolis,US,45.062469,-93.353965
MID,MMMD,Licenciado Manuel Crescencio Rejon Int Airport,Merida,MX,20.937,-89.6577
MIE,KMIE,Delaware County Regional Airport,Muncie,US,40.242472,-85.39575
MIF,KE01,Roy Hurd Memorial Airport,Monahans,US,31.582472,-102.909028
MIG,ZUMY,Mianyang Airport,Mianyang,CN,31.4281,104.741
MIH,YMIP,Mitchell Plateau Airport,Mitchell Plateau,AU,-14.7914,125.824
MII,SBML,Marilia Airport,Marilia,BR,-22.1969,-49.9264
MIJ,K1Q9,Mili Airport,Mili Island,MH,6.083333,171.733333
MIK,EFMI,Mikkeli Airport,Mikkeli,FI,61.6866,27.2018
MIM,YMER,Merimbula Airport,Merimbula,AU,-36.9086,149.901
MIN,YMPA,Minnipa Airport,,AU,-32.8433,135.145
MIO,KMIO,Miami Regional Airport,Miami,US,36.909222,-94.8875
MIP,LLMR,Mitzpe Ramon Airfield,Mitzpe Ramon,IL,30.6506,34.8069
MIQ,KMLE,Millard Airport,Omaha,US,41.195986,-96.112265
MIR,DTMB,Monastir Habib Bourguiba International Airport,Monastir,TN,35.7581,10.7547
MIS,AYMS,Misima Island Airport,Misima Island,PG,-10.6892,152.838
MIT,KMIT,Shafter-Minter Field,Shafter,US,35.507478,-119.192131
MIU,DNMA,Maiduguri International Airport,Maiduguri,NG,11.8553,13.0809
MIV,KMIV,Millville Municipal Airport,Millville,US,39.367806,-75.072222
MIW,KMIW,Marshalltown Municipal Airport,Marshalltown,US,42.11275,-92.917778
MJA,FMSJ,Manja Airport,Manja,MG,-21.42611,44.31651
MJC,DIMN,Man Airport,,CI,7.27207,-7.58736
MJD,OPMJ,Moenjodaro Airport,Moenjodaro,PK,27.3352,68.1431
MJF,ENMS,Mosjøen Airport Kjaerstad,,NO,65.784,13.2149
MJG,MUMJ,Mayajigua Airport,Mayajigua,CU,22.2308,-79.0622
MJI,HLLM,Mitiga Airport,Tripoli,LY,32.8941,13.276
MJK,YSHK,Shark Bay Airport,Monkey Mia,AU,-25.8939,113.577
MJL,FOGM,Mouilla Ville Airport,Mouila,GA,-1.84514,11.0567
MJM,FZWA,Mbuji Mayi Airport,Mbuji Mayi,CD,-6.12124,23.569
MJN,FMNM,Amborovy Airport,,MG,-15.66684,46.35123
MJO,FYME,Mount Etjo Airport,,NA,-21.0233,16.4528
MJP,YMJM,Manjimup Airport,,AU,-34.2653,116.14
MJQ,KMJQ,Jackson Municipal Airport,Jackson,US,43.650785,-94.986575
MJR,SAEM,Miramar Airport,Miramar,AR,-38.2271,-57.8697
MJT,LGMT,Mytilene International Airport,Mytilene,GR,39.0567,26.5983
MJU,WAWJ,Tampa Padang Airport,Mamuju-Celebes Island,ID,-2.58333,119.03333
MJX,KMJX,Ocean County Airport,Toms River,US,39.926042,-74.295535
MJZ,UERR,Mirny Airport,Mirny,RU,62.5347,114.039
MKA,LKMR,Marianske Lazne Airport,Marianske Lazne,CZ,49.9228,12.7247
MKB,FOOE,Mekambo Airport,Mekambo,GA,1.017,13.933
MKC,KMKC,Kansas City Downtown/Wheeler Field,Kansas City,US,39.122935,-94.592823
MKE,KMKE,General Mitchell International Airport,Milwaukee,US,42.946932,-87.897064
MKG,KMKG,Muskegon County Airport,Muskegon,US,43.167673,-86.235438
MKH,FXMK,Mokhotlong Airport,Mokhotlong,LS,-29.2818,29.0728
MKI,FEGE,M'Boki Airport,Mboki,CF,5.33301,25.9319
MKJ,FCOM,Makoua Airport,Makoua,CG,-0.017,15.583
MKK,PHMK,Molokai Airport,Kaunakakai,US,21.152886,-157.096256
MKL,KMKL,Jackson Regional Airport,Jackson,US,35.59988,-88.915612
MKM,WBGK,Mukah Airport,Mukah,MY,2.90639,112.08
MKO,KMKO,Muskogee-Davis Regional Airport,Muskogee,US,35.65775,-95.361639
MKP,NTGM,Makemo Airport,,PF,-16.5839,-143.658
MKQ,WAKK,Mopah Airport,Merauke-Papua Island,ID,-8.52029,140.418
MKR,YMEK,Meekatharra Airport,,AU,-26.6117,118.548
MKT,KMKT,Mankato Regional Airport,Mankato,US,44.222778,-93.919306
MKU,FOOK,Makokou Airport,Makokou,GA,0.57921,12.8909
MKV,YMVG,Mount Cavenagh Airport,,AU,-25.9667,133.2
MKW,WASR,Rendani Airport,Manokwari-Papua Island,ID,-0.89183,134.049
MKY,YBMK,Mackay Airport,Mackay,AU,-21.1717,149.17999
MKZ,WMKM,Malacca Airport,Malacca,MY,2.26336,102.252
MLA,LMML,Luqa Airport,Luqa,MT,35.8575,14.4775
MLB,KMLB,Melbourne Orlando International Airport,Melbourne,US,28.10275,-80.64525
MLC,KMLC,Mc Alester Regional Airport,Mc Alester,US,34.882389,-95.783472
MLD,KMLD,Malad City Airport,Malad City,US,42.170126,-112.292679
MLE,VRMM,Velana International Airport,Malé,MV,4.19167,73.52917
MLF,KMLF,Milford Municipal/Ben And Judy Briscoe Field,Milford,US,38.426636,-113.013274
MLG,WARA,Abdul Rachman Saleh Airport,"Malang, Java Island",ID,-7.92656,112.715
MLH,_MLH,EuroAirport Basel-Mulhouse-Freiburg Airport,Saint-Louis,FR,47.5896,7.52991
MLI,KMLI,Quad Cities International Airport,Moline,US,41.448209,-90.50777
MLJ,KMLJ,Baldwin County Regional Airport,Milledgeville,US,33.154226,-83.241407
MLK,KM75,Malta Airport,Malta,US,48.366944,-107.919333
MLL,PADM,Marshall Don Hunter Sr Airport,Marshall,US,61.864167,-162.026111
MLM,MMMM,General Francisco J. Mujica International Airport,Morelia,MX,19.8499,-101.025
MLN,GEML,Melilla Airport,Melilla Island,ES,35.2798,-2.95626
MLO,LGML,Milos Airport,Milos Island,GR,36.6969,24.4769
MLP,RPMM,Malabang Airport,Malabang,PH,7.61722,124.059
MLR,YMCT,Millicent Airport,,AU,-37.5836,140.366
MLS,KMLS,Frank Wiley Field,Miles City,US,46.426886,-105.888225
MLT,KMLT,Millinocket Municipal Airport,Millinocket,US,45.647833,-68.685556
MLU,KMLU,Monroe Regional Airport,Monroe,US,32.510556,-92.036134
MLV,YMEU,Merluna Airport,,AU,-13.05,142.483
MLW,GLMR,Spriggs Payne Airport,Monrovia,LR,6.28906,-10.7587
MLX,LTAT,Malatya Erhac Airport,Malatya,TR,38.4353,38.091
MLY,PAML,Manley Hot Springs Airport,Manley Hot Springs,US,64.987944,-150.647583
MLZ,SUMO,Cerro Largo International Airport,Melo,UY,-32.3379,-54.2167
MMB,RJCM,Memanbetsu Airport,Ozora,JP,43.8806,144.164
MMC,MMDM,Ciudad Mante National Airport,Ciudad Mante,MX,22.74318,-99.01737
MMD,ROMD,Minami Daito Airport,,JP,25.8465,131.263
MME,EGNV,Durham Tees Valley Airport,Durham,GB,54.5092,-1.42941
MMF,FKKF,Mamfe Airport,Mamfe,CM,5.70417,9.30639
MMG,YMOG,Mount Magnet Airport,,AU,-28.1161,117.842
MMH,KMMH,Mammoth Yosemite Airport,Mammoth Lakes,US,37.624056,-118.83875
MMI,KMMI,Mcminn County Airport,Athens,US,35.399194,-84.561778
MMJ,RJAF,Matsumoto Airport,Matsumoto,JP,36.1668,137.923
MMK,ULMM,Murmansk Airport,Murmansk,RU,68.7817,32.7508
MML,KMML,Southwest Minnesota Regional Marshall/Ryan Field,Marshall,US,44.451722,-95.824417
MMM,YMMU,Middlemount Airport,,AU,-22.8025,148.705
MMN,K6B6,Minute Man Air Field,Stow,US,42.460385,-71.518012
MMO,GVMA,Maio Airport,Vila do Maio,CV,15.1559,-23.2137
MMP,SKMP,San Bernardo Airport,Mompos,CO,9.25872,-74.438
MMQ,FLBA,Mbala Airport,Mbala,ZM,-8.85917,31.3364
MMS,KMMS,Selfs Airport,Marks,US,34.231444,-90.289556
MMT,KMMT,Mc Entire Jngb Airport,Eastover,US,33.920761,-80.801133
MMU,KMMU,Morristown Municipal Airport,Morristown,US,40.799338,-74.414889
MMX,ESMS,Malmo Sturup Airport,Malmo,SE,55.53631,13.3762
MMY,ROMY,Miyako Airport,Miyako City,JP,24.7828,125.295
MMZ,OAMN,Maimana Airport,,AF,35.9308,64.7609
MNA,WAMN,Melangguane Airport,Karakelong Island,ID,4.00694,126.673
MNB,FZAG,Muanda Airport,,CD,-5.93086,12.3518
MNC,FQNC,Nacala Airport,Nacala,MZ,-14.4882,40.7122
MNE,YMUG,Mungeranie Airport,Mungeranie,AU,-28.0092,138.657
MNF,NFMA,Mana Island Airport,Mana Island,FJ,-17.6731,177.09801
MNG,YMGD,Maningrida Airport,Maningrida,AU,-12.0561,134.23399
MNH,OORQ,Rustaq Airport,Al Muladdah,OM,23.64056,57.4875
MNI,TRPG,John A. Osborne Airport,Gerald's Park,MS,16.7914,-62.1933
MNJ,FMSM,Mananjary Airport,,MG,-21.2018,48.3583
MNK,NGMA,Maiana Airport,Maiana,KI,1.00361,173.03101
MNL,RPLL,Ninoy Aquino International Airport,Manila,PH,14.5086,121.02
MNM,KMNM,Menominee Regional Airport,Menominee,US,45.126689,-87.638542
MNN,KMNN,Marion Municipal Airport,Marion,US,40.61625,-83.063472
MNO,FZRA,Manono Airport,Manono,CD,-7.28889,27.3944
MNQ,YMTO,Monto Airport,,AU,-24.8858,151.10001
MNR,FLMG,Mongu Airport,Mongu,ZM,-15.2545,23.1623
MNS,FLMA,Mansa Airport,Mansa,ZM,-11.137,28.8726
MNT,PAAF,Minto Al Wright Airport,Minto,US,65.148167,-149.368583
MNU,VYMM,Mawlamyine Airport,Mawlamyine,MM,16.4447,97.6607
MNW,YMDS,Macdonald Downs Airport,,AU,-22.4667,135.233
MNX,SBMY,Manicore Airport,Manicore,BR,-5.81138,-61.2783
MNY,AGGO,Mono Airport,Stirling Island,SB,-7.41694,155.565
MNZ,KHEF,Washington Manassas/Harry P Davis Field,Washington,US,38.721025,-77.515105
MOA,MUMO,Orestes Acosta Airport,Moa,CU,20.6539,-74.9222
MOB,KMOB,Mobile Regional Airport,Mobile,US,30.691417,-88.242833
MOC,SBMK,Mario Ribeiro Airport,Montes Claros,BR,-16.7069,-43.8189
MOD,KMOD,Modesto City-County-Harry Sham Field,Modesto,US,37.625825,-120.95443
MOE,VYMO,Momeik Airport,,MM,23.0925,96.6453
MOF,WATC,Maumere(Wai Oti) Airport,Maumere-Flores Island,ID,-8.64065,122.237
MOG,VYMS,Mong Hsat Airport,Mong Hsat,MM,20.5168,99.2568
MOI,NCMR,Mitiaro Island Airport,Mitiaro Island,CK,-19.8425,-157.703
MOJ,SMMO,Moengo Airstrip,Moengo,SR,5.6076,-54.4003
MOL,ENML,Molde Airport,Aro,NO,62.7447,7.2625
MOM,GQNL,Letfotar Airport,Moudjeria,MR,17.75,-12.5
MON,NZMC,Mount Cook Airport,,NZ,-43.765,170.133
MOO,YOOM,Moomba Airport,,AU,-28.0994,140.19701
MOP,KMOP,Mount Pleasant Municipal Airport,Mount Pleasant,US,43.621639,-84.737306
MOQ,FMMV,Morondava Airport,,MG,-20.2847,44.3176
MOR,KMOR,Moore-Murrell Airport,Morristown,US,36.179383,-83.375452
MOS,KMOS,Moses Point Airport,Elim,US,64.698182,-162.057299
MOT,KMOT,Minot International Airport,Minot,US,48.257639,-101.278028
MOU,PAMO,Mountain Village Airport,Mountain Village,US,62.094778,-163.682861
MOV,YMRB,Moranbah Airport,Moranbah,AU,-22.0578,148.077
MOX,KMOX,Morris Municipal/Charlie Schmidt Field,Morris,US,45.563591,-95.965028
MOZ,NTTM,Moorea Airport,,PF,-17.49,-149.76199
MPA,FYKM,Katima Mulilo Airport,Mpacha,NA,-17.6344,24.1767
MPC,WIPU,Muko Muko Airport,"Muko Muko, Sumatra Island",ID,-2.54186,101.088
MPD,OPMP,Sindhri Tharparkar Airport,Sindhri,PK,25.6828,69.0728
MPH,RPVE,Godofredo P. Ramos Airport,Malay,PH,11.9245,121.954
MPJ,KMPJ,Petit Jean Park Airport,Morrilton,US,35.138833,-92.909194
MPL,LFMT,Montpellier-Mediterranee Airport,Montpellier/Mediterranee,FR,43.5762,3.96301
MPM,FQMA,Maputo Airport,Maputo,MZ,-25.9208,32.5726
MPN,EGYP,Mount Pleasant Airport,Mount Pleasant,FK,-51.8228,-58.4472
MPO,KMPO,Pocono Mountains Regional Airport,Mount Pocono,US,41.137694,-75.380056
MPR,KMPR,Mc Pherson Airport,Mc Pherson,US,38.352394,-97.691298
MPS,KOSA,Mount Pleasant Regional Airport,Mount Pleasant,US,33.096889,-94.96175
MPT,WPMN,Maliana Airport,Maliana,TL,-8.97224,125.215
MPV,KMPV,Edward F Knapp State Airport,Barre/Montpelier,US,44.203489,-72.562096
MPW,UKCM,Mariupol International Airport,Mariupol,UA,47.0761,37.4496
MPY,SOOA,Maripasoula Airport,Maripasoula,GF,3.6575,-54.0372
MPZ,KMPZ,Mount Pleasant Municipal Airport,Mount Pleasant,US,40.946612,-91.511171
MQA,YMDI,Mandora Airport,Mandora,AU,-19.7383,120.838
MQB,KMQB,Macomb Municipal Airport,Macomb,US,40.520083,-90.652389
MQC,LFVM,Miquelon Airport,Miquelon,PM,47.0955,-56.3803
MQD,SAVQ,Maquinchao Airport,Maquinchao,AR,-41.2431,-68.7078
MQE,YMQA,Marqua Airport,Marqua,AU,-22.8058,137.25101
MQF,USCM,Magnitogorsk International Airport,Magnitogorsk,RU,53.3931,58.7557
MQH,SBMC,Minacu Airport,Minacu,BR,-13.5491,-48.1953
MQJ,UEMA,Moma Airport,Honuu,RU,66.45086,143.26155
MQK,SLTI,San Matias Airport,San Matias,BO,-16.3392,-58.4019
MQL,YMIA,Mildura Airport,Mildura,AU,-34.2292,142.086
MQM,LTCR,Mardin Airport,Mardin,TR,37.2233,40.6317
MQN,ENRA,Mo i Rana Airport Rossvoll,Mo i Rana,NO,66.3639,14.3014
MQP,FAKN,Kruger Mpumalanga International Airport,Mpumalanga,ZA,-25.3832,31.1056
MQQ,FTTD,Moundou Airport,,TD,8.62441,16.0714
MQS,TVSM,Mustique Airport,Mustique Island,VC,12.8879,-61.1802
MQT,KSAW,Marquette/Sawyer Regional Airport,Marquette,US,46.349158,-87.396372
MQU,SKQU,Jose Celestino Mutis Airport,Mariquita,CO,5.21256,-74.8836
MQW,KMQW,Telfair-Wheeler Airport,Mc Rae,US,32.096996,-82.879412
MQX,HAMK,Mekele Airport,,ET,13.4674,39.5335
MQY,KMQY,Smyrna Airport,Smyrna,US,36.00897,-86.52009
MQZ,YMGT,Margaret River Airport,,AU,-33.9306,115.1
MRA,HLMS,Misrata International Airport,Misrata,LY,32.32556,15.05972
MRB,KMRB,Eastern Wv Regional/Shepherd Field,Martinsburg,US,39.402358,-77.983
MRC,KMRC,Maury County Regional Airport,Columbia/Mount Pleasant,US,35.554339,-87.17914
MRD,SVMD,Alberto Carnevalli Airport,Merida,VE,8.58208,-71.16104
MRE,HKMS,Mara Serena Lodge Airstrip,Masai Mara,KE,-1.40611,35.00806
MRF,KMRF,Marfa Municipal Airport,Marfa,US,30.371111,-104.017528
MRG,YMBA,Mareeba Airport,,AU,-17.0692,145.41901
MRI,PAMR,Merrill Field,Anchorage,US,61.213546,-149.844709
MRK,KMKY,Marco Island Executive Airport,Marco Island,US,25.995028,-81.672528
MRN,KMRN,Foothills Regional Airport,Morganton,US,35.820222,-81.611417
MRO,NZMS,Hood Airport,Masterton,NZ,-40.9733,175.634
MRP,YALA,Marla Airport,,AU,-27.3333,133.627
MRQ,RPUW,Marinduque Airport,Gasan,PH,13.361,121.826
MRR,SEMA,Jose Maria Velasco Ibarra Airport,Macara,EC,-4.37823,-79.941
MRS,LFML,Marseille Provence Airport,Marseille,FR,43.43927,5.22142
MRU,FIMP,Sir Seewoosagur Ramgoolam International Airport,Port Louis,MU,-20.4302,57.6836
MRV,URMM,Mineralnyye Vody Airport,Mineralnyye Vody,RU,44.2251,43.0819
MRW,EKMB,Lolland Falster Maribo Airport,Lolland Falster / Maribo,DK,54.6993,11.4401
MRX,OIAM,Mahshahr Airport,,IR,30.5562,49.1519
MRY,KMRY,Monterey Regional Airport,Monterey,US,36.586952,-121.842783
MRZ,YMOR,Moree Airport,Moree,AU,-29.4989,149.845
MSA,CZMD,Muskrat Dam Airport,Muskrat Dam,CA,53.4414,-91.7628
MSC,KFFZ,Falcon Field,Mesa,US,33.460841,-111.728325
MSF,YMNS,Mount Swan Airport,,AU,-22.6,135.017
MSG,FXMA,Matsaile Airport,Matsaile,LS,-29.8406,28.7764
MSH,OOMA,Masirah Air Base,Masirah,OM,20.6754,58.8905
MSJ,RJSM,Misawa Air Base,Misawa,JP,40.7032,141.368
MSL,KMSL,Northwest Alabama Regional Airport,Muscle Shoals,US,34.745306,-87.610222
MSM,FZCV,Masi Manimba Airport,Masi Manimba,CD,-4.783,17.85
MSN,KMSN,Dane County Regional/Truax Field,Madison,US,43.139879,-89.337504
MSO,KMSO,Missoula Montana Airport,Missoula,US,46.916306,-114.090556
MSP,KMSP,Minneapolis-St Paul International/Wold-Chamberlain Airport,Minneapolis,US,44.881972,-93.221778
MSQ,UMMS,Minsk International Airport,Minsk,BY,53.8825,28.0307
MSR,LTCK,Mus Airport,Muş,TR,38.7478,41.6612
MSS,KMSS,Massena International-Richards Field,Massena,US,44.936241,-74.84512
MST,EHBK,Maastricht Aachen Airport,Maastricht,NL,50.9117,5.77014
MSU,FXMM,Moshoeshoe I International Airport,Maseru,LS,-29.4623,27.5525
MSV,KMSV,Sullivan County International Airport,Monticello,US,41.701639,-74.795028
MSW,HHMS,Massawa International Airport,Massawa,ER,15.67,39.3701
MSX,FCMM,Mossendjo Airport,Mossendjo,CG,-2.95,12.7
MSY,KMSY,Louis Armstrong New Orleans International Airport,New Orleans,US,29.993272,-90.259028
MSZ,FNMO,Namibe Airport,Namibe,AO,-15.2612,12.1468
MTA,NZMA,Matamata Glider Airport,,NZ,-37.7344,175.742
MTB,SKML,Montelibano Airport,Montelibano,CO,7.97174,-75.4325
MTC,KMTC,Selfridge Angb Airport,Mount Clemens,US,42.612511,-82.836958
MTD,YMSF,Mount Sanford Station Airport,,AU,-16.9783,130.55499
MTE,SNMA,Monte Alegre Airport,Monte Alegre,BR,-1.9958,-54.0742
MTF,HAMT,Mizan Teferi Airport,Mizan Teferi,ET,6.9571,35.5547
MTG,SWVB,Vila Bela da Santissima Trindade Airport,Vila Bela Da Santissima Trindade,BR,-15.01528,-59.96722
MTH,KMTH,The Florida Keys Marathon International Airport,Marathon,US,24.726286,-81.051416
MTI,GVMT,Mosteiros Airport,Vila do Mosteiros,CV,15.045,-24.3392
MTJ,KMTJ,Montrose Regional Airport,Montrose,US,38.509806,-107.89425
MTK,NGMN,Makin Island Airport,Makin Island,KI,3.37444,172.992
MTL,YMND,Maitland Airport,,AU,-32.7033,151.48801
MTN,KMTN,Martin State Airport,Baltimore,US,39.325659,-76.413763
MTO,KMTO,Coles County Memorial Airport,Mattoon/Charleston,US,39.477889,-88.279972
MTP,KMTP,Montauk Airport,Montauk,US,41.076667,-71.920472
MTQ,YMIT,Mitchell Airport,,AU,-26.4833,147.937
MTR,SKMR,Los Garzones Airport,Monteria,CO,8.82374,-75.8258
MTS,FDMS,Matsapha Airport,Manzini,SZ,-26.529,31.3075
MTT,MMMT,Minatitlan/Coatzacoalcos National Airport,Minatitlan,MX,18.1034,-94.5807
MTV,NVSA,Mota Lava Airport,Ablow,VU,-13.666,167.71201
MTW,KMTW,Manitowoc County Airport,Manitowoc,US,44.128778,-87.680583
MTX,KMTF,Metro Field,Fairbanks,US,64.80679,-147.762421
MTY,MMMY,General Mariano Escobedo International Airport,Monterrey,MX,25.7785,-100.107
MTZ,LLMZ,Bar Yehuda Airfield,Masada,IL,31.3282,35.3886
MUA,AGGM,Munda Airport,,SB,-8.32797,157.263
MUB,FBMN,Maun Airport,Maun,BW,-19.9726,23.4311
MUC,EDDM,Munich International Airport,Munich,DE,48.3538,11.7861
MUD,FQMD,Mueda Airport,Mueda,MZ,-11.6729,39.5631
MUE,PHMU,Waimea-Kohala Airport,Kamuela,US,20.001327,-155.668107
MUG,MMMG,Mulege Airport,Mulege,MX,26.89731,-111.95755
MUH,HEMM,Mersa Matruh Airport,Mersa Matruh,EG,31.3254,27.2217
MUI,KMUI,Muir Army Heliport (Fort Indiantown Gap) Heliport,Fort Indiantown Gap (Annville),US,40.43523,-76.568631
MUK,NCMK,Mauke Airport,Mauke Island,CK,-20.1361,-157.345
MUL,KMUL,Spence Airport,Moultrie,US,31.137687,-83.70406
MUM,_MUM,Muli Airport,Malé,MV,2.9114,73.5836
MUN,SVMT,Maturin Airport,,VE,9.75453,-63.1474
MUO,KMUO,Mountain Home Afb Airport,Mountain Home,US,43.043594,-115.872436
MUP,YMUP,Mulga Park Airport,,AU,-25.9,131.66701
MUQ,YMUC,Muccan Station Airport,Muccan Station,AU,-20.6589,120.067
MUR,WBGM,Marudi Airport,Marudi,MY,4.17898,114.329
MUS,RJAM,Minami Torishima Airport,,JP,24.2897,153.979
MUT,KMUT,Muscatine Municipal Airport,Muscatine,US,41.367889,-91.148222
MUW,DAOV,Ghriss Airport,,DZ,35.2077,0.14714
MUX,OPMT,Multan International Airport,Multan,PK,30.2032,71.4191
MUY,FCBM,Mouyondzi Airport,Mouyondzi,CG,-4.01487,13.96611
MUZ,HTMU,Musoma Airport,Musoma,TZ,-1.503,33.8021
MVA,BIRL,Mývatn Airport,Reykjahlíð,IS,65.6558,-16.9181
MVB,FOON,M'Vengue El Hadj Omar Bongo Ondimba International Airport,Franceville,GA,-1.65616,13.438
MVC,KMVC,Monroe County Aeroplex Airport,Monroeville,US,31.458056,-87.351028
MVD,SUMU,Carrasco International /General C L Berisso Airport,Montevideo,UY,-34.8384,-56.0308
MVE,KMVE,Montevideo-Chippewa County Airport,Montevideo,US,44.969194,-95.710389
MVF,SBMS,Dix-Sept Rosado Airport,Mossoro,BR,-5.20192,-37.3643
MVK,YMUK,Mulka Airport,Mulka,AU,-28.3478,138.64999
MVL,KMVL,Morrisville-Stowe State Airport,Morrisville,US,44.534355,-72.613992
MVM,K0V7,Kayenta Airport,Kayenta,US,36.716444,-110.228444
MVN,KMVN,Mount Vernon Airport,Mount Vernon,US,38.323361,-88.8585
MVO,FTTM,Mongo Airport,Mongo,TD,12.167,18.675
MVP,SKMU,Fabio Alberto Leon Bentley Airport,Mitu,CO,1.25366,-70.2339
MVQ,UMOO,Mogilev Airport,Mogilev,BY,53.9549,30.0951
MVR,FKKL,Salak Airport,Maroua,CM,10.4514,14.2574
MVS,SNMU,Mucuri Airport,Mucuri,BR,-18.0489,-39.8642
MVT,NTGV,Mataiva Airport,,PF,-14.8681,-148.717
MVU,YMGV,Musgrave Airport,,AU,-14.7833,143.5
MVV,LFHM,Megeve Airport,Verdun,FR,45.8208,6.65222
MVW,KBVS,Skagit Regional Airport,Burlington/Mount Vernon,US,48.470526,-122.421689
MVX,FOGV,Minvoul Airport,Minvoul,GA,2.15,12.133
MVY,KMVY,Martha's Vineyard Airport,Vineyard Haven,US,41.393417,-70.613874
MVZ,FVMV,Masvingo International Airport,Masvingo,ZW,-20.0553,30.8591
MWA,KMWA,Veterans Airport Of Southern Illinois Airport,Marion,US,37.754972,-89.011083
MWB,YMRW,Morawa Airport,,AU,-29.2017,116.022
MWC,KMWC,Lawrence J Timmerman Airport,Milwaukee,US,43.11038,-88.034418
MWD,OPMI,Mianwali Air Base,Mianwali,PK,32.5631,71.5707
MWE,HSMR,Merowe Airport,Merowe,SD,18.45,31.833
MWF,NVSN,Naone Airport,Maewo Island,VU,-15.0,168.08299
MWH,KMWH,Grant County International Airport,Moses Lake,US,47.208583,-119.319139
MWJ,SYMR,Matthews Ridge Airport,Matthews Ridge,GY,7.48811,-60.18478
MWK,WIOM,Tarempa Airport,Matak Island,ID,3.34812,106.258
MWL,KMWL,Mineral Wells Regional Airport,Mineral Wells,US,32.781606,-98.060175
MWM,KMWM,Windom Municipal Airport,Windom,US,43.913412,-95.1094
MWN,HTMD,Mwadui Airport,Mwadui,TZ,-3.5,33.617
MWO,KMWO,Middletown Regional/Hook Field,Middletown,US,39.53175,-84.396444
MWQ,VYMW,Magway Airport,Magway,MM,20.1656,94.9414
MWT,YMWT,Moolawatana Airport,,AU,-29.9167,139.75
MWX,RKJB,Muan International Airport,,KR,34.99141,126.38281
MWY,YMIR,Miralwyn Airport,,AU,-30.15,147.33501
MWZ,HTMW,Mwanza Airport,Mwanza,TZ,-2.44449,32.9327
MXA,KMXA,Manila Municipal Airport,Manila,US,35.894447,-90.154571
MXB,WAWM,Andi Jemma Airport,Masamba-Celebes Island,ID,-2.55804,120.324
MXC,KU64,Monticello Airport,Monticello,US,37.93243,-109.341224
MXD,YMWX,Marion Downs Airport,,AU,-23.3667,139.66701
MXE,KMEB,Laurinburg/Maxton Airport,Maxton,US,34.792172,-79.365896
MXF,KMXF,Maxwell Afb Airport,Montgomery,US,32.382944,-86.365778
MXH,AYMR,Moro Airport,Moro,PG,-6.36333,143.23801
MXI,RPMQ,Mati National Airport,,PH,6.94937,126.273
MXJ,DNMN,Minna Airport,Minna,NG,9.65217,6.46226
MXK,AYMI,Mindik Airport,Mindik,PG,-6.47167,147.44114
MXL,MMML,General Rodolfo Sanchez Taboada International Airport,Mexicali,MX,32.6306,-115.242
MXM,FMSR,Morombe Airport,,MG,-21.7539,43.3755
MXN,LFRU,Morlaix-Ploujean Airport,Morlaix/Ploujean,FR,48.6032,-3.81578
MXO,KMXO,Monticello Regional Airport,Monticello,US,42.220362,-91.163298
MXP,LIMC,Malpensa International Airport,Milan,IT,45.6306,8.72811
MXQ,SNCL,Lorenzo Airport,Cairu,BR,-13.38944,-38.91
MXR,UKBM,Myrhorod Air Base,Myrhorod,UA,49.931667,33.639444
MXS,NSMA,Maota Airport,Maota,WS,-13.7423,-172.258
MXT,FMMO,Maintirano Airport,Maintirano,MG,-18.05,44.033
MXU,YMWA,Mullewa Airport,,AU,-28.475,115.517
MXV,ZMMN,Moron Airport,Moron,MN,49.6633,100.099
MXX,ESKM,Mora Airport,,SE,60.9579,14.5114
MXY,PAMX,Mccarthy Airport,Mccarthy,US,61.437819,-142.902503
MXZ,ZGMX,Meixian Airport,Meixian,CN,24.35,116.133
MYA,YMRY,Moruya Airport,Moruya,AU,-35.8978,150.144
MYB,FOOY,Mayumba Airport,Mayumba,GA,-3.45842,10.67408
MYC,SVBS,Escuela Mariscal Sucre Airport,Maracay,VE,10.24998,-67.64942
MYD,HKML,Malindi Airport,Malindi,KE,-3.22931,40.1017
MYE,RJTQ,Miyakejima Airport,Miyakejima,JP,34.0736,139.56
MYF,KMYF,Montgomery-Gibbs Executive Airport,San Diego,US,32.815722,-117.139556
MYG,MYMM,Mayaguana Airport,Mayaguana,BS,22.3795,-73.0135
MYH,KL41,Marble Canyon Airport,Marble Canyon,US,36.810806,-111.644444
MYI,YMUI,Murray Island Airport,Murray Island,AU,-9.91667,144.05499
MYJ,RJOM,Matsuyama Airport,Matsuyama,JP,33.8272,132.7
MYK,KMYK,May Creek Airport,May Creek,US,61.336161,-142.685886
MYL,KMYL,Mc Call Municipal Airport,Mc Call,US,44.888744,-116.101752
MYM,SYMM,Monkey Mountain Airport,Monkey Mountain,GY,4.48333,-59.6833
MYN,OYMB,Mareb Airport,Mareb,YE,15.4692,45.3269
MYO,YMYR,Myroodan Station Airport,,AU,-18.1167,124.267
MYP,UTAM,Mary Airport,Mary,TM,37.6194,61.8967
MYQ,VOMY,Mysore Airport,Mysore,IN,12.3072,76.6497
MYR,KMYR,Myrtle Beach International Airport,Myrtle Beach,US,33.679741,-78.928321
MYT,VYMK,Myitkyina Airport,Myitkyina,MM,25.3836,97.3519
MYU,PAMY,Mekoryuk Airport,Mekoryuk,US,60.372389,-166.270194
MYV,KMYV,Yuba County Airport,Marysville,US,39.097778,-121.569833
MYW,HTMT,Mtwara Airport,Mtwara,TZ,-10.3391,40.1818
MYX,AYMC,Menyamya Airport,Menyamya,PG,-7.21167,146.01936
MYY,WBGR,Miri Airport,Miri,MY,4.32201,113.987
MYZ,FWMY,Monkey Bay Airport,Monkey Bay,MW,-14.0836,34.9197
MZA,SPMF,Manuel Prado Ugarteche Airport,Mazamari,PE,-11.3254,-74.5356
MZB,FQMP,Mocimboa da Praia Airport,Mocimboa da Praia,MZ,-11.3618,40.3549
MZE,MZSL,Manatee Airport,Spanish Lookout,BZ,17.27833,-89.02361
MZG,RCQC,Makung Airport,Makung City,TW,23.5687,119.628
MZH,LTAP,Amasya Merzifon Airport,Amasya,TR,40.8294,35.522
MZI,GAMB,Ambodedjo Airport,,ML,14.5128,-4.07956
MZJ,KMZJ,Pinal Airpark,Marana,US,32.509833,-111.325333
MZK,NGMK,Marakei Airport,Marakei,KI,2.05861,173.271
MZL,SKMZ,La Nubia Airport,Manizales,CO,5.0296,-75.4647
MZM,LFSF,Metz-Frescaty (BA 128) Air Base,Metz/Frescaty,FR,49.0717,6.13167
MZO,MUMZ,Sierra Maestra Airport,Manzanillo,CU,20.2881,-77.0892
MZP,NZMK,Motueka Airport,,NZ,-41.1233,172.989
MZQ,FAMU,Mkuze Airport,Mkuze,ZA,-27.6261,32.0443
MZR,OAMS,Mazar I Sharif Airport,,AF,36.7069,67.2097
MZT,MMMZ,General Rafael Buelna International Airport,Mazatlan,MX,23.1614,-106.266
MZU,VEMZ,Muzaffarpur Airport,,IN,26.1191,85.3137
MZV,WBMU,Mulu Airport,Mulu,MY,4.04833,114.805
MZW,DAAY,Mecheria Airport,Mecheria,DZ,33.5359,-0.24235
MZX,HAML,Masslo Airport,Masslo,ET,6.40806,39.7239
MZY,FAMO,Mossel Bay Airport,Mossel Bay,ZA,-34.1583,22.0586
MZZ,KMZZ,Marion Municipal - Mckinney Field,Marion,US,40.489917,-85.679778
NAA,YNBR,Narrabri Airport,Narrabri,AU,-30.3192,149.827
NAC,YNRC,Naracoorte Airport,,AU,-36.9853,140.72501
NAE,DBBN,Natitingou Airport,Natitingou,BJ,10.317,1.383
NAG,VANP,Dr. Babasaheb Ambedkar International Airport,Naqpur,IN,21.0922,79.0472
NAH,WAMH,Naha Airport,Tahuna-Sangihe Island,ID,3.68321,125.528
NAI,SYAN,Annai Airport,Annai,GY,3.95944,-59.1242
NAJ,UBBN,Nakhchivan Airport,Nakhchivan,AZ,39.1888,45.4584
NAK,VTUQ,Nakhon Ratchasima Airport,,TH,14.9495,102.313
NAL,URMN,Nalchik Airport,Nalchik,RU,43.5129,43.6366
NAM,WAPR,Namlea Airport,Namlea-Buru Island,ID,-3.23557,127.1
NAN,NFFN,Nadi International Airport,Nadi,FJ,-17.7554,177.44299
NAO,ZUNC,Nanchong Airport,Nanchong,CN,30.79545,106.1626
NAP,LIRN,Napoli / Capodichino International Airport,Napoli,IT,40.886,14.2908
NAQ,BGQQ,Qaanaaq Airport,Qaanaaq,GL,77.4886,-69.3887
NAR,SKPN,Puerto Nare Airport,Armenia,CO,6.21002,-74.5906
NAS,MYNN,Lynden Pindling International Airport,Nassau,BS,25.039,-77.4662
NAT,SBSG,Greater Natal International Airport,São Gonçalo do Amarante,BR,-5.768833,-35.366333
NAU,NTGN,Napuka Island Airport,Napuka Island,PF,-14.1768,-141.267
NAV,LTAZ,Nevşehir Kapadokya International Airport,Nevşehir,TR,38.7719,34.5345
NAW,VTSC,Narathiwat Airport,,TH,6.51992,101.743
NAY,ZBNY,Beijing Nanyuan Airport,Beijing,CN,39.7828,116.388
NBC,UWKE,Begishevo Airport,Nizhnekamsk,RU,55.5647,52.0925
NBE,DTNH,Enfidha-Hammamet International Airport,Enfidha,TN,36.07583,10.43861
NBG,KNBG,New Orleans Nas Jrb (Alvin Callender Field) Airport,New Orleans,US,29.827215,-90.02659
NBH,YNHS,Nambucca Heads Airport,Nambucca Heads,AU,-30.65,153.0
NBJ,FNBJ,Dr. Antonio Agostinho Neto International Airport,Luanda,AO,-9.046778,13.507194
NBL,MPWN,San Blas Airport,Wannukandi,PA,9.4496,-78.9795
NBO,HKJK,Jomo Kenyatta International Airport,Nairobi,KE,-1.31924,36.9278
NBS,ZYBS,Baishan Changbaishan Airport,Baishan,CN,42.066389,127.606667
NBW,MUGM,Leeward Point Field,Guantanamo Bay Naval Station,CU,19.9065,-75.2071
NBX,WABI,Nabire Airport,Nabire-Papua Island,ID,-3.36818,135.496
NCA,MBNC,North Caicos Airport,,TC,21.9175,-71.9396
NCE,LFMN,Nice-Cote d'Azur Airport,Nice,FR,43.6584,7.21587
NCG,MMCG,Nuevo Casas Grandes Airport,,MX,30.3974,-107.875
NCH,HTNA,Nachingwea Airport,Nachingwea,TZ,-10.3575,38.7792
NCI,SKNC,Necocli Airport,Necocli,CO,8.45,-76.7833
NCJ,SAFS,Sunchales Aeroclub Airport,Sunchales,AR,-30.9575,-61.5283
NCL,EGNT,Newcastle Airport,Newcastle,GB,55.0375,-1.69167
NCN,PFCB,Chenega Bay Airport,Chenega,US,60.078561,-147.994735
NCO,KOQU,Quonset State Airport,North Kingstown,US,41.597407,-71.412409
NCR,MNSC,San Carlos,San Carlos,NI,11.1334,-84.77
NCS,FANC,Newcastle Airport,Newcastle,ZA,-27.7706,29.9769
NCT,MRNC,Guanacaste Airport,Nicoya/Guanacate,CR,10.1394,-85.4458
NCU,UZNN,Nukus Airport,Nukus,UZ,42.4884,59.6233
NCY,LFLP,Annecy-Haute-Savoie-Mont Blanc Airport,Annecy/Meythet,FR,45.9292,6.09876
NDA,WAPC,Banda Airport Kepulauan,Banda Island,ID,5.11667,97.1167
NDB,GQPP,Nouadhibou International Airport,Nouadhibou,MR,20.9331,-17.03
NDC,VAND,Nanded Airport,Nanded,IN,19.1833,77.3167
NDD,FNSU,Sumbe Airport,Sumbe,AO,-11.1679,13.8475
NDE,HKMA,Mandera Airport,Mandera,KE,3.933,41.85
NDG,ZYQQ,Qiqihar Sanjiazi Airport,Qiqihar,CN,47.2396,123.918
NDJ,FTTJ,N'Djamena International Airport,N'Djamena,TD,12.1337,15.034
NDL,FEFN,N'Dele Airport,N'Dele,CF,8.42721,20.63516
NDM,HAMN,Mendi Airport,Mendi,ET,9.767,35.1
NDR,GMMW,Nador International Airport,Nador,MA,34.9888,-3.02821
NDS,YSAN,Sandstone Airport,Sandstone,AU,-27.98,119.297
NDU,FYRU,Rundu Airport,Rundu,NA,-17.9565,19.7194
NDY,EGES,Sanday Airport,Sanday,GB,59.2503,-2.57667
NEC,SAZO,Necochea Airport,Necochea,AR,-38.4831,-58.8172
NEF,UWUF,Neftekamsk Airport,Neftekamsk,RU,56.1069,54.3472
NEG,MKNG,Negril Airport,Negril,JM,18.3428,-78.3321
NEJ,HANJ,Nejjo Airport,Nejjo,ET,9.55,35.467
NEK,HANK,Nekemte Airport,Nekemte,ET,9.05,36.6
NEL,KNEL,Lakehurst Maxfield Field,Lakehurst,US,40.035789,-74.351367
NEN,KNEN,Whitehouse Nolf Airport,Jacksonville,US,30.349495,-81.866989
NER,UELL,Chulman Neryungri Airport,Chulman,RU,56.9139,124.914
NEU,VLNK,Nong Khang Airport,Nong Khang,LA,20.611824,104.068158
NEV,TKPN,Vance W. Amory International Airport,Charlestown,KN,17.2057,-62.5899
NEW,KNEW,Lakefront Airport,New Orleans,US,30.042417,-90.02825
NFG,USRN,Nefteyugansk Airport,Nefteyugansk,RU,61.1083,72.65
NFL,KNFL,Fallon Nas (Van Voorhis Field) Airport,Fallon,US,39.417831,-118.698588
NFO,NFTO,Mata'aho Airport,Angaha,TO,-15.5708,-175.633
NFR,HLNR,Nafurah 1 Airport,Nafurah 1,LY,29.2132,21.5924
NGA,YYNG,Young Airport,,AU,-34.2556,148.248
NGB,ZSNB,Ningbo Lishe International Airport,Ningbo,CN,29.8267,121.462
NGD,TUPA,Captain Auguste George Airport,Anegada,VG,18.7272,-64.3297
NGE,FKKN,N'Gaoundere Airport,N'Gaoundere,CM,7.35701,13.5592
NGF,PHNG,Kaneohe Bay Mcas (Marion E Carl Field) Airport,Kaneohe,US,21.450456,-157.767949
NGI,NFNG,Ngau Airport,Ngau,FJ,-18.1156,179.34
NGL,FANG,Ngala Airport,Ngala,ZA,-24.3878,31.3258
NGO,RJGG,Chubu Centrair International Airport,Tokoname,JP,34.8584,136.80499
NGP,KNGP,Corpus Christi Nas (Truax Field) Airport,Corpus Christi,US,27.692701,-97.290379
NGQ,ZUAL,Ngari Gunsa Airport,Shiquanhe,CN,32.1,80.05306
NGS,RJFU,Nagasaki Airport,Nagasaki,JP,32.9169,129.914
NGU,KNGU,Norfolk Ns (Chambers Field) Airport,Norfolk,US,36.937469,-76.289278
NGW,KNGW,Cabaniss Field Nolf Airport,Corpus Christi,US,27.70242,-97.438819
NHD,OMDM,Al Minhad Air Base,Dubai,AE,25.0268,55.3662
NHF,HSNW,New Halfa Airport,New Halfa,SD,15.3556,35.7278
NHK,KNHK,Patuxent River Nas (Trapnell Field) Airport,Patuxent River,US,38.286334,-76.409971
NHS,OPNK,Nushki Airport,Nushki,PK,29.539,66.0233
NHT,EGWU,RAF Northolt,London,GB,51.553,-0.41817
NHV,NTMD,Nuku Hiva Airport,,PF,-8.7956,-140.229
NHX,KNBJ,Barin Nolf Airport,Foley,US,30.390314,-87.63156
NHZ,KBXM,Brunswick Executive Airport,Brunswick,US,43.892355,-69.93883
NIA,GLNA,Nimba Airport,Nimba,LR,7.5,-8.6
NIB,PAFS,Nikolai Airport,Nikolai,US,63.018559,-154.358438
NIF,YCNF,Camp Nifty Airport,,AU,-21.6717,121.587
NIG,NGNU,Nikunau Airport,Nikunau,KI,-1.31444,176.41
NIM,DRRN,Diori Hamani International Airport,Niamey,NE,13.4815,2.18361
NIN,KNIN,Ninilchik Airport,Ninilchik,US,60.020234,-151.589419
NIO,FZBI,Nioki Airport,Nioki,CD,-2.7175,17.6847
NIP,KNIP,Jacksonville Nas (Towers Field) Airport,Jacksonville,US,30.233706,-81.676057
NIR,KTX2,Chase Field Industrial Airport,Beeville,US,28.362444,-97.661917
NIS,AYSE,Simberi Airport,Simberi Island,PG,-2.66222,151.99778
NIT,LFBN,Niort-Souche Airport,Niort/Souche,FR,46.3113,-0.4015
NIU,NTKN,Niau Airport,Niau,PF,-16.12083,-146.37361
NIX,GANR,Nioro du Sahel Airport,Nioro du Sahel,ML,15.2381,-9.57611
NJA,RJTA,Atsugi Naval Air Facility,,JP,35.4546,139.45
NJC,USNN,Nizhnevartovsk Airport,Nizhnevartovsk,RU,60.9493,76.4836
NJF,ORNI,Al Najaf International Airport,Najaf,IQ,31.98972,44.40417
NJK,KNJK,El Centro Naf (Vraciu Field) Airport,El Centro,US,32.826633,-115.668563
NKC,GQNN,Nouakchott International Airport,Nouakchott,MR,18.0982,-15.9485
NKG,ZSNJ,Nanjing Lukou Airport,Nanjing,CN,31.742,118.862
NKL,FZAR,Nkolo Fuma Airport,Nkolo Fuma,CD,-5.45,14.833
NKM,RJNA,Nagoya Airport,Nagoya,JP,35.255,136.924
NKS,FKAN,Nkongsamba Airport,Nkongsamba,CM,4.95,9.933
NKT,LTCV,Şırnak Şerafettin Elçi Airport,Şırnak,TR,37.36389,42.06
NKU,FXNK,Nkaus Airport,Nkaus,LS,-30.0217,28.1969
NKX,KNKX,Miramar Mcas (Joe Foss Field) Airport,San Diego,US,32.868529,-117.143192
NKY,FCBY,Yokangassi Airport,Nkayi,CG,-4.217,13.283
NLA,FLSK,Simon Mwansa Kapwepwe International Airport,Ndola,ZM,-12.961667,28.516667
NLC,KNLC,Lemoore Nas (Reeves Field) Airport,Lemoore,US,36.333127,-119.952162
NLD,MMNL,Quetzalcoatl International Airport,Nuevo Laredo,MX,27.4439,-99.5705
NLE,K3TR,Jerry Tyler Memorial Airport,Niles,US,41.835889,-86.225167
NLF,YDNI,Darnley Island Airport,Darnley Island,AU,-9.58333,143.767
NLG,PAOU,Nelson Lagoon Airport,Nelson Lagoon,US,56.007536,-161.160367
NLI,UHNN,Nikolayevsk-na-Amure Airport,Nikolayevsk-na-Amure Airport,RU,53.155,140.64999
NLK,YSNF,Norfolk Island International Airport,Burnt Pine,NF,-29.0416,167.939
NLL,YNUL,Nullagine Airport,,AU,-21.9133,120.198
NLN,KO19,Kneeland Airport,Eureka,US,40.718952,-123.927217
NLO,FZAB,Ndolo Airport,,CD,-4.32666,15.3275
NLP,FANS,Nelspruit Airport,Nelspruit,ZA,-25.5,30.9138
NLS,YNIC,Nicholson Airport,,AU,-18.05,128.89999
NLU,MMSM,Santa Lucia Air Force Base,Reyes Acozac,MX,19.7553,-99.0164
NMA,UZKN,Namangan Airport,Namangan,UZ,40.9846,71.5567
NMB,VADN,Daman Airport,,IN,20.4344,72.8432
NMC,MYEN,Normans Cay Airport,,BS,24.5943,-76.8202
NME,PAGT,Nightmute Airport,Nightmute,US,60.469171,-164.704037
NMF,VRDA,Maafaru International Airport,Maafaru,MV,5.81783,73.4685
NMI,VANM,Navi Mumbai International Airport,Navi Mumbai,IN,18.593978,73.041295
NML,CER4,Fort McMurray / Mildred Lake Airport,Fort McMurray,CA,57.0556,-111.574
NMR,YNAP,Nappa Merrie Airport,,AU,-27.5583,141.133
NMS,VYNS,Namsang Airport,Namsang,MM,20.8905,97.7359
NNA,GMMY,Kenitra Airport,,MA,34.2989,-6.59588
NNB,AGGT,Santa Ana Airport,Santa Ana Island,SB,-10.84799,162.45411
NNG,ZGNN,Nanning Wuxu Airport,Nanning,CN,22.6083,108.172
NNI,FYNA,Namutoni Airport,Namutoni,NA,-18.8064,16.9272
NNK,K5NK,Naknek Airport,Naknek,US,58.734663,-157.02521
NNL,PANO,Nondalton Airport,Nondalton,US,59.98023,-154.839175
NNM,ULAM,Naryan Mar Airport,Naryan Mar,RU,67.64,53.1219
NNR,EICA,Connemara Regional Airport,Inverin,IE,53.2303,-9.46778
NNT,VTCN,Nan Airport,,TH,18.8079,100.783
NNU,SNNU,Nanuque Airport,Nanuque,BR,-17.8233,-40.3299
NNX,WRLF,Nunukan Airport,Nunukan-Nunukan Island,ID,4.13653,117.667
NNY,ZHNY,Nanyang Airport,Nanyang,CN,32.9808,112.615
NOA,YSNW,Nowra Airport,,AU,-34.9489,150.537
NOB,MRNS,Nosara Airport,Nicoya,CR,9.97649,-85.653
NOC,EIKN,Ireland West Knock Airport,Charleston,IE,53.9103,-8.81849
NOD,EDWS,Norden-Norddeich Airport,Norddeich,DE,53.63306,7.19028
NOG,MMNG,Nogales International Airport,,MX,31.2261,-110.976
NOJ,USRO,Noyabrsk Airport,Noyabrsk,RU,63.1833,75.27
NOK,SWXV,Xavantina Airport,Nova Xavantina,BR,-14.6983,-52.3464
NON,NGTO,Nonouti Airport,Nonouti,KI,-0.63972,174.42799
NOP,LTCM,Sinop Airport,Sinop,TR,42.0158,35.0664
NOR,BINF,Norðfjörður Airport,Norðfjörður,IS,65.1319,-13.7464
NOS,FMNN,Fascene Airport,Nosy Be,MG,-13.3121,48.3148
NOT,KDVO,Gnoss Field,Novato,US,38.143576,-122.557091
NOU,NWWW,La Tontouta International Airport,Noumea,NC,-22.0146,166.213
NOV,FNHU,Nova Lisboa Airport,Huambo,AO,-12.8089,15.7605
NOZ,UNWW,Spichenkovo Airport,Novokuznetsk,RU,53.8114,86.8772
NPA,KNPA,Pensacola Nas (Forrest Sherman Field) Airport,Pensacola,US,30.353273,-87.317971
NPE,NZNR,Napier Airport,,NZ,-39.4658,176.87
NPH,KU14,Nephi Municipal Airport,Nephi,US,39.736583,-111.870056
NPL,NZNP,New Plymouth Airport,New Plymouth,NZ,-39.0086,174.179
NPO,WIOG,Nanga Pinoh I Airport,"Nanga Pinoh, Borneo Island",ID,-0.34887,111.748
NPR,SJNP,Novo Progresso Airport,Novo Progresso,BR,-7.12583,-55.40083
NPT,KUUU,Newport State Airport,Newport,US,41.53244,-71.281544
NQA,KNQA,Millington/Memphis Airport,Millington,US,35.356639,-89.87043
NQI,KNQI,Kingsville Nas Airport,Kingsville,US,27.504514,-97.80829
NQL,SWNQ,Niquelandia Airport,Niquelandia,BR,-14.4349,-48.4915
NQN,SAZN,Presidente Peron Airport,Neuquen,AR,-38.949,-68.1557
NQT,EGBN,Nottingham Airport,Nottingham,GB,52.92,-1.07917
NQU,SKNQ,Reyes Murillo Airport,Nuqui,CO,5.6964,-77.2806
NQX,KNQX,Key West Nas (Boca Chica Field) Airport,Key West,US,24.574637,-81.686645
NQY,EGHQ,Newquay Cornwall Airport,Newquay,GB,50.4406,-4.99541
NQZ,UACC,Nursultan Nazarbayev International Airport,Astana,KZ,51.0222,71.4669
NRA,YNAR,Narrandera Airport,Narrandera,AU,-34.7022,146.51199
NRB,KNRB,Mayport Ns (Adm David L Mcdonald Field) Airport,Mayport,US,30.391374,-81.424521
NRD,EDWY,Norderney Airport,Norderney,DE,53.70694,7.23
NRE,WAPG,Namrole Airport,Namrole-Buru Island,ID,-3.82081,126.718
NRG,YNRG,Narrogin Airport,,AU,-32.93,117.08
NRI,K3O9,Grand Lake Regional Airport,Afton,US,36.577577,-94.8619
NRK,ESSP,Norrkoping Airport,Norrkoping,SE,58.5863,16.2506
NRL,EGEN,North Ronaldsay Airport,North Ronaldsay,GB,59.3675,-2.43444
NRM,GANK,Nara Airport,Nara,ML,15.217,-7.267
NRN,EDLV,Niederrhein Airport,Weeze,DE,51.6024,6.14217
NRR,TJRV,Jose Aponte De La Torre Airport,Ceiba,US,18.245112,-65.643424
NRS,KNRS,Imperial Beach Nolf (Ream Field) Airport,Imperial Beach,US,32.56616,-117.113525
NRT,RJAA,Narita International Airport,Tokyo,JP,35.7647,140.386
NSE,KNSE,Whiting Field Nas North Airport,Milton,US,30.722472,-87.023903
NSH,OINN,Noshahr Airport,,IR,36.6633,51.4647
NSI,FKYS,Yaounde Nsimalen International Airport,Yaounde,CM,3.72256,11.5533
NSK,UOOO,Norilsk-Alykel Airport,Norilsk,RU,69.3111,87.3322
NSL,KDVP,Slayton Municipal Airport,Slayton,US,43.9868,-95.78261
NSM,YNSM,Norseman Airport,,AU,-32.21,121.755
NSN,NZNS,Nelson Airport,Nelson,NZ,-41.2983,173.22099
NSO,YSCO,Scone Airport,,AU,-32.0372,150.832
NSR,SWKQ,Serra da Capivara Airport,Sao Raimundo Nonato,BR,-9.08278,-42.64444
NST,VTSF,Nakhon Si Thammarat Airport,Nakhon Si Thammarat,TH,8.53962,99.9447
NSV,YNSH,Noosa Airport,,AU,-26.4233,153.063
NSY,LICZ,Sigonella Airport,,IT,37.4017,14.9224
NTB,ENNO,Notodden Airport,,NO,59.5657,9.21222
NTD,KNTD,Point Mugu Nas (Naval Base Ventura Co) Airport,Oxnard,US,34.119276,-119.119589
NTE,LFRS,Nantes Atlantique Airport,Nantes,FR,47.1532,-1.61073
NTG,ZSNT,Nantong Airport,Nantong,CN,32.0708,120.976
NTI,WASB,Stenkol Airport,Bintuni-Papua Island,ID,-2.10416,133.522
NTJ,K41U,Sanpete County Regional Airport,Manti,US,39.331417,-111.612611
NTL,YWLM,Newcastle Airport,Williamtown,AU,-32.795,151.834
NTN,YNTN,Normanton Airport,,AU,-17.6836,141.07001
NTO,GVAN,Agostinho Neto Airport,Ponta do Sol,CV,17.2028,-25.0906
NTQ,RJNW,Noto Airport,Wajima,JP,37.2931,136.96201
NTR,MMAN,Del Norte International Airport,,MX,25.8656,-100.237
NTT,NFTP,Kuini Lavenia Airport,Niuatoputapu,TO,-15.97734,-173.79103
NTU,KNTU,Oceana Nas (Apollo Soucek Field) Airport,Virginia Beach,US,36.822746,-76.031895
NTX,WION,Ranai Airport,"Ranai, Natuna Besar Island",ID,3.90871,108.388
NTY,FAPN,Pilanesberg International Airport,Pilanesberg,ZA,-25.3338,27.1734
NUB,YNUM,Numbulwar Airport,,AU,-14.2717,135.717
NUD,HSNH,En Nahud Airport,En Nahud,SD,12.667,28.333
NUE,EDDN,Nuremberg Airport,Nuremberg,DE,49.4987,11.0669
NUI,PAQT,Nuiqsut Airport,Nuiqsut,US,70.209833,-151.006472
NUJ,OIHS,Hamadan Air Base,Hamadan,IR,35.2116,48.6534
NUK,NTGW,Nukutavake Airport,Nukutavake,PF,-19.285,-138.772
NUL,PANU,Nulato Airport,Nulato,US,64.729333,-158.074222
NUM,OENN,Neom Bay Airport,Neom Bay,SA,27.92383,35.29383
NUP,PPIT,Nunapitchuk Airport,Nunapitchuk,US,60.906,-162.440583
NUQ,KNUQ,Moffett Federal Airfield,Mountain View,US,37.416144,-122.049129
NUR,YNUB,Nullabor Motel Airport,,AU,-31.4417,130.90199
NUS,NVSP,Norsup Airport,Norsup,VU,-16.0797,167.401
NUU,HKNK,Nakuru Airport,Nakuru,KE,-0.29807,36.1593
NUW,KNUW,Whidbey Island Nas (Ault Field) Airport,Oak Harbor,US,48.35184,-122.655959
NUX,USMU,Novy Urengoy Airport,Novy Urengoy,RU,66.0694,76.5203
NVA,SKNV,Benito Salas Airport,Neiva,CO,2.95015,-75.294
NVD,KNVD,Nevada Municipal Airport,Nevada,US,37.852477,-94.304608
NVG,MNNG,Nueva Guinea Airport,Nueva Guinea,NI,11.66667,-84.45
NVI,UZSA,Navoi Airport,Navoi,UZ,40.1172,65.1708
NVN,KO02,Nervino Airport,Beckwourth,US,39.818528,-120.352806
NVP,SWNA,Novo Aripuana Airport,Novo Aripuana,BR,-5.11803,-60.3649
NVS,LFQG,Nevers-Fourchambault Airport,Nevers/Fourchambault,FR,47.0026,3.11333
NVT,SBNF,Ministro Victor Konder International Airport,Navegantes,BR,-26.88,-48.6514
NWA,FMCI,Moheli Bandar Es Eslam Airport,,KM,-12.2981,43.7664
NWH,K2B3,Parlin Field,Newport,US,43.387135,-72.187614
NWI,EGSH,Norwich International Airport,Norwich,GB,52.6758,1.28278
NYA,USHN,Nyagan Airport,Nyagan,RU,62.11,65.615
NYE,HKNI,Nyeri Airport,Nyeri,KE,-0.36441,36.97849
NYG,KNYG,Quantico Mcaf (Turner Field) Airport,Quantico,US,38.503625,-77.305034
NYI,DGSN,Sunyani Airport,Sunyani,GH,7.36183,-2.32876
NYK,HKNY,Nanyuki Airport,Nanyuki,KE,-0.0624,37.04101
NYM,USMM,Nadym Airport,Nadym,RU,65.4809,72.6989
NYN,YNYN,Nyngan Airport,,AU,-31.5511,147.203
NYO,ESKN,Stockholm Skavsta Airport,Stockholm / Nykoping,SE,58.7886,16.9122
NYR,UENN,Nyurba Airport,Nyurba,RU,63.295,118.337
NYS,K6N7,New York Skyports Inc Seaplane Base,New York,US,40.733991,-73.972916
NYT,VYEL,Naypyidaw Airport,Pyinmana,MM,19.6235,96.201
NYU,VYBG,Bagan Airport,Nyaung U,MM,21.1788,94.9302
NYW,VYMY,Monywar Airport,Monywar,MM,22.233,95.117
NZA,FNZG,Nzagi Airport,Nzagi,AO,-7.71694,21.3582
NZC,SPZA,Maria Reiche Neuman Airport,,PE,-14.854,-74.9615
NZE,GUNZ,Nzerekore Airport,Nzerekore,GN,7.80602,-8.7018
NZH,ZBMZ,Manzhouli Xijiao Airport,Manzhouli,CN,49.566667,117.33
NZL,ZBZL,Zhalantun Chengjisihan Airport,Zalantun,CN,47.865833,122.7675
NZY,KNZY,North Island Nas (Halsey Field) Airport,San Diego,US,32.698199,-117.213115
OAG,YORG,Orange Airport,Orange,AU,-33.3817,149.133
OAH,OASD,Shindand Airport,,AF,33.3913,62.261
OAI,OAIX,Bagram Air Base,Bagram,AF,34.9461,69.265
OAJ,KOAJ,Albert J Ellis Airport,Jacksonville,US,34.829167,-77.612139
OAK,KOAK,Oakland San Francisco Bay Airport,Oakland,US,37.721261,-122.221151
OAL,SSKW,Cacoal Airport,Cacoal,BR,-11.4955,-61.45083
OAM,NZOU,Oamaru Airport,,NZ,-44.97,171.082
OAN,MHEA,El Arrayan Airport,Olanchito,HN,15.50556,-86.57472
OAR,KOAR,Marina Municipal Airport,Marina,US,36.681528,-121.761667
OAS,OASA,Sharana Airstrip,Sharana,AF,33.12575,68.83852
OAX,MMOX,Xoxocotlan International Airport,Oaxaca,MX,16.9999,-96.7266
OAZ,OAZI,Camp Bastion Airport,,AF,31.8638,64.2246
OBC,HDOB,Obock Airport,Obock,DJ,11.967,43.267
OBE,KOBE,Okeechobee County Airport,Okeechobee,US,27.266574,-80.850391
OBF,EDMO,Oberpfaffenhofen Airport,,DE,48.0814,11.2831
OBI,SNTI,Obidos Airport,Obidos,BR,-1.86717,-55.5144
OBL,EBZR,Oostmalle Air Base,Zoersel,BE,51.2647,4.75333
OBN,EGEO,Oban Airport,North Connel,GB,56.4635,-5.39967
OBO,RJCB,Tokachi-Obihiro Airport,Obihiro,JP,42.7333,143.217
OBS,LFHO,Aubenas-Ardeche Meridional Airport,Aubenas/Ardeche Meridional,FR,44.5442,4.37219
OBU,PAOB,Kobuk Airport,Kobuk,US,66.912333,-156.897333
OCA,07FA,Ocean Reef Club Airport,Key Largo,US,25.324307,-80.275729
OCC,SECO,Francisco De Orellana Airport,Coca,EC,-0.46289,-76.9868
OCE,KOXB,Ocean City Municipal Airport,Ocean City,US,38.310479,-75.124025
OCF,KOCF,Ocala International-Jim Taylor Field,Ocala,US,29.171876,-82.224114
OCH,KOCH,Nacogdoches A L Mangham Jr Regional Airport,Nacogdoches,US,31.577769,-94.71013
OCJ,MKBS,Boscobel Aerodrome,Ocho Rios,JM,18.4042,-76.969
OCM,YBGD,Boolgeeda Airport,,AU,-22.54117,117.2695
OCN,KOKB,Bob Maxwell Memorial Airfield,Oceanside,US,33.217976,-117.351507
OCV,SKOC,Aguas Claras Airport,Ocana,CO,8.31506,-73.3583
OCW,KOCW,Washington-Warren Airport,Washington,US,35.571938,-77.049764
ODA,FEFW,Ouadda Airport,Ouadda,CF,8.01056,22.3986
ODB,LEBA,Cordoba Airport,Cordoba,ES,37.842,-4.84888
ODC,KO27,Oakdale Airport,Oakdale,US,37.756344,-120.800208
ODD,YOOD,Oodnadatta Airport,,AU,-27.5617,135.44701
ODE,EKOD,Odense Airport,Odense,DK,55.4767,10.3309
ODH,EGVO,RAF Odiham,Odiham,GB,51.2341,-0.94283
ODJ,FEGO,Ouanda Djalle Airport,Ouanda Djalle,CF,8.9,22.783
ODL,YCOD,Cordillo Downs Airport,Cordillo Downs,AU,-26.7453,140.638
ODM,K2G4,Garrett County Airport,Oakland,US,39.580806,-79.335944
ODN,WBGI,Long Seridan Airport,Long Seridan,MY,3.967,115.05
ODO,UIKB,Bodaybo Airport,Bodaybo,RU,57.8661,114.243
ODR,YORV,Ord River Airport,Ord River,AU,-17.3408,128.912
ODS,UKOO,Odesa International Airport,Odesa,UA,46.4268,30.6765
ODT,KODO,Odessa-Schlemeyer Field,Odessa,US,31.921415,-102.387133
ODW,KOKH,Delaurentis Airport,Oak Harbor,US,48.251528,-122.673667
ODY,VLOS,Oudomsay Airport,Oudomsay,LA,20.6827,101.994
OEC,WPOC,Oecussi Airport,Oecussi-Ambeno,TL,-9.19806,124.343
OEL,UUOR,Oryol Yuzhny Airport,Orel,RU,52.9347,36.0022
OEM,SMPA,Vincent Fayks Airport,Paloemeu,SR,3.34528,-55.4425
OEO,KOEO,L O Simenstad Municipal Airport,Osceola,US,45.309388,-92.689909
OER,ESNO,Ornskoldsvik Airport,Ornskoldsvik,SE,63.4083,18.99
OES,SAVN,Antoine De St Exupery Airport,San Antonio Oeste,AR,-40.7512,-65.0343
OFF,KOFF,Offutt Afb Airport,Omaha,US,41.119329,-95.908517
OFI,DIOF,Ouango Fitini Airport,Ouango Fitini,CI,9.6,-4.05
OFJ,BIOF,Ólafsfjörður Airport,Ólafsfjörður,IS,66.0833,-18.6667
OFK,KOFK,Norfolk Regional/Karl Stefan Memorial Field,Norfolk,US,41.98546,-97.435114
OGA,KOGA,Searle Field,Ogallala,US,41.119472,-101.769699
OGB,KOGB,Orangeburg Municipal Airport,Orangeburg,US,33.456918,-80.859407
OGD,KOGD,Ogden-Hinckley Airport,Ogden,US,41.19507,-112.012195
OGE,AYOG,Ogeranang Airport,,PG,-6.46675,147.36417
OGG,PHOG,Kahului Airport,Kahului,US,20.898649,-156.430459
OGL,SYGO,Ogle Airport,Ogle,GY,6.80628,-58.1059
OGN,ROYN,Yonaguni Airport,,JP,24.4669,122.978
OGO,DIAU,Abengourou Airport,Abengourou,CI,6.71556,-3.47028
OGR,FTTB,Bongor Airport,Bongor,TD,10.2881,15.3811
OGS,KOGS,Ogdensburg International Airport,Ogdensburg,US,44.68225,-75.46325
OGU,LTCB,Ordu–Giresun Airport,Ordu,TR,40.96667,38.08
OGX,DAUU,Ain el Beida Airport,Ouargla,DZ,31.9172,5.41278
OGZ,URMO,Beslan Airport,Beslan,RU,43.2051,44.6066
OHA,NZOH,RNZAF Base Ohakea,,NZ,-40.206,175.388
OHB,FMFE,Moramanga Aerodrome,Moramanga,MG,-18.9175,48.21819
OHD,LWOH,Ohrid St. Paul the Apostle Airport,Ohrid,MK,41.18,20.7423
OHE,ZYMH,Gu-Lian Airport,Mohe,CN,52.91278,122.43
OHH,UHSH,Okha Airport,Okha,RU,53.52,142.89
OHO,UHOO,Okhotsk Airport,Okhotsk,RU,59.41006,143.0565
OHR,EDXY,Wyk auf Fohr Airport,Wyk auf Fohr,DE,54.68444,8.52833
OHS,OOSH,Sohar Airport,Sohar,OM,24.46417,56.62833
OHT,OPKT,Kohat Airport,Kohat,PK,33.57,71.44
OIA,SDOW,Ourilandia do Norte Airport,Ourilandia Do Norte,BR,-6.7631,-51.0499
OIC,KOIC,Lt Warren Eaton Airport,Norwich,US,42.566559,-75.524112
OIM,RJTO,Oshima Airport,Izu Oshima,JP,34.782,139.36
OIR,RJEO,Okushiri Airport,,JP,42.0717,139.433
OIT,RJFO,Oita Airport,Oita,JP,33.4794,131.737
OJC,KOJC,Johnson County Executive Airport,Olathe,US,38.847598,-94.737584
OKA,ROAH,Naha Airport,Naha,JP,26.1958,127.646
OKC,KOKC,Okc Will Rogers International Airport,Oklahoma City,US,35.393073,-97.600766
OKD,RJCO,Okadama Airport,Sapporo,JP,43.1161,141.38
OKE,RJKB,Okierabu Airport,,JP,27.4255,128.701
OKF,FYOO,Okaukuejo Airport,Okaukuejo,NA,-19.1492,15.9119
OKH,EGXJ,RAF Cottesmore,Cottesmore,GB,52.7357,-0.64877
OKI,RJNO,Oki Airport,Okinoshima,JP,36.1811,133.325
OKJ,RJOB,Okayama Airport,Okayama City,JP,34.7569,133.855
OKK,KOKK,Kokomo Municipal Airport,Kokomo,US,40.527656,-86.059737
OKL,WAJO,Oksibil Airport,Oksibil-Papua Island,ID,-5.09106,140.61
OKM,KOKM,Okmulgee Regional/Paul And Betty Abbott Field,Okmulgee,US,35.668111,-95.948528
OKN,FOGQ,Okondja Airport,Okondja,GA,-0.66521,13.6731
OKO,RJTY,Yokota Air Base,Fussa,JP,35.7485,139.34801
OKQ,WAKO,Okaba Airport,Okaba-Papua Island,ID,-8.08822,139.71899
OKR,YYKI,Yorke Island Airport,Yorke Island,AU,-9.75703,143.411
OKS,KOKS,Garden County/King Rhiley Field,Oshkosh,US,41.401911,-102.356352
OKT,UWUK,Oktyabrskiy Airport,Kzyl-Yar,RU,54.44,53.3883
OKU,FYMO,Mokuti Lodge Airport,Mokuti Lodge,NA,-18.8128,17.0594
OKY,YBOK,Oakey Airport,,AU,-27.4114,151.735
OLA,ENOL,Ørland Airport,Ørland,NO,63.6989,9.604
OLB,LIEO,Olbia / Costa Smeralda Airport,Olbia,IT,40.8987,9.51763
OLC,SDCG,Senadora Eunice Micheles Airport,Sao Paulo De Olivenca,BR,-3.46793,-68.92041
OLD,KOLD,Dewitt Field/Old Town Municipal Airport,Old Town,US,44.952335,-68.674496
OLE,KOLE,Cattaraugus County-Olean Airport,Olean,US,42.241194,-78.371361
OLF,KOLF,L M Clayton Airport,Wolf Point,US,48.0945,-105.575056
OLH,K6R7,Old Harbor Airport,Old Harbor,US,57.218306,-153.269832
OLI,BIRF,Rif Airport,Rif,IS,64.9114,-23.8231
OLJ,NVSZ,North West Santo Airport,Olpoi,VU,-14.8817,166.558
OLK,SGOL,Fuerte Olimpo Airport,Fuerte Olimpo,PY,-21.0452,-57.8825
OLM,KOLM,Olympia Regional Airport,Olympia,US,46.969404,-122.902545
OLN,SAVM,Lago Musters Airport,Sarmiento,AR,-45.57778,-69.07278
OLO,LKOL,Olomouc Glider Airport,Olomouc,CZ,49.5878,17.2108
OLP,YOLD,Olympic Dam Airport,Olympic Dam,AU,-30.485,136.877
OLS,KOLS,Nogales International Airport,Nogales,US,31.417722,-110.847889
OLU,KOLU,Columbus Municipal Airport,Columbus,US,41.448722,-97.340944
OLV,KOLV,Olive Branch/Taylor Field,Olive Branch,US,34.97875,-89.786861
OLY,KOLY,Olney-Noble Airport,Olney-Noble,US,38.721827,-88.176433
OLZ,UEMO,Olyokminsk Airport,Olyokminsk,RU,60.3975,120.471
OMA,KOMA,Eppley Airfield,Omaha,US,41.303167,-95.894056
OMB,FOOH,Omboue Hopital Airport,Omboue,GA,-1.57473,9.26269
OMC,RPVO,Ormoc Airport,Ormoc City,PH,11.058,124.565
OMD,FYOG,Oranjemund Airport,Oranjemund,NA,-28.5847,16.4467
OME,PAOM,Nome Airport,Nome,US,64.512555,-165.444394
OMF,OJMF,King Hussein Air College,Mafraq,JO,32.3564,36.2592
OMG,FYOE,Omega Airport,Omega,NA,-18.0303,22.1897
OMH,OITR,Urmia Airport,Urmia,IR,37.6681,45.0687
OMI,OIAJ,Omidiyeh Airport,Omidiyeh,IR,30.8352,49.5349
OMK,KOMK,Omak Airport,Omak,US,48.464412,-119.518051
OMM,OOMX,Marmul Airport,Marmul,OM,18.136,55.1821
OMN,UZTZ,Zomin Airport,Lyaylyakul,UZ,40.015128,68.409758
OMO,LQMO,Mostar International Airport,Mostar,BA,43.2829,17.8459
OMR,LROD,Oradea International Airport,Oradea,RO,47.0253,21.9025
OMS,UNOO,Omsk Central Airport,Omsk,RU,54.967,73.3105
ONA,KONA,Winona Municipal/Max Conrad Field,Winona,US,44.07961,-91.71163
OND,FYOA,Ondangwa Airport,Ondangwa,NA,-17.8782,15.9526
ONG,YMTI,Mornington Island Airport,,AU,-16.6625,139.17799
ONH,KN66,Albert S Nader Regional Airport,Oneonta,US,42.524778,-75.064472
ONI,WABD,Moanamani Airport,Moanamani-Papua Island,ID,-3.9834,136.0833
ONJ,RJSR,Odate Noshiro Airport,Odate,JP,40.1919,140.371
ONK,UERO,Olenyok Airport,Olenyok,RU,68.515,112.48
ONL,KONL,The O'Neill Municipal-John L Baker Field,O'Neill,US,42.469361,-98.687778
ONM,KONM,Socorro Municipal Airport,Socorro,US,34.022472,-106.903139
ONO,KONO,Ontario Municipal Airport,Ontario,US,44.019361,-117.013028
ONP,KONP,Newport Municipal Airport,Newport,US,44.580361,-124.057917
ONQ,LTAS,Zonguldak Airport,Zonguldak,TR,41.5064,32.0886
ONR,YMNK,Monkira Airport,,AU,-24.8167,140.533
ONS,YOLW,Onslow Airport,,AU,-21.6683,115.113
ONT,KONT,Ontario International Airport,Ontario,US,34.056014,-117.601187
ONU,NFOL,Ono-I-Lau Airport,Ono-I-Lau,FJ,-20.65,-178.7
ONX,MPEJ,Enrique Adolfo Jimenez Airport,Colon,PA,9.35664,-79.8674
ONY,KONY,Olney Municipal Airport,Olney,US,33.350889,-98.819167
OOA,KOOA,Oskaloosa Municipal Airport,Oskaloosa,US,41.226111,-92.493833
OOK,PAOO,Toksook Bay Airport,Toksook Bay,US,60.541336,-165.087184
OOL,YBCG,Gold Coast Airport,Gold Coast,AU,-28.1644,153.505
OOM,YCOM,Cooma Snowy Mountains Airport,Cooma,AU,-36.3006,148.974
OOR,YMOO,Mooraberree Airport,,AU,-25.25,140.983
OOT,NGON,Onotoa Airport,Onotoa,KI,-1.79611,175.526
OPA,BIKP,Kópasker Airport,Kópasker,IS,66.3108,-16.4667
OPF,KOPF,Miami-Opa Locka Executive Airport,Miami,US,25.907417,-80.278222
OPI,YOEN,Oenpelli Airport,,AU,-12.325,133.006
OPL,KOPL,St Landry Parish Airport,Opelousas,US,30.5584,-92.099376
OPO,LPPR,Francisco de Sá Carneiro Airport,Porto,PT,41.2481,-8.68139
OPP,SNSM,Salinopolis Airport,Salinopolis,BR,-0.69566,-47.3347
OPS,SWSI,Presidente Joao Batista Figueiredo Airport,Sinop,BR,-11.885,-55.58611
OPU,AYBM,Balimo Airport,Balimo,PG,-8.05,142.933
OQN,UZKK,Kokand Airport,Kokand,UZ,40.5398,70.9748
ORA,SASO,Oran Airport,Oran,AR,-23.1528,-64.3292
ORB,ESOE,Orebro Airport,Orebro,SE,59.2237,15.038
ORC,SKOE,Orocue Airport,Orocue,CO,4.79222,-71.3564
ORD,KORD,Chicago O'Hare International Airport,Chicago,US,41.97694,-87.90815
ORE,LFOZ,Orleans-Saint-Denis-de-l'Hotel Airport,Orleans/Saint-Denis-de-l'Hotel,FR,47.8969,2.16333
ORF,KORF,Norfolk International Airport,Norfolk,US,36.895631,-76.198865
ORG,SMZO,Zorg en Hoop Airport,Paramaribo,SR,5.81108,-55.1907
ORH,KORH,Worcester Regional Airport,Worcester,US,42.267139,-71.875611
ORI,PORI,Port Lions Airport,Port Lions,US,57.884925,-152.847572
ORJ,SYOR,Orinduik Airport,Orinduik,GY,4.72527,-60.035
ORK,EICK,Cork Airport,Cork,IE,51.8413,-8.49111
ORL,KORL,Orlando Executive Airport,Orlando,US,28.545462,-81.332931
ORM,EGBK,Sywell Aerodrome,Northampton,GB,52.3053,-0.79306
ORN,DAOO,Es Senia Airport,Oran,DZ,35.6239,-0.62118
ORP,FBOR,Orapa Airport,,BW,-21.2667,25.3167
ORR,YYOR,Yorketown Airport,,AU,-35.0,137.617
ORT,PAOR,Northway Airport,Northway,US,62.961167,-141.928083
ORU,SLOR,Juan Mendoza Airport,Oruro,BO,-17.9626,-67.0762
ORV,PFNO,Robert/Bob/Curtis Memorial Airport,Noorvik,US,66.817528,-161.02225
ORW,OPOR,Ormara Airport,Ormara Raik,PK,25.2747,64.586
ORX,SNOX,Oriximina Airport,Oriximina,BR,-1.71408,-55.8362
ORY,LFPO,Paris-Orly Airport,Paris,FR,48.7253,2.35944
OSB,ORBM,Mosul International Airport,Mosul,IQ,36.3058,43.1474
OSC,KOSC,Oscoda/Wurtsmith Airport,Oscoda,US,44.451524,-83.394165
OSD,ESNZ,Ostersund Airport,Ostersund,SE,63.1944,14.5003
OSE,AYOM,Omora Airport,Omora,PG,-7.82778,147.08064
OSF,UUMO,Ostafyevo International Airport,Moscow,RU,55.5117,37.5072
OSH,KOSH,Wittman Regional Airport,Oshkosh,US,43.984371,-88.557042
OSI,LDOS,Osijek Airport,Osijek,HR,45.4627,18.8102
OSK,ESMO,Oskarshamn Airport,,SE,57.3505,16.498
OSL,ENGM,Oslo Gardermoen Airport,Oslo,NO,60.1939,11.1004
OSN,RKSO,Osan Air Base,,KR,37.0906,127.03
OSO,YOSB,Osborne Mine Airport,,AU,-22.0817,140.55499
OSR,LKMT,Ostrava Leos Janacek Airport,Ostrava,CZ,49.6963,18.1111
OSS,UCFO,Osh Airport,Osh,KG,40.609,72.7933
OST,EBOS,Ostend-Bruges International Airport,Ostend,BE,51.1156,2.5144
OSU,KOSU,Ohio State University Airport,Columbus,US,40.079516,-83.073213
OSW,UWOR,Orsk Airport,Orsk,RU,51.0725,58.5956
OSX,KOSX,Kosciusko-Attala County Airport,Kosciusko,US,33.09025,-89.542028
OSY,ENNM,Namsos Hoknesora Airport,Namsos,NO,64.4722,11.5786
OTC,FTTL,Bol Airport,Bol,TD,13.4433,14.7394
OTG,KOTG,Worthington Municipal Airport,Worthington,US,43.655056,-95.579194
OTH,KOTH,Southwest Oregon Regional Airport,North Bend,US,43.416944,-124.247028
OTI,WAMR,Pitu Airport,Gotalalamo-Morotai Island,ID,2.04599,128.325
OTJ,FYOW,Otjiwarongo Airport,Otjiwarongo,NA,-20.4347,16.6608
OTK,KTMK,Tillamook Airport,Tillamook,US,45.41825,-123.814389
OTL,GQNB,Boutilimit Airport,Boutilimit,MR,17.533,-14.683
OTM,KOTM,Ottumwa Regional Airport,Ottumwa,US,41.107222,-92.447167
OTN,KI20,Ed-Air Airport,Oaktown,US,38.849786,-87.499776
OTP,LROP,Henri Coanda International Airport,Bucharest,RO,44.5722,26.1022
OTR,MRCC,Coto 47 Airport,Corredores,CR,8.60156,-82.9686
OTS,K74S,Anacortes Airport,Anacortes,US,48.498507,-122.662468
OTU,SKOT,Otu Airport,El Rhin,CO,7.01037,-74.7155
OTZ,PAOT,Ralph Wien Memorial Airport,Kotzebue,US,66.884806,-162.598139
OUA,DFFD,Ouagadougou Airport,Ouagadougou,BF,12.3532,-1.51242
OUD,GMFO,Angads Airport,Oujda,MA,34.7872,-1.92399
OUE,FCOU,Ouesso Airport,,CG,1.61599,16.0379
OUG,DFCC,Ouahigouya Airport,Ouahigouya,BF,13.567,-2.417
OUH,FAOH,Oudtshoorn Airport,Oudtshoorn,ZA,-33.607,22.189
OUI,VLHS,Ban Huoeisay Airport,,LA,20.2573,100.437
OUK,_OUK,Out Skerries Airstrip,Shetland,GB,60.42558,-0.7466
OUL,EFOU,Oulu Airport,Oulu / Oulunsalo,FI,64.9301,25.3546
OUN,KOUN,University Of Oklahoma Westheimer Airport,Norman,US,35.245556,-97.472139
OUR,FKKI,Batouri Airport,Batouri,CM,4.475,14.3625
OUS,SDOU,Ourinhos Airport,Ourinhos,BR,-22.9665,-49.9133
OUT,FTTS,Bousso Airport,Bousso,TD,10.483,16.717
OUZ,GQPZ,Tazadit Airport,Zouerate,MR,22.7564,-12.4836
OVA,FMSL,Bekily Airport,Bekily,MG,-24.23569,45.30453
OVB,UNNT,Tolmachevo Airport,Novosibirsk,RU,55.0126,82.6507
OVD,LEAS,Asturias Airport,Ranon,ES,43.5636,-6.03462
OVE,KOVE,Oroville Municipal Airport,Oroville,US,39.487819,-121.621988
OVG,FAOB,Overberg Airport,Overberg,ZA,-34.5549,20.2507
OVL,SCOV,El Tuqui Airport,Ovalle,CL,-30.5592,-71.1756
OVR,SAZF,Olavarria Airport,Olavarria,AR,-36.89,-60.2166
OVS,USHS,Sovetskiy Airport,Sovetskiy,RU,61.32662,63.60191
OWA,KOWA,Owatonna Degner Regional Airport,Owatonna,US,44.122952,-93.258826
OWB,KOWB,Owensboro/Daviess County Regional Airport,Owensboro,US,37.738834,-87.166829
OWD,KOWD,Norwood Memorial Airport,Norwood,US,42.19052,-71.172931
OWK,KOWK,Central Maine/Norridgewock Airport,Norridgewock,US,44.7155,-69.866472
OXB,GGOV,Osvaldo Vieira International Airport,Bissau,GW,11.8948,-15.6537
OXC,KOXC,Waterbury-Oxford Airport,Oxford,US,41.478281,-73.135182
OXD,KOXD,Miami University Airport,Oxford,US,39.50226,-84.784381
OXF,EGTK,Oxford (Kidlington) Airport,Kidlington,GB,51.8369,-1.32
OXP,SOOG,Saint-Georges-de-l'Oyapock Airport,Saint-Georges-de-l'Oyapock Airport,GF,3.8976,-51.8041
OXR,KOXR,Oxnard Airport,Oxnard,US,34.200807,-119.207226
OXY,YMNY,Morney Airport,,AU,-25.3583,141.433
OYA,SATG,Goya Airport,Goya,AR,-29.1058,-59.2189
OYE,FOGO,Oyem Airport,Oyem,GA,1.54311,11.5814
OYK,SBOI,Oiapoque Airport,Oiapoque,BR,3.85549,-51.7969
OYL,HKMY,Moyale Airport,Moyale (Lower),KE,3.46972,39.1014
OYN,YOUY,Ouyen Airport,,AU,-35.08901,142.35449
OYO,SAZH,Tres Arroyos Airport,Tres Arroyos,AR,-38.3869,-60.3297
OZA,KOZA,Ozona Municipal Airport,Ozona,US,30.735194,-101.202194
OZC,RPMO,Labo Airport,Ozamiz City,PH,8.17851,123.842
OZG,GMAZ,Zagora Airport,Zagora,MA,30.3203,-5.86667
OZH,UKDE,Zaporizhzhia International Airport,Zaporizhzhia,UA,47.867,35.3157
OZP,LEMO,Moron Air Base,Moron,ES,37.1749,-5.61594
OZR,KOZR,Cairns Army Air Field (Fort Rucker) Airport,Fort Rucker,US,31.275777,-85.713351
OZZ,GMMZ,Ouarzazate Airport,Ouarzazate,MA,30.9391,-6.90943
PAB,VABI,Bilaspur Airport,,IN,21.9884,82.111
PAC,MPMG,Marcos A. Gelabert International Airport,Albrook,PA,8.97334,-79.5556
PAD,EDLP,Paderborn Lippstadt Airport,Paderborn,DE,51.6141,8.61632
PAE,KPAE,Seattle Paine Field International Airport,Everett,US,47.905055,-122.281351
PAF,HUPA,Pakuba Airport,,UG,2.20222,31.55444
PAG,RPMP,Pagadian Airport,Pagadian City,PH,7.83073,123.46118
PAH,KPAH,Barkley Regional Airport,Paducah,US,37.060288,-88.772959
PAJ,OPPC,Parachinar Airport,Parachinar,PK,33.9021,70.0716
PAK,PHPA,Port Allen Airport,Hanapepe,US,21.896944,-159.603167
PAM,KPAM,Tyndall Afb Airport,Panama City,US,30.06905,-85.574988
PAN,VTSK,Pattani Airport,,TH,6.78546,101.154
PAO,KPAO,Palo Alto Airport,Palo Alto,US,37.461121,-122.115047
PAP,MTPP,Toussaint Louverture International Airport,Port-au-Prince,HT,18.58,-72.2925
PAQ,PAAQ,"Warren ""Bud"" Woods Palmer Municipal Airport",Palmer,US,61.594917,-149.088722
PAS,LGPA,Paros Airport,Paros Island,GR,37.0103,25.1281
PAT,VEPT,Lok Nayak Jayaprakash Airport,Patna,IN,25.5913,85.088
PAU,VYPK,Pauk Airport,Pauk,MM,21.4492,94.4869
PAV,SBUF,Paulo Afonso Airport,Paulo Afonso,BR,-9.40088,-38.2506
PAY,WBKP,Pamol Airport,Pamol,MY,5.9993,117.39992
PAZ,MMPA,El Tajin National Airport,Poza Rica,MX,20.6027,-97.4608
PBA,SDLO,Fazenda Pontal Airport,Cairu,BR,-13.5648,-38.94
PBB,SSPN,Paranaiba Airport,Paranaiba,BR,-19.6512,-51.1994
PBC,MMPB,Hermanos Serdan International Airport,Puebla,MX,19.1581,-98.3714
PBD,VAPR,Porbandar Airport,Porbandar,IN,21.6487,69.6572
PBE,SKPR,Puerto Berrio Airport,Puerto Berrio,CO,6.46034,-74.4105
PBF,KPBF,Pinebluff Regional/Grider Field,Pine Bluff,US,34.174513,-91.935604
PBG,KPBG,Plattsburgh International Airport,Plattsburgh,US,44.650944,-73.468139
PBH,VQPR,Paro Airport,Paro,BT,27.4032,89.4246
PBI,KDJT,President Donald J Trump International Airport,West Palm Beach,US,26.683162,-80.095592
PBJ,NVSI,Tavie Airport,Paama Island,VU,-16.439,168.257
PBL,SVPC,General Bartolome Salom International Airport,,VE,10.4805,-68.073
PBM,SMJP,Johan Adolf Pengel International Airport,Zandery,SR,5.45283,-55.1878
PBN,FNPA,Porto Amboim Airport,Port Amboim,AO,-10.722,13.7655
PBO,YPBO,Paraburdoo Airport,Paraburdoo,AU,-23.1711,117.745
PBP,MRIA,Islita Airport,Nandayure,CR,9.85611,-85.3708
PBQ,SWPM,Pimenta Bueno Airport,Pimenta Bueno,BR,-11.6416,-61.1791
PBR,MGPB,Puerto Barrios Airport,Puerto Barrios,GT,15.7309,-88.5838
PBU,VYPT,Putao Airport,Putao,MM,27.3299,97.4263
PBV,SWPG,Porto dos Gauchos Airport,Porto Dos Gauchos,BR,-11.51694,-57.33389
PBX,SWPQ,Fazenda Piraguassu Airport,Porto Alegre Do Norte,BR,-10.86111,-51.685
PCA,PAOC,Portage Creek Airport,Portage Creek,US,58.906525,-157.711167
PCB,WIHP,Pondok Cabe Air Base,Jakarta,ID,-6.33696,106.765
PCD,KPDC,Prairie Du Chien Municipal Airport,Prairie Du Chien,US,43.019285,-91.123733
PCF,FAPS,Potchefstroom Airport,Potchefstroom,ZA,-26.671,27.0819
PCG,MGPC,Paso Caballos Airport,Paso Caballos,GT,17.2639,-90.2563
PCH,MHPC,Palacios Airport,Palacios,HN,15.955,-84.94139
PCL,SPCL,Cap FAP David Abenzur Rengifo International Airport,Pucallpa,PE,-8.37794,-74.5743
PCN,NZPN,Picton Aerodrome,Picton,NZ,-41.3461,173.95599
PCO,MMPL,Punta Colorada Airport,La Ribera,MX,23.57501,-109.53583
PCP,FPPR,Principe Airport,,ST,1.66294,7.41174
PCQ,VLFL,Boun Neau Airport,Boun Neau,LA,21.6475,101.9
PCR,SKPC,German Olano Airport,Puerto Carreno,CO,6.18472,-67.4932
PCS,SNPC,Picos Airport,Picos,BR,-7.06206,-41.5237
PCT,K39N,Princeton Airport,Princeton/Rocky Hill,US,40.399089,-74.659006
PCU,KM13,Poplarville/Pearl River County Airport,Poplarville,US,30.786576,-89.504537
PDA,SKPD,Obando Airport,Puerto Inirida,CO,3.85353,-67.9062
PDB,K4K0,Pedro Bay Airport,Pedro Bay,US,59.796944,-154.129972
PDC,NWWQ,Mueo Airport,Mueo,NC,-21.3164,164.99899
PDD,FQPO,Ponta do Ouro Airport,Ponta do Ouro,MZ,-26.82855,32.83771
PDE,YPDI,Pandie Pandie Airport,,AU,-26.1167,139.39999
PDF,SNRD,Prado Airport,Prado,BR,-17.2967,-39.2712
PDG,WIEE,Minangkabau Airport,"Ketaping/Padang, Sumatra Island",ID,-0.78692,100.281
PDI,AYPD,Pindiu Airport,Pindiu,PG,-6.44514,147.51583
PDK,KPDK,Dekalb-Peachtree Airport,Atlanta,US,33.876002,-84.302031
PDL,LPPD,João Paulo II Airport,Ponta Delgada,PT,37.7412,-25.6979
PDN,YPDA,Parndana Airport,Parndana,AU,-35.807,137.264
PDO,WIPQ,Pendopo Airport,"Talang Gudang, Sumatra Island",ID,-3.28607,103.88
PDP,SULS,Capitan Corbeta CA Curbelo International Airport,Punta del Este,UY,-34.8551,-55.0943
PDS,MMPG,Piedras Negras International Airport,,MX,28.6274,-100.535
PDT,KPDT,Eastern Oregon Regional At Pendleton Airport,Pendleton,US,45.695096,-118.843369
PDU,SUPU,Tydeo Larre Borges Airport,Paysandu,UY,-32.3633,-58.0619
PDV,LBPD,Plovdiv International Airport,Plovdiv,BG,42.0678,24.8508
PDX,KPDX,Portland International Airport,Portland,US,45.588709,-122.596869
PDZ,SVPE,Pedernales Airport,,VE,9.97924,-62.2286
PEA,YPSH,Penneshaw Airport,Ironstone,AU,-35.75585,137.96288
PED,LKPD,Pardubice Airport,Pardubice,CZ,50.0134,15.7386
PEE,USPP,Bolshoye Savino Airport,Perm,RU,57.9145,56.0212
PEF,EDCP,Peenemunde Airport,Peenemunde,DE,54.15778,13.77444
PEG,LIRZ,Perugia / San Egidio Airport,Perugia,IT,43.0959,12.5132
PEH,SAZP,Comodoro Pedro Zanni Airport,Pehuajo,AR,-35.8446,-61.8576
PEI,SKPE,Matecana International Airport,Pereira,CO,4.81267,-75.7395
PEK,ZBAA,Beijing Capital International Airport,Beijing,CN,40.0801,116.585
PEL,FXPG,Pelaneng Airport,Pelaneng,LS,-29.1206,28.5053
PEM,SPTU,Padre Aldamiz International Airport,Puerto Maldonado,PE,-12.6136,-69.2286
PEN,WMKP,Penang International Airport,Penang,MY,5.29714,100.277
PEQ,KPEQ,Pecos Municipal Airport,Pecos,US,31.382389,-103.510722
PER,YPPH,Perth International Airport,Perth,AU,-31.9403,115.967
PES,ULPB,Petrozavodsk Airport,Petrozavodsk,RU,61.8852,34.1547
PET,SBPK,Pelotas Airport,Pelotas,BR,-31.7184,-52.3277
PEU,MHPL,Puerto Lempira Airport,Puerto Lempira,HN,15.2622,-83.7812
PEV,LHPP,Pecs-Pogany Airport,Pecs-Pogany,HU,45.9909,18.241
PEW,OPPS,Peshawar International Airport,Peshawar,PK,33.9939,71.5146
PEX,UUYP,Pechora Airport,Pechora,RU,65.1211,57.1308
PEZ,UWPP,Penza Airport,Penza,RU,53.1106,45.0211
PFB,SBPF,Lauro Kurtz Airport,Passo Fundo,BR,-28.244,-52.3266
PFC,KPFC,Pacific City State Airport,Pacific City,US,45.199361,-123.961894
PFO,LCPH,Paphos International Airport,Paphos,CY,34.718,32.4857
PFQ,OITP,Parsabade Moghan Airport,Parsabad,IR,39.6036,47.8815
PFR,FZVS,Ilebo Airport,Ilebo,CD,-4.333,20.583
PGA,KPGA,Page Municipal Airport,Page,US,36.926069,-111.448351
PGC,K1V2,Grant County Airport,Hyannis,US,42.009994,-101.770064
PGD,KPGD,Punta Gorda Airport,Punta Gorda,US,26.918592,-81.990886
PGF,LFMP,Perpignan-Rivesaltes (Llabanere) Airport,Perpignan/Rivesaltes,FR,42.7404,2.87067
PGH,VIPT,Pantnagar Airport,Pantnagar,IN,29.0334,79.4737
PGI,FNCH,Chitato Airport,Chitato,AO,-7.35889,20.8047
PGK,WIPK,Pangkal Pinang (Depati Amir) Airport,"Pangkal Pinang, Palaubangka Island",ID,-2.1622,106.139
PGL,KPQL,Trent Lott International Airport,Pascagoula,US,30.462772,-88.529229
PGM,KPGM,Port Graham Airport,Port Graham,US,59.348475,-151.830322
PGO,KPSO,Stevens Field,Pagosa Springs,US,37.286249,-107.056009
PGR,KPGR,Kirk Field,Paragould,US,36.063806,-90.509194
PGS,KL37,Grand Canyon Caverns Airport,Peach Springs,US,35.527235,-113.247503
PGU,OIBP,Persian Gulf International Airport,Asaluyeh,IR,27.37944,52.7375
PGV,KPGV,Pitt-Greenville Airport,Greenville,US,35.635694,-77.384083
PGX,LFBX,Perigueux-Bassillac Airport,Perigueux/Bassillac,FR,45.1981,0.81556
PGZ,SSZW,Ponta Grossa Airport,Ponta Grossa,BR,-25.1847,-50.1441
PHA,VVPR,Phan Rang Airport,Phan Rang,VN,11.6335,108.952
PHB,SBPB,Prefeito Doutor Joao Silva Filho Airport,Parnaiba,BR,-2.89375,-41.732
PHC,DNPO,Port Harcourt International Airport,Port Harcourt,NG,5.01549,6.94959
PHD,KPHD,Harry Clever Field,New Philadelphia,US,40.470167,-81.419944
PHE,YPPD,Port Hedland International Airport,Port Hedland,AU,-20.3778,118.626
PHF,KPHF,Newport News/Williamsburg International Airport,Newport News,US,37.131889,-76.492972
PHH,VVPT,Phan Thiet Airport,Phan Thiet,VN,10.9064,108.069
PHI,SNYE,Pinheiro Airport,Pinheiro,BR,-2.48361,-45.06722
PHK,KPHK,Palm Beach County Glades Airport,Pahokee,US,26.785028,-80.693361
PHL,KPHL,Philadelphia International Airport,Philadelphia,US,39.872084,-75.240663
PHN,KPHN,St Clair County International Airport,Port Huron,US,42.910959,-82.52885
PHO,PAPO,Point Hope Airport,Point Hope,US,68.348129,-166.799129
PHP,KPHP,Philip Airport,Philip,US,44.048731,-101.59884
PHQ,YTMO,The Monument Airport,,AU,-21.8111,139.924
PHS,VTPP,Phitsanulok Airport,,TH,16.7829,100.279
PHT,KPHT,Henry County Airport,Paris,US,36.335948,-88.384443
PHW,FAPH,Hendrik Van Eck Airport,Phalaborwa,ZA,-23.9372,31.1554
PHX,KPHX,Phoenix Sky Harbor International Airport,Phoenix,US,33.434278,-112.011583
PHY,VTPB,Phetchabun Airport,,TH,16.676,101.195
PIA,KPIA,General Downing - Peoria International Airport,Peoria,US,40.664194,-89.69325
PIB,KPIB,Hattiesburg/Laurel Regional Airport,Hattiesburg-Laurel,US,31.467146,-89.337058
PIC,MBPI,Pine Cay Airport,Pine Cay,TC,21.9,-72.1
PID,MYPI,Nassau Paradise Island Airport,Nassau,BS,25.083,-77.3
PIE,KPIE,St Pete-Clearwater International Airport,St Petersburg-Clearwater,US,27.908634,-82.68651
PIF,RCSQ,Pingtung North Airport,Pingtung,TW,22.7002,120.482
PIH,KPIH,Pocatello Regional Airport,Pocatello,US,42.909793,-112.595919
PIK,EGPK,Glasgow Prestwick Airport,Glasgow,GB,55.5094,-4.58667
PIL,SGPI,Carlos Miguel Gimenez Airport,Pilar,PY,-26.88,-58.32
PIM,KPIM,Harris County Airport,Pine Mountain,US,32.840694,-84.882444
PIN,SWPI,Parintins Airport,Parintins,BR,-2.67302,-56.7772
PIO,SPSO,Capitan FAP Renan Elias Olivera International Airport,Pisco,PE,-13.7449,-76.2203
PIP,PAPN,Pilot Point Airport,Pilot Point,US,57.580381,-157.571957
PIR,KPIR,Pierre Regional Airport,Pierre,US,44.382687,-100.285975
PIS,LFBI,Poitiers-Biard Airport,Poitiers/Biard,FR,46.5877,0.30667
PIT,KPIT,Pittsburgh International Airport,Pittsburgh,US,40.491417,-80.232694
PIU,SPUR,Capitan FAP Guillermo Concha Iberico International Airport,Piura,PE,-5.20575,-80.6164
PIV,SNPX,Pirapora Airport,Pirapora,BR,-17.3169,-44.8603
PIW,CZMN,Pikwitonei Airport,Pikwitonei,CA,55.5889,-97.1642
PIX,LPPI,Pico Airport,Pico Island,PT,38.5543,-28.4413
PIZ,PPIZ,Point Lay Lrrs Airport,Point Lay,US,69.732889,-163.005333
PJA,ESUP,Pajala Airport,,SE,67.2456,23.0689
PJB,KPAN,Payson Airport,Payson,US,34.256836,-111.339256
PJC,SGPJ,Dr Augusto Roberto Fuster International Airport,Pedro Juan Caballero,PY,-22.64,-55.83
PJG,OPPG,Panjgur Airport,Panjgur,PK,26.9545,64.1325
PJM,MRPJ,Puerto Jimenez Airport,Puerto Jimenez,CR,8.53333,-83.3
PKA,PAPK,Napaskiak Airport,Napaskiak,US,60.702912,-161.778308
PKB,KPKB,Mid-Ohio Valley Regional Airport,Parkersburg,US,39.344962,-81.439293
PKC,UHPP,Yelizovo Airport,Petropavlovsk-Kamchatsky,RU,53.1679,158.45399
PKD,KPKD,Park Rapids Municipal/Konshok Field,Park Rapids,US,46.901204,-95.073106
PKE,YPKS,Parkes Airport,Parkes,AU,-33.1314,148.239
PKF,KPKF,Park Falls Municipal Airport,Park Falls,US,45.955091,-90.424434
PKG,WMPA,Pulau Pangkor Airport,Pangkor Island,MY,4.24472,100.553
PKH,LGHL,Porto Cheli Airport,Porto Cheli,GR,37.2975,23.1478
PKJ,MGPG,Playa Grande Airport,Playa Grande,GT,15.9975,-90.7417
PKK,VYPU,Pakhokku Airport,Pakhokku,MM,21.4043,95.11125
PKN,WAOI,Iskandar Airport,"Pangkalanbun, Borneo Island",ID,-2.7052,111.673
PKO,DBBP,Parakou Airport,Parakou,BJ,9.35769,2.60968
PKP,NTGP,Puka Puka Airport,,PF,-14.8095,-138.813
PKR,VNPK,Pokhara Airport,Pokhara,NP,28.2009,83.9821
PKT,YPKT,Port Keats Airport,,AU,-14.25,129.52901
PKU,WIBB,Sultan Syarif Kasim Ii (Simpang Tiga) Airport,"Pekanbaru, Sumatra Island",ID,0.46079,101.445
PKV,ULOO,Pskov Airport,Pskov,RU,57.7839,28.3956
PKW,FBSP,Selebi Phikwe Airport,,BW,-22.0583,27.8288
PKX,ZBAD,Beijing Daxing International Airport,Beijing,CN,39.5,116.4
PKY,WAOP,Tjilik Riwut Airport,Palangkaraya-Kalimantan Tengah,ID,-2.22513,113.943
PKZ,VLPS,Pakse International Airport,Pakse,LA,15.1321,105.781
PLF,FTTP,Pala Airport,Pala,TD,9.37806,14.925
PLJ,MZPL,Placencia Airport,Placencia,BZ,16.53722,-88.36111
PLK,KPLK,M Graham Clark Downtown Airport,Branson,US,36.625928,-93.228923
PLL,SBMN,Ponta Pelada Airport,Manaus,BR,-3.14604,-59.9863
PLM,WIPP,Sultan Mahmud Badaruddin Ii Airport,"Palembang, Sumatra Island",ID,-2.89825,104.7
PLN,KPLN,Pellston Regional/Emmet County Airport,Pellston,US,45.570917,-84.796722
PLO,YPLC,Port Lincoln Airport,Port Lincoln,AU,-34.6053,135.88
PLQ,EYPA,Palanga International Airport,Palanga,LT,55.9732,21.0939
PLR,KPLR,St Clair County Airport,Pell City,US,33.558833,-86.249056
PLS,MBPV,Providenciales Airport,Providenciales Island,TC,21.7736,-72.2659
PLT,SKPL,Plato Airport,Plato,CO,9.8,-74.7833
PLU,SBBH,Pampulha - Carlos Drummond de Andrade Airport,Belo Horizonte,BR,-19.8512,-43.9506
PLV,UKHP,Poltava International Airport,Poltava,UA,49.5686,34.3972
PLW,WAML,Mutiara Airport,Palu-Celebes Island,ID,-0.91854,119.91
PLX,UASS,Semey International Airport,Semey,KZ,50.3513,80.2344
PLY,K1P1,Plymouth Municipal Airport,Plymouth,US,43.778254,-71.75385
PLZ,FAPE,Port Elizabeth Airport,Port Elizabeth,ZA,-33.9849,25.6173
PMA,HTPE,Pemba Airport,Chake,TZ,-5.25726,39.8114
PMB,KPMB,Pembina Municipal Airport,Pembina,US,48.942417,-97.240667
PMC,SCTE,El Tepual Airport,Puerto Montt,CL,-41.4389,-73.094
PMD,KPMD,Palmdale Usaf Plant 42 Airport,Palmdale,US,34.629389,-118.084553
PMF,LIMP,Parma Airport,Parma,IT,44.8245,10.2964
PMG,SBPP,Ponta Pora Airport,Ponta Pora,BR,-22.5496,-55.7026
PMH,KPMH,Greater Portsmouth Regional Airport,Portsmouth,US,38.840472,-82.847309
PMI,LEPA,Palma De Mallorca Airport,Palma De Mallorca,ES,39.5517,2.73881
PMK,YPAM,Palm Island Airport,,AU,-18.7553,146.58099
PML,PAAL,Port Moller Airport,Cold Bay,US,56.005986,-160.560792
PMO,LICJ,Palermo / Punta Raisi Airport,Palermo,IT,38.176,13.091
PMQ,SAWP,Perito Moreno Airport,Perito Moreno,AR,-46.5379,-70.9787
PMR,NZPM,Palmerston North Airport,,NZ,-40.3206,175.617
PMS,OSPR,Palmyra Airport,,SY,34.5574,38.3169
PMV,SVMG,Del Caribe Santiago Marino International Airport,Isla Margarita,VE,10.9126,-63.9666
PMW,SBPJ,Brigadeiro Lysias Rodrigues Airport,Palmas,BR,-10.2915,-48.357
PMY,SAVY,El Tehuelche Airport,Puerto Madryn,AR,-42.7592,-65.1027
PMZ,MRPM,Palmar Sur Airport,Palmar Sur,CR,8.95103,-83.4686
PNA,LEPP,Pamplona Airport,Pamplona,ES,42.77,-1.64633
PNB,SBPN,Porto Nacional Airport,Porto Nacional,BR,-10.7194,-48.3997
PNC,KPNC,Ponca City Regional Airport,Ponca City,US,36.731955,-97.099782
PNE,KPNE,Northeast Philadelphia Airport,Philadelphia,US,40.081938,-75.010578
PNG,SSPG,Paranagua Airport,Paranagua,BR,-25.5401,-48.5312
PNI,PTPN,Pohnpei International Airport,Pohnpei Island,FM,6.985083,158.209806
PNK,WIOO,Supadio Airport,"Pontianak, Borneo Island",ID,-0.15071,109.404
PNL,LICG,Pantelleria Airport,Pantelleria,IT,36.8165,11.9689
PNM,SPNM,Nuevo Mundo Airport,Nuevo Mundo,PE,-11.5415,-73.1422
PNN,KPNN,Princeton Municipal Airport,Princeton,US,45.20066,-67.564399
PNP,AYGR,Girua Airport,Popondetta,PG,-8.80454,148.30901
PNQ,VAPO,Pune Airport,Pune,IN,18.5821,73.9197
PNR,FCPP,Pointe Noire Airport,Pointe Noire,CG,-4.81603,11.8866
PNS,KPNS,Pensacola International Airport,Pensacola,US,30.473417,-87.186611
PNT,SCNT,Tte. Julio Gallardo Airport,Puerto Natales,CL,-51.6715,-72.5284
PNU,KU55,Panguitch Municipal Airport,Panguitch,US,37.845222,-112.391944
PNX,KGYI,North Texas Regional/Perrin Field,Sherman/Denison,US,33.71409,-96.674035
PNY,VOPC,Pondicherry Airport,,IN,11.9687,79.8101
PNZ,SBPL,Senador Nilo Coelho Airport,Petrolina,BR,-9.36241,-40.5691
POA,SBPA,Salgado Filho Airport,Porto Alegre,BR,-29.9944,-51.1714
POB,KPOB,Pope Army Air Field,Fayetteville,US,35.170889,-79.014497
POC,KPOC,Brackett Field,La Verne,US,34.091667,-117.781778
POD,GOSP,Podor Airport,Podor,SN,16.683,-14.967
POE,KPOE,Maks Army Air Field,Fort Polk,US,31.044782,-93.191642
POF,KPOF,Poplar Bluff Regional Business Airport,Poplar Bluff,US,36.773935,-90.324853
POG,FOOG,Port Gentil Airport,Port Gentil,GA,-0.71174,8.75438
POH,KPOH,Pocahontas Municipal Airport,Pocahontas,US,42.742889,-94.647361
POI,SLPO,Capitan Nicolas Rojas Airport,Potosi,BO,-19.5431,-65.7237
POJ,SNPD,Patos de Minas Airport,Patos De Minas,BR,-18.6728,-46.4912
POL,FQPB,Pemba Airport,Pemba / Porto Amelia,MZ,-12.99176,40.52401
POM,AYPY,Port Moresby Jacksons International Airport,Port Moresby,PG,-9.44338,147.22
PON,MGPP,Poptun Airport,Poptun,GT,16.3258,-89.4161
POO,SBPC,Pocos de Caldas Airport,Pocos De Caldas,BR,-21.843,-46.5679
POP,MDPP,Gregorio Luperon International Airport,Puerto Plata,DO,19.7579,-70.57
POR,EFPO,Pori Airport,Pori,FI,61.4617,21.8
POS,TTPP,Piarco International Airport,Port of Spain,TT,10.5954,-61.3372
POT,MKKJ,Ken Jones Airport,Ken Jones,JM,18.1988,-76.5345
POU,KPOU,Hudson Valley Regional Airport,Poughkeepsie,US,41.626585,-73.884189
POV,LZPW,Presov Air Base,Presov,SK,49.0297,21.3156
POW,LJPZ,Portoroz Airport,Portoroz,SI,45.4734,13.615
POX,LFPT,Pontoise - Cormeilles-en-Vexin Airport,Pontoise,FR,49.0966,2.04083
POY,KPOY,Powell Municipal Airport,Powell,US,44.867222,-108.793368
POZ,EPPO,Poznań-Ławica Airport,Poznań,PL,52.421,16.8263
PPA,KPPA,Perry Lefors Field,Pampa,US,35.613,-100.99625
PPB,SBDN,Presidente Prudente Airport,Presidente Prudente,BR,-22.1751,-51.4246
PPC,PAPR,Prospect Creek Airport,Prospect Creek,US,66.814056,-150.643611
PPE,MMPE,Puerto Penasco International Airport,Puerto Penasco,MX,31.3562,-113.52568
PPF,KPPF,Tri-City Airport,Parsons,US,37.330814,-95.506175
PPG,NSTU,Pago Pago International Airport,Pago Pago,AS,-14.331662,-170.711503
PPH,SVPH,Perai Tepuy Airport,,VE,4.56667,-61.48333
PPI,YPIR,Port Pirie Airport,,AU,-33.2389,137.995
PPK,UACP,Petropavlosk International Airport,Petropavlosk,KZ,54.7747,69.1839
PPL,VNPL,Phaplu Airport,Phaplu,NP,27.51779,86.58445
PPM,KPMP,Pompano Beach Airpark,Pompano Beach,US,26.24736,-80.111127
PPN,SKPP,Guillermo Leon Valencia Airport,Popayan,CO,2.4544,-76.6093
PPP,YBPN,Proserpine Whitsunday Coast Airport,Proserpine,AU,-20.495,148.552
PPQ,NZPP,Paraparaumu Airport,,NZ,-40.9047,174.989
PPR,WIDE,Pasir Pangaraan Airport,"Pasir Pengarayan, Sumatra Island",ID,0.84543,100.37
PPS,RPVP,Puerto Princesa Airport,Puerto Princesa City,PH,9.74212,118.759
PPT,NTAA,Faa'a International Airport,Papeete,PF,-17.5537,-149.60699
PPU,VYPP,Hpapun Airport,Pa Pun,MM,18.0667,97.4498
PPW,EGEP,Papa Westray Airport,Papa Westray,GB,59.3517,-2.90028
PPY,SNZA,Pouso Alegre Airport,Pouso Alegre,BR,-22.2892,-45.9191
PQC,VVPQ,Phu Quoc Airport,Duong Dong,VN,10.167759,103.995451
PQE,SKPQ,German Olano Air Base,La Dorada,CO,5.48361,-74.6574
PQI,KPQI,Presque Isle International Airport,Presque Isle,US,46.688964,-68.044791
PQM,MMPQ,Palenque International Airport,,MX,17.5334,-91.9845
PQQ,YPMQ,Port Macquarie Airport,Port Macquarie,AU,-31.4358,152.86301
PQS,PAAC,Pilot Station Airport,Pilot Station,US,61.961477,-162.942355
PRA,SAAP,General Urquiza Airport,Paraná,AR,-31.7948,-60.4804
PRB,KPRB,Paso Robles Municipal Airport,Paso Robles,US,35.672884,-120.627076
PRC,KPRC,Prescott Regional/Ernest A Love Field,Prescott,US,34.654763,-112.419189
PRD,YPDO,Pardoo Airport,Pardoo,AU,-20.1175,119.59
PRG,LKPR,Václav Havel Airport,Prague,CZ,50.1008,14.26
PRH,VTCP,Phrae Airport,,TH,18.1322,100.165
PRI,FSPP,Praslin Airport,Praslin Island,SC,-4.31929,55.6914
PRK,FAPK,Prieska Airport,Prieska,ZA,-29.6836,22.7706
PRM,LPPM,Portimão Airport,Portimão,PT,37.1493,-8.58396
PRN,BKPR,Pristina International Airport,Lipjan,XK,42.57283,21.03583
PRO,KPRO,Perry Municipal Airport,Perry,US,41.826444,-94.159556
PRP,LFKO,Propriano Airport,Propriano,FR,41.6606,8.88975
PRQ,SARS,Termal Airport,Presidencia Roque Saenz Pena,AR,-26.75361,-60.49222
PRR,SYPR,Paruma Airport,Paruma,GY,5.81545,-61.0554
PRS,AGGP,Parasi Airport,Parasi,SB,-9.64167,161.425
PRU,VYPY,Pyay Airport,Pye,MM,18.8245,95.266
PRV,LKPO,Prerov Air Base,Prerov,CZ,49.4258,17.4047
PRW,K5N2,Prentice Airport,Prentice,US,45.538332,-90.276335
PRX,KPRX,Cox Field,Paris,US,33.636611,-95.45075
PRY,FAWB,Wonderboom Airport,Pretoria,ZA,-25.6539,28.2242
PRZ,KS39,Prineville Airport,Prineville,US,44.288277,-120.905578
PSA,LIRP,Pisa / San Giusto - Galileo Galilei International Airport,Pisa,IT,43.6839,10.3927
PSB,KPSB,Mid-State Airport,Philipsburg,US,40.884391,-78.087342
PSC,KPSC,Tri-Cities Airport,Pasco,US,46.264948,-119.1194
PSD,HEPS,Port Said Airport,Port Said,EG,31.2794,32.24
PSE,TJPS,Mercedita Airport,Ponce,US,18.008778,-66.564528
PSF,KPSF,Pittsfield Municipal Airport,Pittsfield,US,42.42763,-73.290792
PSG,PAPG,Petersburg James A Johnson Airport,Petersburg,US,56.801472,-132.946222
PSH,EDXO,St. Peter-Ording Airport,Sankt Peter-Ording,DE,54.30889,8.68694
PSI,OPPI,Pasni Airport,Pasni,PK,25.2905,63.3451
PSJ,WAMP,Kasiguncu Airport,Poso-Celebes Island,ID,-1.41675,120.658
PSK,KPSK,New River Valley Airport,Dublin,US,37.137336,-80.678479
PSL,EGPT,Perth/Scone Airport,Perth,GB,56.4392,-3.37222
PSM,KPSM,Portsmouth International At Pease Airport,Portsmouth,US,43.077944,-70.823278
PSN,KPSN,Palestine Municipal Airport,Palestine,US,31.779694,-95.706306
PSO,SKPS,Antonio Narino Airport,Pasto,CO,1.39625,-77.2915
PSP,KPSP,Palm Springs International Airport,Palm Springs,US,33.82967,-116.506694
PSR,LIBP,Pescara International Airport,Pescara,IT,42.4317,14.1811
PSS,SARP,Libertador Gral D Jose De San Martin Airport,Posadas,AR,-27.3858,-55.9707
PSU,WIOP,Pangsuma Airport,"Putussibau, Borneo Island",ID,0.83558,112.937
PSW,SNOS,Municipal Jose Figueiredo Airport,Passos,BR,-20.7322,-46.6618
PSX,KPSX,Palacios Municipal Airport,Palacios,US,28.7275,-96.250944
PSY,SFAL,Stanley Airport,Stanley,FK,-51.6857,-57.7776
PSZ,SLPS,Capitan Av. Salvador Ogaya G. airport,Puerto Suarez,BO,-18.9753,-57.8206
PTA,KTPO,Port Alsworth Airport,Port Alsworth,US,60.204333,-154.318873
PTB,KPTB,Tri Cities Executive/Dinwiddie County Airport,Petersburg,US,37.184301,-77.506174
PTF,NFFO,Malolo Lailai Island Airport,Malolo Lailai Island,FJ,-17.7779,177.19701
PTG,FAPP,Polokwane International Airport,Potgietersrus,ZA,-23.8453,29.4586
PTH,PAPH,Port Heiden Airport,Port Heiden,US,56.959101,-158.633362
PTJ,YPOD,Portland Airport,,AU,-38.3181,141.47099
PTK,KPTK,Oakland County International Airport,Pontiac,US,42.665636,-83.420506
PTM,SVPT,Palmarito Airport,Palmarito,VE,7.56667,-70.1833
PTN,KPTN,Harry P Williams Memorial Airport,Patterson,US,29.709546,-91.338979
PTO,SSPB,Pato Branco Airport,Pato Branco,BR,-26.2178,-52.6943
PTP,TFFR,Pointe-a-Pitre Le Raizet,Pointe-a-Pitre Le Raizet,GP,16.2653,-61.5318
PTQ,SNMZ,Porto de Moz Airport,Porto De Moz,BR,-1.74145,-52.2361
PTS,KPTS,Atkinson Municipal Airport,Pittsburg,US,37.450056,-94.731222
PTT,KPTT,Pratt Regional Airport,Pratt,US,37.702528,-98.747
PTU,PAPM,Platinum Airport,Platinum,US,59.017831,-161.827192
PTV,KPTV,Porterville Municipal Airport,Porterville,US,36.029583,-119.062722
PTW,KPTW,Heritage Field,Pottstown,US,40.239556,-75.556722
PTX,SKPI,Pitalito Airport,Pitalito,CO,1.85777,-76.0857
PTY,MPTO,Tocumen International Airport,Tocumen,PA,9.07136,-79.3835
PTZ,SESM,Rio Amazonas Airport,Shell Mera,EC,-1.50524,-78.0627
PUB,KPUB,Pueblo Memorial Airport,Pueblo,US,38.289947,-104.498028
PUC,KPUC,Carbon County Regional/Buck Davis Field,Price,US,39.613889,-110.751611
PUD,SAWD,Puerto Deseado Airport,Puerto Deseado,AR,-47.7353,-65.9041
PUE,MPOA,Puerto Obaldia Airport,Puerto Obaldia,PA,8.68626,-77.5244
PUF,LFBP,Pau Pyrenees Airport,Pau/Pyrenees (Uzein),FR,43.38,-0.41861
PUG,YPAG,Port Augusta Airport,,AU,-32.5069,137.717
PUJ,MDPC,Punta Cana International Airport,Punta Cana,DO,18.5674,-68.3634
PUK,NTGQ,Pukarua Airport,Pukarua,PF,-18.2956,-137.017
PUN,FZOP,Punia Airport,Punia,CD,-1.367,26.333
PUP,DFCP,Po Airport,Po,BF,11.15,-1.15
PUQ,SCCI,Pdte. Carlos Ibanez del Campo Airport,Punta Arenas,CL,-53.0026,-70.8546
PUR,SLPR,Puerto Rico Airport,Puerto Rico/Manuripi,BO,-11.10766,-67.55116
PUS,RKPK,Gimhae International Airport,Busan,KR,35.1795,128.938
PUU,SKAS,Tres De Mayo Airport,Puerto Asis,CO,0.50523,-76.5008
PUV,NWWP,Poum Airport,Poum,NC,-20.2892,164.099
PUW,KPUW,Pullman/Moscow Regional Airport,Pullman/Moscow,US,46.741691,-117.111619
PUX,SCPV,El Mirador Airport,Puerto Varas,CL,-41.3494,-72.9467
PUY,LDPL,Pula Airport,Pula,HR,44.8935,13.9222
PUZ,MNPC,Puerto Cabezas Airport,Puerto Cabezas,NI,14.0472,-83.3867
PVA,SKPV,El Embrujo Airport,Providencia,CO,13.3569,-81.3583
PVC,KPVC,Provincetown Municipal Airport,Provincetown,US,42.072278,-70.220722
PVD,KPVD,Rhode Island Tf Green International Airport,Providence,US,41.722333,-71.427722
PVE,MPVR,El Porvenir Airport,El Porvenir,PA,9.56342,-79.0041
PVF,KPVF,Placerville Airport,Placerville,US,38.724227,-120.753309
PVG,ZSPD,Shanghai Pudong International Airport,Shanghai,CN,31.1434,121.805
PVH,SBPV,Governador Jorge Teixeira de Oliveira Airport,Porto Velho,BR,-8.70929,-63.9023
PVI,SSPI,Paranavai Airport,Paranavai,BR,-23.0899,-52.4885
PVK,LGPZ,Aktion National Airport,Preveza/Lefkada,GR,38.9255,20.7653
PVL,KPBX,Pike County/Hatcher Field,Pikeville,US,37.561811,-82.566432
PVO,SEPV,Reales Tamarindos Airport,Portoviejo,EC,-1.04165,-80.4722
PVR,MMPR,Licenciado Gustavo Diaz Ordaz International Airport,Puerto Vallarta,MX,20.6801,-105.254
PVS,UHMD,Provideniya Bay Airport,Chukotka,RU,64.3781,-173.243
PVU,KPVU,Provo Municipal Airport,Provo,US,40.219167,-111.723361
PVW,KPVW,Hale County Airport,Plainview,US,34.168147,-101.717336
PWA,KPWA,Wiley Post Airport,Oklahoma City,US,35.53401,-97.646947
PWD,KPWD,Sher-Wood Airport,Plentywood,US,48.790516,-104.523738
PWE,UHMP,Pevek Airport,Pevek,RU,69.7833,170.597
PWK,KPWK,Chicago Executive Airport,Chicago/Prospect Heights/Wheeling,US,42.114883,-87.901993
PWM,KPWM,Portland International Jetport Airport,Portland,US,43.645643,-70.308616
PWN,MYCP,Pitts Town Airport,Pitts Town,BS,22.8297,-74.3461
PWO,FZQC,Pweto Airport,Pweto,CD,-8.467,28.883
PWQ,UASP,Pavlodar International Airport,Pavlodar,KZ,52.195,77.0739
PWT,KPWT,Bremerton Ntl Airport,Bremerton,US,47.49025,-122.764806
PWY,KPNA,Ralph Wenz Field,Pinedale,US,42.797389,-109.811028
PXL,KP10,Polacca Airport,Polacca,US,35.791611,-110.423389
PXM,MMPS,Puerto Escondido International Airport,Puerto Escondido,MX,15.8769,-97.0891
PXO,LPPS,Porto Santo Airport,Porto Santo,PT,33.0734,-16.35
PXR,VTUJ,Surin Airport,,TH,14.8683,103.498
PXU,VVPK,Pleiku Airport,Pleiku,VN,14.0045,108.017
PYA,SKVL,Velasquez Airport,Velasquez,CO,5.93904,-74.457
PYB,VEJP,Jeypore Airport,Jeypore,IN,18.88,82.552
PYE,NCPY,Tongareva Airport,Penrhyn Island,CK,-9.01437,-158.03241
PYG,VEPY,Pakyong Airport,Pakyong,IN,27.2325,88.588333
PYH,SVPA,Cacique Aramare Airport,,VE,5.61999,-67.6061
PYJ,UERP,Polyarny Airport,Yakutia,RU,66.4004,112.03
PYK,OIIP,Payam Airport,,IR,35.7761,50.8267
PYM,KPYM,Plymouth Municipal Airport,Plymouth,US,41.908788,-70.727628
PYO,SEPT,Putumayo Airport,Puerto Putumayo,EC,0.08333,-75.9
PYR,LGAD,Andravida Airport,Andravida,GR,37.9207,21.2926
PYS,CA92,Paradise Skypark Airport,Paradise,US,39.710556,-121.6165
PYY,VTCI,Mae Hong Son Airport,Mae Hong Son,TH,19.372,98.437
PYZ,SPIS,Pias Airport,Pataz,PE,-7.8717,-77.5472
PZA,SKPZ,Paz De Ariporo Airport,Paz De Ariporo,CO,5.87615,-71.8866
PZB,FAPM,Pietermaritzburg Airport,Pietermaritzburg,ZA,-29.649,30.3987
PZH,OPZB,Zhob Airport,Fort Sandeman,PK,31.3584,69.4636
PZI,ZUZH,Panzhihua Baoanying Airport,Panzhihua,CN,26.539128,101.798105
PZL,FADQ,Zulu Inyala Airport,Phinda,ZA,-27.8494,32.3097
PZO,SVPR,General Manuel Carlos Piar International Airport,Puerto Ordaz-Ciudad Guayana,VE,8.28853,-62.7604
PZU,HSPN,Port Sudan New International Airport,Port Sudan,SD,19.4336,37.2341
PZY,LZPP,Piestany Airport,Piestany,SK,48.6252,17.8284
QAC,SSQT,Castro Airport,Castro,BR,-24.8075,-49.9603
QAK,SBBQ,Major Brigadeiro Doorgal Borges Airport,Barbacena,BR,-21.2672,-43.7611
QAQ,LIAP,L'Aquila / Preturo Airport,L'Aquila,IT,42.3799,13.3092
QBC,CYBD,Bella Coola Airport,Bella Coola,CA,52.3875,-126.596
QBX,SNOB,Sobral Airport,Sobral,BR,-3.67889,-40.3368
QCB,EDQA,Bamberg-Breitenau Airfield,Bamberg,DE,49.92055,10.914489
QCH,SNCX,Colatina Airport,Colatina,BR,-19.487,-40.5794
QCJ,SDBK,Botucatu Airport,Botucatu,BR,-22.9395,-48.468
QCN,ETNH,Hohn Airport,Hohn,DE,54.3122,9.53817
QCO,MUCO,Colon Airport,Colon,CU,22.7111,-80.9228
QCP,SNKN,Currais Novos Airport,Currais Novos,BR,-6.28083,-36.54028
QCR,SSKU,Curitibanos Airport,Curitibanos,BR,-27.2825,-50.6114
QCY,EGXC,RAF Coningsby,Coningsby,GB,53.093,-0.16601
QDB,SSKS,Cachoeira do Sul Airport,Cachoeira Do Sul,BR,-30.0019,-52.9408
QDC,SDDR,Dracena Airport,Dracena,BR,-21.4605,-51.6069
QDF,SNKF,Conselheiro Lafaiete Airport,Conselheiro Lafaiete,BR,-20.7386,-43.7974
QGA,SSGY,Guaira Airport,Guaira,BR,-24.0811,-54.1917
QGB,SDYM,Limeira Airport,Limeira,BR,-22.60389,-47.41194
QGC,SDLP,Lencois Paulista Airport,Lencois Paulista,BR,-22.5784,-48.7746
QGF,SSNG,Montenegro Airport,Montenegro,BR,-29.7194,-51.4894
QGP,SNGN,Garanhuns Airport,Garanhuns,BR,-8.83428,-36.4716
QGS,SDUO,Alagoinhas Airport,Alagoinhas,BR,-12.1751,-38.3802
QGU,RJNG,Gifu Airport,Gifu,JP,35.3941,136.87
QGY,LHPR,Gyor-Per International Airport,Gyor,HU,47.6244,17.8136
QHB,SDPW,Piracicaba Airport,Piracicaba,BR,-22.7115,-47.6182
QHN,SWTY,Taguatinga Airport,Taguatinga,BR,-12.43389,-46.40055
QHP,SBTA,Base de Aviacao de Taubate Airport,Taubate,BR,-23.0401,-45.516
QHU,EDXJ,Husum-Schwesing Airport,Husum,DE,54.51,9.13833
QHV,SSNH,Novo Hamburgo Airport,Novo Hamburgo,BR,-29.6961,-51.0817
QID,SNVI,Melio Viana Airport,Tres Coracoes,BR,-21.7906,-45.2692
QIG,SNIG,Iguatu Airport,Iguatu,BR,-6.34664,-39.2938
QIQ,SDRK,Rio Claro Airport,Rio Claro,BR,-22.4311,-47.5642
QIT,SNIP,Itapetinga Airport,Itapetinga,BR,-15.2445,-40.2772
QJB,OEJB,Jubail Airport,Jubail,SA,27.039,49.4051
QLS,LSGL,Lausanne-la Blecherette Airport,Lausanne,CH,46.5453,6.61667
QMF,SSMF,Mafra Airport,Mafra,BR,-26.1589,-49.8322
QNC,LSGN,Neuchatel Airport,,CH,46.9575,6.86472
QND,LYNS,Cenej Airport,Novi Sad,RS,45.3858,19.8392
QNS,SBCO,Canoas Airport,Porto Alegre,BR,-29.9459,-51.1444
QNV,SDNY,Aeroclube Airport,Nova Iguacu,BR,-22.7453,-43.4603
QOA,SDKK,Mococa Airport,Mococa,BR,-21.4878,-47.0344
QOJ,SSSB,Sao Borja Airport,Sao Borja,BR,-28.6549,-56.0346
QOW,DNIM,Sam Mbakwe International Airport,Owerri,NG,5.42706,7.20603
QPD,MUPR,Pinar Del Rio Airport,Pinar del Rio,CU,22.4214,-83.6784
QPG,WSAP,Paya Lebar Air Base,,SG,1.36042,103.91
QPS,SBYS,Campo Fontenelle Airport,Pirassununga,BR,-21.9846,-47.3348
QRA,FAGM,Rand Airport,Johannesburg,ZA,-26.2425,28.1512
QRC,SCRG,De La Independencia Airport,Rancagua,CL,-34.1737,-70.7757
QRO,MMQT,Queretaro Intercontinental Airport,Queretaro,MX,20.6173,-100.186
QRZ,SDRS,Resende Airport,Resende,BR,-22.4785,-44.4803
QSC,SDSC,Sao Carlos Airport,Sao Carlos,BR,-21.8754,-47.9037
QSF,DAAS,Ain Arnat Airport,Setif,DZ,36.1781,5.32449
QSN,MUNB,San Nicolas De Bari Airport,San Nicolas,CU,22.7561,-81.9209
QSR,LIRI,Salerno / Pontecagnano Airport,Salerno,IT,40.6204,14.9113
QSX,SYNA,New Amsterdam Airport,New Amsterdam,GY,6.24432,-57.47417
QSZ,ZWSC,Shache Airport,Shache,CN,38.24542,77.056149
QUG,EGHR,Chichester/Goodwood Airport,Chichester,GB,50.8594,-0.75917
QUN,RKNC,A-306 Airport,Chun Chon City,KR,37.8838,127.718
QUT,RJTU,Utsunomiya Airport,,JP,36.5145,139.871
QUY,EGUY,RAF Wyton,St. Ives,GB,52.3572,-0.10783
QVB,SSUV,Uniao da Vitoria Airport,Uniao Da Vitoria,BR,-26.2334,-51.0678
QVP,SDRR,Avare-Arandu Airport,Avare,BR,-23.0925,-48.9874
QWV,LYVA,Divci Airport,Valjevo,RS,44.29782,20.02191
QXB,LFMA,Aix-en-Provence (BA 114) Airport,Lyon,FR,43.5056,5.36778
QXC,SNXS,Fazenda Sao Braz Airport,Barra De Santo Antonio,BR,-9.37528,-35.54167
QZD,LHUD,Szeged Glider Airport,Szeged,HU,46.2469,20.0908
RAB,AYTK,Tokua Airport,Tokua,PG,-4.34046,152.38
RAC,KRAC,Batten International Airport,Racine,US,42.76118,-87.813909
RAE,OERR,Arar Domestic Airport,Arar,SA,30.9066,41.1382
RAF,SAFR,Rafaela Airport,Rafaela,AR,-31.2825,-61.5017
RAG,NZRA,Raglan Airfield,,NZ,-37.8047,174.86
RAH,OERF,Rafha Domestic Airport,Rafha,SA,29.6264,43.4906
RAI,GVNP,Praia International Airport,Praia,CV,14.9245,-23.4935
RAK,GMMX,Menara Airport,Marrakech,MA,31.6069,-8.0363
RAL,KRAL,Riverside Airport,Riverside,US,33.951889,-117.445111
RAM,YRNG,Ramingining Airport,,AU,-12.3564,134.89799
RAN,LIDR,Ravenna Airport,Ravenna,IT,44.3643,12.2249
RAO,SBRP,Leite Lopes Airport,Ribeirao Preto,BR,-21.13639,-47.77667
RAP,KRAP,Rapid City Regional Airport,Rapid City,US,44.045333,-103.057361
RAR,NCRG,Rarotonga International Airport,Avarua,CK,-21.2027,-159.806
RAS,OIGG,Sardar-e-Jangal Airport,Rasht,IR,37.32333,49.61778
RAV,SKCN,Cravo Norte Airport,Cravo Norte,CO,6.31684,-70.2107
RAZ,OPRT,Rawalakot Airport,Rawalakot,PK,33.8497,73.7981
RBA,GMME,Rabat-Sale Airport,Rabat,MA,34.0515,-6.75152
RBB,SWBR,Borba Airport,Borba,BR,-4.40634,-59.6024
RBC,YROI,Robinvale Airport,,AU,-34.65,142.783
RBD,KRBD,Dallas Executive Airport,Dallas,US,32.681306,-96.868778
RBE,VDRK,Ratanakiri Airport,Ratanakiri,KH,13.73,106.987
RBF,KL35,Big Bear City Airport,Big Bear City,US,34.263778,-116.856028
RBG,KRBG,Roseburg Regional Airport,Roseburg,US,43.239335,-123.355852
RBK,KF70,French Valley Airport,Murrieta/Temecula,US,33.574179,-117.128473
RBL,KRBL,Red Bluff Municipal Airport,Red Bluff,US,40.150306,-122.252194
RBM,EDMS,Straubing Airport,Straubing,DE,48.90083,12.51667
RBO,SLRB,Robore Airport,Robore,BO,-18.3292,-59.765
RBQ,SLRQ,Rurenabaque Airport,Rurenabaque,BO,-14.4279,-67.4968
RBR,SBRB,Placido de Castro Airport,Rio Branco,BR,-9.86889,-67.89806
RBS,YORB,Orbost Airport,,AU,-37.79,148.61
RBT,HKMB,Segel Airport,Marsabit,KE,2.35,37.983
RBU,YROE,Roebourne Airport,Roebourne,AU,-20.7617,117.157
RBV,AGRM,Ramata Airport,Ramata,SB,-8.16806,157.64301
RBW,KRBW,Lowcountry Regional Airport,Walterboro,US,32.921041,-80.64059
RBX,HSMK,Rumbek Airport,Rumbek,SS,6.825,29.669
RBY,PARY,Ruby Airport,Ruby,US,64.727222,-155.469889
RCA,KRCA,Ellsworth Afb Airport,Rapid City,US,44.145094,-103.103567
RCB,FARB,Richards Bay Airport,Richards Bay,ZA,-28.741,32.0921
RCE,KW39,Roche Harbor Seaplane Base,Roche Harbor,US,48.608155,-123.159631
RCH,SKRH,Almirante Padilla Airport,Riohacha,CO,11.5262,-72.926
RCK,KRCK,H H Coffield Regional Airport,Rockdale,US,30.631376,-96.989487
RCL,NVSR,Redcliffe Airport,Redcliffe,VU,-15.472,167.83501
RCM,YRMD,Richmond Airport,,AU,-20.7019,143.11501
RCO,LFDN,Rochefort-Saint-Agnant (BA 721) Airport,Rochefort/Saint-Agnant,FR,45.8878,-0.98306
RCQ,SATR,Reconquista Airport,Reconquista,AR,-29.2103,-59.68
RCR,KRCR,Fulton County Airport,Rochester,US,41.065548,-86.181703
RCS,EGTO,Rochester Airport,Rochester,GB,51.3519,0.50333
RCT,KRCT,Nartron Field,Reed City,US,43.90002,-85.51672
RCU,SAOC,Area De Material Airport,Rio Cuarto,AR,-33.0851,-64.2613
RCY,MYRP,Rum Cay Airport,,BS,23.6844,-74.8362
RDB,PADG,Red Dog Airport,Red Dog,US,68.032111,-162.899194
RDC,SNDC,Redencao Airport,Redencao,BR,-8.03329,-49.9799
RDD,KRDD,Redding Regional Airport,Redding,US,40.508985,-122.293385
RDE,WASM,Merdei Airport,Merdei-Papua Island,ID,-1.58333,133.33299
RDG,KRDG,Reading Regional/Carl A Spaatz Field,Reading,US,40.378499,-75.965247
RDM,KRDM,Roberts Field/Redmond Municipal Airport,Redmond,US,44.254069,-121.149971
RDN,WMPR,LTS Pulau Redang Airport,Redang,MY,5.76528,103.007
RDO,EPRA,Radom-Sadkow Airport,,PL,51.38883,21.21167
RDR,KRDR,Grand Forks Afb Airport,Grand Forks,US,47.96128,-97.400814
RDS,SAHS,Rincon De Los Sauces Airport,Rincon de los Sauces,AR,-37.3906,-68.9042
RDT,GOSR,Richard Toll Airport,Richard Toll,SN,16.433,-15.65
RDU,KRDU,Raleigh-Durham International Airport,Raleigh/Durham,US,35.877639,-78.787472
RDV,KRDV,Red Devil Airport,Red Devil,US,61.788056,-157.35025
RDZ,LFCR,Rodez-Marcillac Airport,Rodez/Marcillac,FR,44.4079,2.48267
REA,NTGE,Reao Airport,,PF,-18.4659,-136.44
REB,EDAX,Rechlin-Larz Airport,Larz,DE,53.30639,12.75222
REC,SBRF,Guararapes - Gilberto Freyre International Airport,Recife,BR,-8.12649,-34.9236
RED,KRVL,Mifflin County Airport,Reedsville,US,40.677389,-77.626833
REE,8XS8,Reese Airpark,Lubbock,US,33.594762,-102.043418
REG,LICR,Reggio Calabria Airport,Reggio Calabria,IT,38.0712,15.6516
REI,SOOR,Regina Airport,Regina,GF,4.31472,-52.1317
REL,SAVT,Almirante Marco Andres Zar Airport,Rawson,AR,-43.2105,-65.2703
REN,UWOO,Orenburg Central Airport,Orenburg,RU,51.7958,55.4567
REO,KREO,Rome State Airport,Rome,US,42.57766,-117.88543
REQ,SPQN,Requena Airport,Requena,PE,-5.067,-73.867
RER,MGRT,Retalhuleu Airport,Retalhuleu,GT,14.521,-91.6973
RES,SARE,Resistencia International Airport,Resistencia,AR,-27.45,-59.0561
RET,ENRS,Røst Airport,,NO,67.5278,12.1033
REU,LERS,Reus Air Base,Reus,ES,41.1474,1.16717
REX,MMRX,General Lucio Blanco International Airport,Reynosa,MX,26.0089,-98.2285
REY,SLRY,Reyes Airport,Reyes,BO,-14.3044,-67.3534
RFA,FEGR,Rafai Airport,Rafai,CF,4.98861,23.9278
RFD,KRFD,Chicago/Rockford International Airport,Chicago/Rockford,US,42.195361,-89.097222
RFG,KRFG,Rooke Field,Refugio,US,28.295817,-97.325972
RFK,5MS1,Rollang Field,Rolling Fork,US,32.954293,-90.845933
RFN,BIRG,Raufarhöfn Airport,Raufarhöfn,IS,66.4064,-15.9183
RFP,NTTR,Raiatea Airport,Uturoa,PF,-16.7229,-151.466
RFR,MRRF,Rio Frio / Progreso Airport,Rio Frio / Progreso,CR,10.3274,-83.8876
RFS,MNRT,Rosita Airport,La Rosita,NI,13.8897,-84.4089
RGA,SAWE,Hermes Quijada International Airport,Rio Grande,AR,-53.7777,-67.7494
RGH,VEBG,Balurghat Airport,Balurghat,IN,25.2617,88.7956
RGI,NTTG,Rangiroa Airport,,PF,-14.9543,-147.661
RGK,UNBG,Gorno-Altaysk Airport,Gorno-Altaysk,RU,51.9667,85.8333
RGL,SAWG,Piloto Civil N. Fernandez Airport,Rio Gallegos,AR,-51.6089,-69.3126
RGN,VYYY,Yangon International Airport,Yangon,MM,16.9073,96.1332
RGO,ZKHM,Orang Airport,,KP,41.4281,129.647
RGR,KF23,Ranger Municipal Airport,Ranger,US,32.451475,-98.681512
RGS,LEBG,Burgos Airport,Burgos,ES,42.3576,-3.62076
RGT,WIPR,Japura Airport,"Rengat, Sumatra Island",ID,-0.35281,102.335
RHA,BIRE,Reykholar Airport,Reykholar,IS,65.45263,-22.20612
RHD,SANH,Las Termas Airport,Rio Hondo,AR,-27.4737,-64.9055
RHE,LFSR,Reims-Champagne (BA 112) Airport,Reims/Champagne,FR,49.31,4.05
RHG,HRYU,Ruhengeri Airport,Ruhengeri,RW,-1.5,29.633
RHI,KRHI,Rhinelander/Oneida County Airport,Rhinelander,US,45.630901,-89.466628
RHL,YRYH,Roy Hill Station Airport,,AU,-22.62582,119.95903
RHN,FYSA,Skorpion Mine Airport,Rosh Pinah,NA,-27.8764,16.6478
RHO,LGRP,Diagoras Airport,Rodes Island,GR,36.4054,28.0862
RHP,VNRC,Ramechhap Airport,Ramechhap,NP,27.394,86.0614
RHT,ZBAR,Alxa Right Banner Badanjilin Airport,Badanjilin,CN,39.225,101.546
RHV,KRHV,Reid-Hillview Of Santa Clara County Airport,San Jose,US,37.332861,-121.819806
RIA,SBSM,Santa Maria Airport,Santa Maria,BR,-29.7114,-53.6882
RIB,SLRI,Capitan Av. Selin Zeitun Lopez Airport,Riberalta,BO,-11.0,-66.0
RIC,KRIC,Richmond International Airport,Richmond,US,37.505181,-77.319739
RID,KRID,Richmond Municipal Airport,Richmond,US,39.756083,-84.842694
RIE,KRPD,Rice Lake Regional/Carl's Field,Rice Lake,US,45.420111,-91.773333
RIF,KRIF,Richfield Municipal Airport,Richfield,US,38.734111,-112.101583
RIG,SJRG,Rio Grande Airport,Rio Grande,BR,-32.0817,-52.1633
RIH,MPSM,Cap Scarlet R. Martínez L. Airport,Río Hato,PA,8.38,-80.12967
RIJ,SPJA,Juan Simons Vela Airport,Rioja,PE,-6.06786,-77.16
RIK,MRCR,Carrillo Airport,Nicoya,CR,9.87051,-85.4814
RIL,KRIL,Rifle Garfield County Airport,Rifle,US,39.526607,-107.727987
RIM,SPLN,San Nicolas Airport,Rodriguez de Mendoza,PE,-6.39231,-77.5012
RIN,AGRC,Ringi Cove Airport,Ringi Cove,SB,-8.12639,157.14301
RIR,KRIR,Flabob Airport,Riverside/Rubidoux/,US,33.988788,-117.40991
RIS,RJER,Rishiri Airport,Rishiri,JP,45.242,141.186
RIV,KRIV,March Arb Airport,Riverside,US,33.881943,-117.259017
RIW,KRIW,Central Wyoming Regional Airport,Riverton,US,43.064238,-108.459841
RIX,EVRA,Riga International Airport,Riga,LV,56.9236,23.9711
RIY,OYRN,Mukalla International Airport,Riyan,YE,14.6626,49.375
RJA,VORY,Rajahmundry Airport,Rajahmundry,IN,17.1104,81.8182
RJB,VNRB,Rajbiraj Airport,Rajbiraj,NP,26.517,86.75
RJH,VGRJ,Shah Mokhdum Airport,Rajshahi,BD,24.4372,88.6165
RJK,LDRI,Rijeka Airport,Rijeka,HR,45.2169,14.5703
RJL,LELO,Logrono-Agoncillo Airport,Logrono,ES,42.46095,-2.32224
RJN,OIKR,Rafsanjan Airport,,IR,30.2977,56.0511
RKA,NTKK,Aratika Nord Airport,,PF,-15.4853,-145.47
RKD,KRKD,Knox County Regional Airport,Rockland,US,44.060142,-69.09967
RKE,EKRK,Copenhagen Roskilde Airport,Copenhagen,DK,55.5856,12.1314
RKH,KUZA,Rock Hill/York County/Bryant Field,Rock Hill,US,34.987833,-81.057167
RKO,WIBR,Rokot Airport,Sipora Island,ID,-2.09912,99.7007
RKP,KRKP,Aransas County Airport,Rockport,US,28.086222,-97.043694
RKR,KRKR,Robert S Kerr Airport,Poteau,US,35.021639,-94.62125
RKS,KRKS,Southwest Wyoming Regional Airport,Rock Springs,US,41.594218,-109.065199
RKT,OMRK,Ras Al Khaimah International Airport,Ras Al Khaimah,AE,25.6135,55.9388
RKV,BIRK,Reykjavik Airport,Reykjavik,IS,64.13,-21.9406
RKW,KRKW,Rockwood Municipal Airport,Rockwood,US,35.922333,-84.689778
RLD,KRLD,Richland Airport,Richland,US,46.305639,-119.304189
RLG,ETNL,Rostock-Laage Airport,Rostock,DE,53.9182,12.2783
RLK,ZBYZ,Bayannaoer Tianjitai Airport,Bayannur,CN,40.926389,107.738889
RLO,SAOS,Valle Del Conlara International Airport,Merlo,AR,-32.3847,-65.1865
RLT,DRZL,Arlit Airport,Arlit,NE,18.7904,7.36595
RMA,YROM,Roma Airport,Roma,AU,-26.545,148.77499
RMB,OOBR,Buraimi Airport,Buraimi,OM,24.233,55.783
RME,KRME,Griffiss International Airport,Rome,US,43.233799,-75.407026
RMF,HEMA,Marsa Alam International Airport,Marsa Alam,EG,25.5571,34.5837
RMG,KRMG,Richard B Russell Regional - J H Towers Field,Rome,US,34.35164,-85.158576
RMI,LIPR,Rimini / Miramare - Federico Fellini International Airport,Rimini,IT,44.0203,12.6117
RMK,YREN,Renmark Airport,,AU,-34.1964,140.674
RML,VCCC,Colombo Int Arpt Ratmalana Airport,Colombo,LK,6.82199,79.8862
RMN,AYRG,Rumginae Airport,,PG,-5.89722,141.27167
RMO,LUKK,Chișinău International Airport,Chișinău,MD,46.9277,28.931
RMP,PFMP,Rampart Airport,Rampart,US,65.5079,-150.140833
RMQ,RCMQ,Taichung Ching Chuang Kang Airport,Taichung City,TW,24.2647,120.621
RMS,ETAR,Ramstein Air Base,Ramstein,DE,49.4369,7.60028
RMU,LEMI,Región de Murcia International Airport,Corvera,ES,37.803,-1.125
RMY,KMPI,Mariposa-Yosemite Airport,Mariposa,US,37.510861,-120.039528
RNA,AGAR,Ulawa Airport,Arona,SB,-9.86054,161.97955
RNB,ESDF,Ronneby Airport,,SE,56.2667,15.265
RNC,KRNC,Warren County Memorial Airport,Mc Minnville,US,35.698699,-85.843821
RND,KRND,Randolph Afb Airport,Universal City,US,29.528906,-98.278031
RNE,LFLO,Roanne-Renaison Airport,Roanne/Renaison,FR,46.0583,4.00139
RNG,K4V0,Rangely Airport,Rangely,US,40.093972,-108.763056
RNH,KRNH,New Richmond Regional Airport,New Richmond,US,45.147793,-92.53918
RNI,MNCI,Corn Island,Corn Island,NI,12.1629,-83.0638
RNJ,RORY,Yoron Airport,,JP,27.044,128.40199
RNL,AGGR,Rennell/Tingoa Airport,Rennell Island,SB,-11.5339,160.063
RNM,OOGB,Qarn Alam Airport,Ghaba,OM,21.383,57.05
RNN,EKRN,Bornholm Airport,Ronne,DK,55.0633,14.7596
RNO,KRNO,Reno/Tahoe International Airport,Reno,US,39.499111,-119.768111
RNS,LFRN,Rennes-Saint-Jacques Airport,Rennes/Saint-Jacques,FR,48.0695,-1.73479
RNT,KRNT,Renton Municipal Airport,Renton,US,47.493139,-122.21575
RNU,WBKR,Ranau Airport,Ranau,MY,5.95,116.667
RNZ,KRZL,Jasper County Airport,Rensselaer,US,40.947823,-87.182648
ROA,KROA,Roanoke/Blacksburg Regional (Woodrum Field) Airport,Roanoke,US,37.325472,-79.975417
ROB,GLRB,Roberts International Airport,Monrovia,LR,6.23379,-10.3623
ROC,KROC,Frederick Douglass/Greater Rochester International Airport,Rochester,US,43.119144,-77.671869
ROD,FARS,Robertson Airport,Robertson,ZA,-33.8122,19.9028
ROF,K1O5,Montague-Yreka Rohrer Field,Montague,US,41.729983,-122.544481
ROG,KROG,Rogers Executive - Carter Field,Rogers,US,36.372417,-94.106972
ROH,YROB,Robinhood Airport,,AU,-18.845,143.71001
ROI,VTUV,Roi Et Airport,,TH,16.1168,103.774
ROK,YBRK,Rockhampton Airport,Rockhampton,AU,-23.3819,150.47501
ROL,K74V,Roosevelt Municipal Airport,Roosevelt,US,40.278414,-110.051377
RON,SKPA,Juan Jose Rondon Airport,Paipa,CO,5.76454,-73.1054
ROO,SWRD,Rondonopolis Airport,Rondonopolis,BR,-16.586,-54.7248
ROP,PGRO,Benjamin Taisacan Manglona International Airport,Rota Island,MP,14.174349,145.241119
ROR,PTRO,Palau International Airport,Babelthuap Island,PW,7.367303,134.544264
ROS,SAAR,Islas Malvinas Airport,Rosario,AR,-32.9036,-60.785
ROT,NZRO,Rotorua Regional Airport,Rotorua,NZ,-38.1092,176.317
ROV,URRP,Platov International Airport,Rostov-on-Don,RU,47.50083,39.93361
ROW,KROW,Roswell Air Center Airport,Roswell,US,33.299878,-104.529403
ROX,KROX,Roseau Municipal/Rudy Billberg Field,Roseau,US,48.85625,-95.696944
ROY,SAWM,Rio Mayo Airport,Rio Mayo,AR,-45.7039,-70.2456
ROZ,LERT,Rota Naval Station Airport,Rota,ES,36.6452,-6.34946
RPB,YRRB,Roper Bar Airport,,AU,-14.7383,134.51801
RPM,YNGU,Ngukurr Airport,,AU,-14.7228,134.74699
RPN,LLIB,Ben Ya'akov Airport,Rosh Pina,IL,32.981,35.5719
RPR,VARP,Raipur Airport,Raipur,IN,21.1804,81.7388
RPX,KRPX,Roundup Airport,Roundup,US,46.475,-108.543417
RQA,ZWRQ,Ruoqiang Loulan Airport,Ruoqiang,CN,38.974722,88.008333
RQW,ORQW,Qayyarah West Airport,Qayyarah,IQ,35.7672,43.1251
RQY,VOSH,Shivamogga Airport,Shimoga,IN,13.854722,75.610556
RRE,YMRE,Marree Airport,,AU,-29.6633,138.065
RRG,FIMR,Sir Charles Gaetan Duval Airport,Port Mathurin,MU,-19.7577,63.361
RRK,VERK,Rourkela Airport,,IN,22.2567,84.8146
RRL,KRRL,Merrill Municipal Airport,Merrill,US,45.198917,-89.712852
RRR,NTKO,Raroia Airport,,PF,-16.045,-142.47694
RRS,ENRO,Røros Airport,Roros,NO,62.5784,11.3423
RRT,KRRT,Warroad International Memorial Airport,Warroad,US,48.941472,-95.348472
RSA,SAZR,Santa Rosa Airport,Santa Rosa,AR,-36.5883,-64.2757
RSB,YRSB,Roseberth Airport,,AU,-25.8333,139.64999
RSD,MYER,Rock Sound Airport,Rock Sound,BS,24.89508,-76.17688
RSH,PARS,Russian Mission Airport,Russian Mission,US,61.77489,-161.319399
RSI,OERS,Red Sea International Airport,Hanak,SA,25.628333,37.088889
RSK,WASC,Abresso Airport,Ransiki-Papua Island,ID,-1.50845,134.187
RSL,KRSL,Russell Municipal Airport,Russell,US,38.871364,-98.811604
RSN,KRSN,Ruston Regional Airport,Ruston,US,32.513225,-92.588445
RSS,HSDZ,Damazin Airport,Ad Damazin,SD,11.7859,34.3367
RST,KRST,Rochester International Airport,Rochester,US,43.908278,-92.500028
RSU,RKJY,Yeosu Airport,Yeosu,KR,34.8423,127.617
RSW,KRSW,Southwest Florida International Airport,Fort Myers,US,26.536164,-81.755155
RTA,NFNR,Rotuma Airport,Rotuma,FJ,-12.4825,177.071
RTB,MHRO,Juan Manuel Galvez International Airport,Roatan Island,HN,16.3168,-86.523
RTC,VARG,Ratnagiri Airport,,IN,17.0136,73.3278
RTG,WATG,Satar Tacik Airport,Satar Tacik-Flores Island,ID,-8.59701,120.477
RTL,K0F3,Spirit Lake Municipal Airport,Spirit Lake,US,43.387421,-95.139468
RTM,EHRD,Rotterdam Airport,Rotterdam,NL,51.9569,4.43722
RTN,KRTN,Raton Municipal/Crews Field,Raton,US,36.742439,-104.501726
RTP,YRTP,Rutland Plains Airport,,AU,-15.6433,141.843
RTS,YRTI,Rottnest Island Airport,,AU,-32.0067,115.54
RTU,WAQC,Maratua Airport,Maratua Island,ID,2.1975,118.599167
RTY,YMYT,Merty Merty Airport,,AU,-28.5833,140.317
RUA,HUAR,Arua Airport,Arua,UG,3.05,30.917
RUD,OIMJ,Shahroud Airport,,IR,36.4253,55.1042
RUE,FZMB,Rughenda Airfield,Butembo,CD,0.11714,29.31299
RUG,ZSRG,Rugao Air Base,Rugao,CN,32.25788,120.50166
RUH,OERK,King Khaled International Airport,Riyadh,SA,24.9576,46.6988
RUI,KSRR,Sierra Blanca Regional Airport,Ruidoso,US,33.460944,-105.530139
RUK,VNRK,Rukumkot Airport,Rukumkot,NP,28.627,82.195
RUL,VRQM,Maavaarulaa Airport,Gadhdhoo,MV,0.336667,73.511389
RUM,VNRT,Rumjatar Airport,Rumjatar,NP,27.3035,86.5504
RUN,FMEE,Roland Garros Airport,St Denis,RE,-20.8871,55.5103
RUP,VERU,Rupsi India Airport,,IN,26.1397,89.91
RUR,NTAR,Rurutu Airport,,PF,-22.4341,-151.36099
RUS,AGGU,Marau Airport,Marau,SB,-9.86167,160.825
RUT,KRUT,Rutland/Southern Vermont Regional Airport,Rutland,US,43.52973,-72.949626
RUV,MGRB,Rubelsanto Airport,Rubelsanto,GT,15.992,-90.4453
RUY,MHRU,Copan Ruinas Airport,Ruinas de Copan,HN,14.8403,-89.144
RVA,FMSG,Farafangana Airport,,MG,-22.8053,47.8206
RVD,SWLC,General Leite de Castro Airport,Rio Verde,BR,-17.83472,-50.95611
RVE,SKSA,Los Colonizadores Airport,Saravena,CO,6.95033,-71.85617
RVI,URRR,Rostov-na-Donu Airport,Rostov-on-Don,RU,47.2582,39.8181
RVK,ENRM,Rørvik Airport Ryum,Rorvik,NO,64.8383,11.1461
RVN,EFRO,Rovaniemi Airport,Rovaniemi,FI,66.5648,25.8304
RVO,FARI,Reivilo Airport,Reivilo,ZA,-27.5472,24.1725
RVR,KU34,Green River Municipal Airport,Green River,US,38.961689,-110.227288
RVS,KRVS,Tulsa Riverside Airport,Tulsa,US,36.039584,-95.984595
RVT,YNRV,Ravensthorpe Airport,,AU,-33.7972,120.208
RVV,NTAV,Raivavae Airport,,PF,-23.8852,-147.662
RVY,SURV,Presidente General Don Oscar D. Gestido International Airport,Rivera,UY,-30.9746,-55.4762
RWF,KRWF,Redwood Falls Municipal Airport,Redwood Falls,US,44.546889,-95.082
RWI,KRWI,Rocky Mount/Wilson Regional Airport,Rocky Mount,US,35.856253,-77.891933
RWL,KRWL,Rawlins Municipal/Harvey Field,Rawlins,US,41.805722,-107.200333
RWN,UKLR,Rivne International Airport,Rivne,UA,50.6071,26.1416
RXE,KRXE,Rexburg-Madison County Airport,Rexburg,US,43.833917,-111.805111
RXS,RPVR,Roxas Airport,Roxas City,PH,11.5977,122.752
RYB,UUBK,Staroselye Airport,Rybinsk,RU,58.1042,38.9294
RYK,OPRK,Shaikh Zaid Airport,Rahim Yar Khan,PK,28.3839,70.2796
RYN,LFCY,Royan-Medis Airport,Royan/Medis,FR,45.6281,-0.9725
RYO,SAWT,28 De Noviembre Airport,El Turbio,AR,-51.6092,-72.2217
RZA,SAWU,Santa Cruz Airport,Santa Cruz,AR,-50.0165,-68.5792
RZE,EPRZ,Rzeszow-Jasionka Airport,Rzeszow,PL,50.11,22.019
RZN,UUWR,Turlatovo Airport,Ryazan,RU,54.5559,39.8552
RZP,RPSD,Cesar Lim Rodriguez Airport,Taytay Airport,PH,10.81874,119.5077
RZR,OINR,Ramsar Airport,,IR,36.9099,50.6796
RZV,LTFO,Rize–Artvin Airport,,TR,41.169167,40.828889
RZZ,KIXA,Halifax/Northampton Regional Airport,Roanoke Rapids,US,36.329792,-77.635231
SAA,KSAA,Shively Field,Saratoga,US,41.443528,-106.827528
SAB,TNCS,Juancho E. Yrausquin Airport,Saba,BQ,17.645,-63.22
SAC,KSAC,Sacramento Executive Airport,Sacramento,US,38.512861,-121.493301
SAD,KSAD,Safford Regional/1Lt Duane Spalsbury Field,Safford,US,32.853341,-109.635082
SAF,KSAF,Santa Fe Regional Airport,Santa Fe,US,35.617111,-106.089417
SAH,OYSN,Sana'a International Airport,Sana'a,YE,15.4763,44.2197
SAI,VDSA,Siem Reap Angkor International Airport,Siem Reap,KH,13.36917,104.22306
SAK,BIKR,Sauðárkrókur Airport,Sauðárkrókur,IS,65.7317,-19.5728
SAL,MSLP,El Salvador International Airport,Santa Clara,SV,13.4409,-89.0557
SAN,KSAN,San Diego International Airport,San Diego,US,32.733563,-117.189663
SAP,MHLM,Ramon Villeda Morales International Airport,La Mesa,HN,15.4526,-87.9236
SAQ,MYAN,San Andros Airport,Andros Island,BS,25.0538,-78.049
SAR,KSAR,Sparta Community-Hunter Field,Sparta,US,38.148864,-89.698504
SAS,KSAS,Salton Sea Airport,Salton City,US,33.241194,-115.952583
SAT,KSAT,San Antonio International Airport,San Antonio,US,29.533958,-98.469057
SAU,WRKS,Sawu Airport,Sawu-Sawu Island,ID,-10.4833,121.9
SAV,KSAV,Savannah/Hilton Head International Airport,Savannah,US,32.127583,-81.202139
SAW,LTFJ,Sabiha Gokcen International Airport,Istanbul,TR,40.8986,29.3092
SAY,LIQS,Siena / Ampugnano Airport,Siena,IT,43.2563,11.255
SAZ,GLST,Sasstown Airport,Sasstown,LR,4.66667,-8.43333
SBA,KSBA,Santa Barbara Municipal Airport,Santa Barbara,US,34.426192,-119.841493
SBB,SVSB,Santa Barbara de Barinas Airport,Santa Barbara,VE,7.80351,-71.16572
SBD,KSBD,San Bernardino International Airport,San Bernardino,US,34.095361,-117.234889
SBE,AYSA,Suabi Airport,,PG,-6.10444,142.27833
SBG,WITN,Maimun Saleh Airport,"Sabang, We Island",ID,5.87413,95.3397
SBH,TFFJ,Gustaf III Airport,Gustavia,BL,17.9044,-62.8436
SBI,GUSB,Sambailo Airport,Koundara,GN,12.5727,-13.3585
SBJ,SNMX,Sao Mateus Airport,Sao Mateus,BR,-18.7213,-39.8337
SBK,LFRT,Saint-Brieuc-Armor Airport,Saint-Brieuc/Armor,FR,48.5378,-2.85444
SBL,SLSA,Santa Ana Del Yacuma Airport,Santa Ana del Yacuma,BO,-13.7622,-65.4352
SBM,KSBM,Sheboygan County Memorial International Airport,Sheboygan,US,43.76977,-87.851722
SBN,KSBN,South Bend International Airport,South Bend,US,41.708224,-86.317337
SBO,K44U,Salina-Gunnison Airport,Salina,US,39.029128,-111.838258
SBP,KSBP,San Luis Obispo County Regional Airport,San Luis Obispo,US,35.237273,-120.642603
SBQ,OPSB,Sibi Airport,Sibi,PK,29.5712,67.8479
SBR,YSII,Saibai Island Airport,Saibai Island,AU,-9.37833,142.625
SBS,KSBS,Steamboat Springs/Bob Adams Field,Steamboat Springs,US,40.516261,-106.866302
SBT,USDA,Sabetta Airport,Sabetta,RU,71.215,72.038
SBU,FASB,Springbok Airport,Springbok,ZA,-29.6893,17.9396
SBW,WBGS,Sibu Airport,Sibu,MY,2.2616,111.985
SBX,KSBX,Shelby Airport,Shelby,US,48.540694,-111.87125
SBY,KSBY,Salisbury-Ocean City Wicomico Regional Airport,Salisbury,US,38.340189,-75.509478
SBZ,LRSB,Sibiu International Airport,Sibiu,RO,45.7856,24.0913
SCB,KSCB,Scribner State Airport,Scribner,US,41.610708,-96.629779
SCC,PASC,Deadhorse Airport,Deadhorse,US,70.194754,-148.465165
SCE,KUNV,State College Regional Airport,State College,US,40.85,-77.847583
SCF,KSDL,Scottsdale Airport,Scottsdale,US,33.622881,-111.910531
SCG,YSPK,Spring Creek Airport,,AU,-18.6333,144.567
SCH,KSCH,Schenectady County Airport,Schenectady,US,42.852718,-73.929564
SCI,SVPM,Paramillo Airport,,VE,7.80132,-72.2029
SCK,KSCK,Stockton Metro Airport,Stockton,US,37.894412,-121.238744
SCL,SCEL,Comodoro Arturo Merino Benitez International Airport,Santiago,CL,-33.393,-70.7858
SCM,PACM,Scammon Bay Airport,Scammon Bay,US,61.844542,-165.57375
SCN,EDDR,Saarbrucken Airport,Saarbrucken,DE,49.2146,7.10951
SCO,UATE,Aktau International Airport,Aktau,KZ,43.8601,51.092
SCP,LFNC,Mont-Dauphin - St-Crepin Airport,Mende,FR,44.7017,6.60028
SCQ,LEST,Santiago de Compostela Airport,Santiago de Compostela,ES,42.8963,-8.41514
SCR,ESKS,Sälen/Scandinavian Mountains Airport,Rörbäcksnäs,SE,61.164667,12.833833
SCT,OYSQ,Socotra International Airport,Socotra Islands,YE,12.6307,53.9058
SCU,MUCU,Antonio Maceo International Airport,Santiago,CU,19.9698,-75.8354
SCV,LRSV,Suceava Stefan cel Mare Airport,Suceava,RO,47.6875,26.3541
SCW,UUYY,Syktyvkar Airport,Syktyvkar,RU,61.647,50.8451
SCY,SEST,San Cristobal Airport,San Cristobal,EC,-0.91021,-89.6174
SCZ,AGGL,Santa Cruz/Graciosa Bay/Luova Airport,Santa Cruz/Graciosa Bay/Luova,SB,-10.7203,165.795
SDB,FALW,Langebaanweg Airport,Langebaanweg,ZA,-32.9689,18.1603
SDD,FNUB,Lubango Airport,Lubango,AO,-14.9247,13.575
SDE,SANE,Vicecomodoro Angel D. La Paz Aragones Airport,Santiago del Estero,AR,-27.76556,-64.31
SDF,KSDF,Louisville Muhammad Ali International Airport,Louisville,US,38.174085,-85.736494
SDG,OICS,Sanandaj Airport,,IR,35.2459,47.0092
SDJ,RJSS,Sendai Airport,Sendai,JP,38.1397,140.91701
SDK,WBKS,Sandakan Airport,Sandakan,MY,5.9009,118.059
SDL,ESNN,Sundsvall-Harnosand Airport,Sundsvall/ Harnosand,SE,62.5281,17.4439
SDM,KSDM,Brown Field Municipal Airport,San Diego,US,32.572278,-116.980167
SDN,ENSD,Sandane Airport Anda,Sandane,NO,61.83,6.10583
SDP,PASD,Sand Point Airport,Sand Point,US,55.313695,-160.521425
SDQ,MDSD,Las Americas International Airport,Santo Domingo,DO,18.4297,-69.6689
SDR,LEXJ,Santander Airport,Santander,ES,43.4271,-3.82001
SDS,RJSD,Sado Airport,,JP,38.0602,138.414
SDT,OPSS,Saidu Sharif Airport,Saidu Sharif,PK,34.8136,72.3528
SDU,SBRJ,Santos Dumont Airport,Rio De Janeiro,BR,-22.9105,-43.1631
SDX,KSEZ,Sedona Airport,Sedona,US,34.848589,-111.788448
SDY,KSDY,Sidney-Richland Regional Airport,Sidney,US,47.706857,-104.192555
SEA,KSEA,Seattle-Tacoma International Airport,Seattle,US,47.449889,-122.311778
SEB,HLLS,Sabha Airport,Sabha,LY,26.987,14.4725
SEE,KSEE,Gillespie Field,San Diego/El Cajon,US,32.826222,-116.972444
SEF,KSEF,Sebring Regional Airport,Sebring,US,27.456389,-81.342389
SEG,KSEG,Penn Valley Airport,Selinsgrove,US,40.821235,-76.864172
SEH,WAJS,Senggeh Airport,Senggeh-Papua Island,ID,-3.43333,140.817
SEM,KSEM,Craig Field,Selma,US,32.343947,-86.987806
SEN,EGMC,Southend Airport,Southend,GB,51.5714,0.69556
SEO,DISG,Seguela Airport,Seguela,CI,7.96833,-6.71083
SEP,KSEP,Stephenville Clark Regional Airport,Stephenville,US,32.215324,-98.177677
SER,KSER,Freeman Municipal Airport,Seymour,US,38.924256,-85.909721
SEU,HTSN,Seronera Airport,Seronera,TZ,-2.45806,34.8225
SEV,UKCS,Sievierodonetsk Airport,Sievierodonetsk,UA,48.90033,38.54167
SEW,HE24,Siwa Oasis North Airport,Siwa,EG,29.3455,25.5067
SEY,GQNS,Selibaby Airport,Selibaby,MR,15.1797,-12.2073
SEZ,FSIA,Seychelles International Airport,Mahe Island,SC,-4.67434,55.5218
SFA,DTTX,Sfax Thyna International Airport,Sfax,TN,34.718,10.691
SFB,KSFB,Orlando Sanford International Airport,Orlando,US,28.777178,-81.234914
SFC,TFFC,St-Francois Airport,St-Francois,GP,16.2578,-61.2625
SFD,SVSR,San Fernando De Apure Airport,Inglaterra,VE,7.88332,-67.444
SFE,RPUS,San Fernando Airport,,PH,16.5956,120.303
SFF,KSFF,Felts Field,Spokane,US,47.682941,-117.322426
SFG,TFFG,L'Esperance Airport,Grand Case,MF,18.0999,-63.0472
SFH,MMSF,San Felipe International Airport,,MX,30.9302,-114.809
SFJ,BGSF,Kangerlussuaq Airport,Kangerlussuaq,GL,67.01222,-50.7116
SFK,SNSW,Soure Airport,Soure,BR,-0.69943,-48.521
SFL,GVSF,Sao Filipe Airport,Sao Filipe,CV,14.885,-24.48
SFM,KSFM,Sanford Seacoast Regional Airport,Sanford,US,43.393806,-70.708
SFN,SAAV,Sauce Viejo Airport,Santa Fe,AR,-31.7117,-60.8117
SFO,KSFO,San Francisco International Airport,San Francisco,US,37.618806,-122.375417
SFQ,LTCH,Sanliurfa Airport,Sanliurfa,TR,37.0943,38.8471
SFS,RPLB,Subic Bay International Airport,Olongapo City,PH,14.7944,120.271
SFT,ESNS,Skelleftea Airport,Skelleftea,SE,64.6248,21.0769
SFZ,KSFZ,North Central State Airport,Pawtucket,US,41.92075,-71.491417
SGA,OASN,Sheghnan Airport,Sheghnan,AF,37.567,71.5
SGC,USRR,Surgut Airport,Surgut,RU,61.3437,73.4018
SGD,EKSB,Sonderborg Airport,Sonderborg,DK,54.9644,9.79173
SGE,EDGS,Siegerland Airport,,DE,50.7077,8.08297
SGF,KSGF,Springfield-Branson Ntl Airport,Springfield,US,37.245661,-93.388627
SGG,WBGY,Simanggang Airport,Simanggang,MY,1.217,111.45
SGH,KSGH,Springfield/Beckley Municipal Airport,Springfield,US,39.840278,-83.840167
SGI,OPSR,Mushaf Air Base,Sargodha,PK,32.0486,72.665
SGL,RPLS,Sangley Point Air Base,Cavite City,PH,14.4954,120.904
SGN,VVTS,Tan Son Nhat International Airport,Ho Chi Minh City,VN,10.8188,106.652
SGO,YSGE,St George Airport,,AU,-28.0497,148.595
SGP,YSHG,Shay Gap Airport,Shay Gap,AU,-20.4247,120.141
SGQ,WRLA,Sanggata Airport,Sanggata-Timor Island,ID,0.5,117.33336
SGR,KSGR,Sugar Land Regional Airport,Houston,US,29.622249,-95.656534
SGS,RPMN,Sanga Sanga Airport,,PH,5.04699,119.743
SGT,KSGT,Stuttgart Municipal Carl Humphrey Field,Stuttgart,US,34.599479,-91.575
SGU,KSGU,St George Regional Airport,St George,US,37.036378,-113.510303
SGV,SAVS,Sierra Grande Airport,Sierra Grande,AR,-41.5917,-65.3394
SGX,HTSO,Songea Airport,Songea,TZ,-10.683,35.583
SGY,PAGY,Skagway Airport,Skagway,US,59.4602,-135.31686
SGZ,VTSH,Songkhla Airport,,TH,7.18656,100.608
SHA,ZSSS,Shanghai Hongqiao International Airport,Shanghai,CN,31.1979,121.336
SHB,RJCN,Nakashibetsu Airport,Nakashibetsu,JP,43.5775,144.96001
SHC,HASR,Shire Airport,Shire,ET,14.076,38.2735
SHD,KSHD,Shenandoah Valley Regional Airport,Staunton/Waynesboro/Harrisonburg,US,38.263833,-78.896444
SHE,ZYTX,Taoxian Airport,Shenyang,CN,41.6398,123.483
SHG,PAGH,Shungnak Airport,Shungnak,US,66.888083,-157.162417
SHH,PASH,Shishmaref Airport,Shishmaref,US,66.249583,-166.089361
SHI,RORS,Shimojishima Airport,,JP,24.8267,125.145
SHJ,OMSJ,Sharjah International Airport,Sharjah,AE,25.3286,55.5172
SHK,FXSH,Sehonghong Airport,Sehonghong,LS,-29.7309,28.7689
SHL,VEBI,Shillong Airport,Shillong,IN,25.7036,91.9787
SHM,RJBD,Nanki Shirahama Airport,Shirahama,JP,33.6622,135.364
SHN,KSHN,Sanderson Field,Shelton,US,47.233556,-123.147556
SHO,FDSK,King Mswati III Intl,Manzini,SZ,-26.35694,31.71722
SHQ,YSPT,Southport Airport,,AU,-27.915,153.373
SHR,KSHR,Sheridan County Airport,Sheridan,US,44.769194,-106.980278
SHS,ZHSS,Shashi Airport,Shashi,CN,30.3244,112.281
SHT,YSHT,Shepparton Airport,,AU,-36.4289,145.39301
SHU,YSMP,Smith Point Airport,,AU,-11.15,132.14999
SHV,KSHV,Shreveport Regional Airport,Shreveport,US,32.446515,-93.82604
SHW,OESH,Sharurah Airport,,SA,17.4669,47.1214
SHX,PAHX,Shageluk Airport,Shageluk,US,62.692306,-159.569222
SHY,HTSY,Shinyanga Airport,Shinyanga,TZ,-3.6093,33.5035
SHZ,FXSS,Seshutes Airport,Seshutes,LS,-29.2676,28.5523
SIB,FCBS,Sibiti Airport,Sibiti,CG,-3.683,13.35
SID,GVAC,Amilcar Cabral International Airport,Espargos,CV,16.7414,-22.9494
SIE,LPSI,Sines Airport,Sines,PT,37.94169,-8.8173
SIF,VNSI,Simara Airport,Simara,NP,27.1595,84.9801
SIG,TJIG,Fernando Luis Ribas Dominicci Airport,San Juan,US,18.456778,-66.098472
SIH,VNDT,Silgadi Doti Airport,Silgadi Doti,NP,29.2631,80.936
SII,GMMF,Sidi Ifni Xx Airport,Sidi Ifni,MA,29.3667,-10.1878
SIJ,BISI,Siglufjörður Airport,Siglufjörður,IS,66.1333,-18.9167
SIK,KSIK,Sikeston Memorial Municipal Airport,Sikeston,US,36.898889,-89.56175
SIL,AYSG,Sila Airport,Sila Mission,PG,-9.07356,148.38925
SIM,AYSJ,Simbai Airport,Simbai,PG,-5.27861,144.54472
SIN,WSSS,Singapore Changi International Airport,Singapore,SG,1.35019,103.994
SIO,YSMI,Smithton Airport,,AU,-40.835,145.084
SIP,UKFF,Simferopol International Airport,Simferopol,UA,45.0522,33.9751
SIQ,WIDS,Dabo Airport,Pasirkuning-Singkep Island,ID,-0.47919,104.579
SIR,LSGS,Sion Airport,Sion,CH,46.2196,7.32676
SIS,FASS,Sishen Airport,Sishen,ZA,-27.6486,22.9993
SIT,PASI,Sitka Rocky Gutierrez Airport,Sitka,US,57.046834,-135.361069
SIU,MNSI,Siuna,Siuna,NI,13.72722,-84.77778
SIV,KSIV,Sullivan County Airport,Sullivan,US,39.114713,-87.448329
SIW,WIMP,Parapat Airport,"Parapat, Sumatra Island",ID,2.66667,98.93333
SIX,YSGT,Singleton Airport,Singleton,AU,-32.60083,151.19306
SIY,KSIY,Siskiyou County Airport,Montague,US,41.781444,-122.468111
SJA,SPJN,San Juan de Marcona Airport,San Juan de Marcona,PE,-15.3525,-75.1372
SJB,SLJO,San Joaquin Airport,San Joaquin,BO,-13.0528,-64.6617
SJC,KSJC,Mineta San Jose International Airport,San Jose,US,37.362995,-121.928621
SJD,MMSD,Los Cabos International Airport,San Jose del Cabo,MX,23.1518,-109.721
SJE,SKSJ,Jorge E. Gonzalez Torres Airport,San Jose Del Guaviare,CO,2.57969,-72.6394
SJI,RPUH,San Jose Airport,San Jose,PH,12.3615,121.047
SJJ,LQSA,Sarajevo International Airport,Sarajevo,BA,43.8246,18.3315
SJK,SBSJ,Professor Urbano Ernesto Stumpf Airport,Sao Jose Dos Campos,BR,-23.2292,-45.8615
SJL,SBUA,Sao Gabriel da Cachoeira Airport,Sao Gabriel Da Cachoeira,BR,-0.14835,-66.9855
SJN,KSJN,St Johns Industrial Air Park,St Johns,US,34.518556,-109.37875
SJO,MROC,Juan Santamaria International Airport,San Jose,CR,9.99386,-84.2088
SJP,SBSR,Sao Jose do Rio Preto Airport,Sao Jose Do Rio Preto,BR,-20.8166,-49.4065
SJQ,FLSS,Sesheke Airport,Sesheke,ZM,-17.4763,24.3047
SJS,SLJE,San Jose De Chiquitos Airport,San Jose de Chiquitos,BO,-17.8308,-60.7431
SJT,KSJT,San Angelo Regional/Mathis Field,San Angelo,US,31.357748,-100.496304
SJU,TJSJ,Luis Munoz Marin International Airport,San Juan,US,18.439399,-66.002133
SJV,SLJV,San Javier Airport,San Javier,BO,-16.2708,-62.4703
SJW,ZBSJ,Shijiazhuang Daguocun International Airport,Shijiazhuang,CN,38.2807,114.697
SJY,EFSI,Seinajoki Airport,Seinajoki / Ilmajoki,FI,62.6921,22.8323
SJZ,LPSJ,Sao Jorge Airport,Velas,PT,38.6655,-28.1758
SKA,KSKA,Fairchild Afb Airport,Spokane,US,47.615056,-117.655806
SKB,TKPK,Robert L. Bradshaw International Airport,Basseterre,KN,17.3112,-62.7187
SKC,AYSU,Suki Airport,Suki,PG,-8.0466,141.7222
SKD,UZSS,Samarkand Airport,Samarkand,UZ,39.7005,66.9838
SKF,KSKF,Kelly Field,San Antonio,US,29.384233,-98.581117
SKG,LGTS,Thessaloniki Macedonia International Airport,Thessaloniki,GR,40.5197,22.9709
SKH,VNSK,Surkhet Airport,Surkhet,NP,28.586,81.636
SKK,PFSH,Shaktoolik Airport,Shaktoolik,US,64.371083,-161.223972
SKL,XBRO,Skye Bridge Ashaig Airport,Broadford,GB,57.2534,-5.8279
SKN,ENSK,Stokmarknes Skagen Airport,Hadsel,NO,68.57883,15.03342
SKO,DNSO,Sadiq Abubakar III International Airport,Sokoto,NG,12.9163,5.20719
SKP,LWSK,Skopje International Airport,Skopje,MK,41.9616,21.6214
SKQ,FXSK,Sekakes Airport,Sekakes,LS,-30.0389,28.3703
SKS,EKSP,Vojens Skrydstrup Airport,Vojens,DK,55.2256,9.26393
SKT,OPST,Sialkot Airport,Sialkot,PK,32.53556,74.36389
SKU,LGSY,Skiros Airport,Skiros Island,GR,38.9676,24.4872
SKV,HESC,St Catherine International Airport,,EG,28.6853,34.0625
SKW,PASW,Skwentna Airport,Skwentna,US,61.966113,-151.19539
SKX,UWPS,Saransk Airport,Saransk,RU,54.12513,45.21226
SKZ,OPSK,Sukkur Airport,Mirpur Khas,PK,27.722,68.7917
SLA,SASA,Martin Miguel De Guemes International Airport,Salta,AR,-24.856,-65.4862
SLB,KSLB,Storm Lake Municipal Airport,Storm Lake,US,42.597235,-95.240666
SLC,KSLC,Salt Lake City International Airport,Salt Lake City,US,40.788393,-111.977773
SLD,LZSL,Sliac Airport,Sliac,SK,48.6378,19.1341
SLE,KSLE,Mcnary Field,Salem,US,44.909528,-123.0025
SLF,OESL,Sulayel Airport,,SA,20.4647,45.6196
SLG,KSLG,Smith Field,Siloam Springs,US,36.191854,-94.489991
SLH,NVSC,Sola Airport,Sola,VU,-13.8517,167.537
SLI,FLSW,Solwesi Airport,Solwesi,ZM,-12.1737,26.3651
SLJ,YSOL,Solomon Airport,Karijini National Park,AU,-22.25528,117.76194
SLK,KSLK,Adirondack Regional Airport,Saranac Lake,US,44.385308,-74.206181
SLL,OOSA,Salalah Airport,Salalah,OM,17.0387,54.0913
SLM,LESA,Salamanca Airport,Salamanca,ES,40.9521,-5.50199
SLN,KSLN,Salina Regional Airport,Salina,US,38.790611,-97.652222
SLO,KSLO,Salem-Leckrone Airport,Salem,US,38.642872,-88.964185
SLP,MMSP,Ponciano Arriaga International Airport,San Luis Potosi,MX,22.2543,-100.931
SLQ,PASL,Sleetmute Airport,Sleetmute,US,61.700509,-157.16585
SLR,KSLR,Sulphur Springs Municipal Airport,Sulphur Springs,US,33.159833,-95.621139
SLT,KANK,Salida/Harriett Alexander Field,Salida,US,38.538278,-106.048639
SLU,TLPC,George F. L. Charles Airport,Castries,LC,14.0202,-60.9929
SLV,VISM,Shimla Airport,,IN,31.0818,77.068
SLW,MMIO,Plan De Guadalupe International Airport,Saltillo,MX,25.5495,-100.929
SLX,MBSY,Salt Cay Airport,Salt Cay,TC,21.333,-71.2
SLY,USDD,Salekhard Airport,Salekhard,RU,66.5908,66.611
SLZ,SBSL,Marechal Cunha Machado International Airport,Sao Luis,BR,-2.58536,-44.2341
SMA,LPAZ,Santa Maria Airport,Vila do Porto,PT,36.9714,-25.1706
SMB,SCSB,Franco Bianco Airport,Cerro Sombrero,CL,-52.7367,-69.3336
SMD,KSMD,Smith Field,Fort Wayne,US,41.143361,-85.152778
SME,KSME,Lake Cumberland Regional Airport,Somerset,US,37.053583,-84.615639
SMF,KSMF,Sacramento International Airport,Sacramento,US,38.695444,-121.590778
SMG,SPMR,Santa Maria Airport,Santa Maria,PE,-11.98333,-77.0
SMI,LGSM,Samos Airport,Samos Island,GR,37.69,26.9117
SMK,PAMK,St Michael Airport,St Michael,US,63.490056,-162.110389
SML,MYLS,Stella Maris Airport,Stella Maris,BS,23.58232,-75.26862
SMM,WBKA,Semporna Airport,Semporna,MY,4.45,118.583
SMN,KSMN,Lemhi County Airport,Salmon,US,45.123278,-113.881444
SMO,KSMO,Santa Monica Municipal Airport,Santa Monica,US,34.015822,-118.451306
SMQ,WAOS,Sampit(Hasan) Airport,"Sampit, Borneo Island",ID,-2.49919,112.975
SMR,SKSM,Simon Bolivar International Airport,Santa Marta,CO,11.1196,-74.2306
SMS,FMMS,Sainte Marie Airport,,MG,-17.0939,49.8158
SMU,PASP,Sheep Mountain Airport,Sheep Mountain,US,61.811281,-147.509051
SMV,LSZS,Samedan Airport,,CH,46.5341,9.88411
SMW,GMMA,Smara Airport,Smara,EH,26.7318,-11.6847
SMX,KSMX,Santa Maria Pub/Capt G Allan Hancock Field,Santa Maria,US,34.899944,-120.458083
SMY,GOTS,Simenti Airport,Simenti,SN,13.0468,-13.2954
SMZ,SMST,Stoelmanseiland Airport,Stoelmanseiland,SR,4.35,-54.41667
SNA,KSNA,John Wayne/Orange County Airport,Santa Ana,US,33.675662,-117.868233
SNB,YSNB,Snake Bay Airport,,AU,-11.4228,130.65401
SNC,SESA,General Ulpiano Paez Airport,Salinas,EC,-2.20499,-80.9889
SNE,GVSN,Preguica Airport,Preguica,CV,16.5884,-24.2847
SNF,SVSP,Sub Teniente Nestor Arias Airport,San Felipe,VE,10.2787,-68.7552
SNG,SLSI,Capitan Av. Juan Cochamanidis S. Airport,San Ignacio de Velasco,BO,-16.3836,-60.9628
SNH,YSPE,Stanthorpe Airport,,AU,-28.6203,151.991
SNI,GLGE,Greenville Sinoe Airport,Greenville,LR,5.03431,-9.0668
SNJ,MUSJ,San Julian Air Base,Pinar Del Rio,CU,22.0953,-84.152
SNK,KSNK,Winston Field,Snyder,US,32.693389,-100.950472
SNL,KSNL,Shawnee Regional Airport,Shawnee,US,35.357306,-96.942833
SNM,SLSM,San Ignacio de Moxos Airport,San Ignacio de Moxos,BO,-14.0,-65.6339
SNN,EINN,Shannon Airport,Shannon,IE,52.702,-8.92482
SNO,VTUI,Sakon Nakhon Airport,,TH,17.1951,104.119
SNP,PASN,St Paul Island Airport,St Paul Island,US,57.166306,-170.222556
SNR,LFRZ,Saint-Nazaire-Montoir Airport,Saint-Nazaire/Montoir,FR,47.3122,-2.14918
SNS,KSNS,Salinas Municipal Airport,Salinas,US,36.662411,-121.607154
SNU,MUSC,Abel Santamaria Airport,Santa Clara,CU,22.4922,-79.9436
SNV,SVSE,Santa Elena de Uairen Airport,,VE,4.555,-61.15
SNW,VYTD,Thandwe Airport,Thandwe,MM,18.4607,94.3001
SNX,OIIS,Semnan Airport,Semnan,IR,35.5911,53.4951
SNY,KSNY,Sidney Municipal/Lloyd W Carr Field,Sidney,US,41.099761,-102.984993
SNZ,SBSC,Santa Cruz Airport,Rio De Janeiro,BR,-22.9324,-43.7191
SOB,LHSM,Sarmellek International Airport,Sarmellek,HU,46.6864,17.1591
SOC,WARQ,Adi Sumarmo Wiryokusumo Airport,"Sukarata(Solo), Java Island",ID,-7.51609,110.757
SOD,SDCO,Sorocaba Airport,Sorocaba,BR,-23.478,-47.49
SOE,FCOS,Souanke Airport,Souanke,CG,2.067,14.133
SOF,LBSF,Sofia Airport,Sofia,BG,42.69669,23.41144
SOG,ENSG,Sogndal Airport,Sogndal,NO,61.1561,7.13778
SOJ,ENSR,Sørkjosen Airport,Sørkjosen,NO,69.7868,20.9594
SOK,FXSM,Semonkong Airport,Semonkong,LS,-29.8386,28.06
SOL,AK26,Solomon State Field,Solomon,US,64.560641,-164.442328
SOM,SVST,San Tome Airport,,VE,8.94515,-64.15108
SON,NVSS,Santo Pekoa International Airport,Luganville,VU,-15.505,167.22
SOO,ESNY,Soderhamn Airport,Soderhamn,SE,61.2615,17.0991
SOP,KSOP,Moore County Airport,Pinehurst/Southern Pines,US,35.237423,-79.389034
SOQ,WASS,Sorong (Jefman) Airport,Sorong-Papua Island,ID,-0.92636,131.121
SOT,EFSO,Sodankyla Airport,Sodankyla,FI,67.395,26.6191
SOU,EGHI,Southampton Airport,Southampton,GB,50.9503,-1.3568
SOV,PASO,Seldovia Airport,Seldovia,US,59.443906,-151.705042
SOW,KSOW,Show Low Regional Airport,Show Low,US,34.265472,-110.005662
SOX,SKSO,Alberto Lleras Camargo Airport,Sogamoso,CO,5.67732,-72.9703
SOY,EGER,Stronsay Airport,Stronsay,GB,59.1553,-2.64139
SOZ,LFKS,Solenzara (BA 126) Air Base,Solenzara,FR,41.9244,9.406
SPA,KSPA,Spartanburg Downtown Memorial/Simpson Field,Spartanburg,US,34.916405,-81.955771
SPC,GCLA,La Palma Airport,Sta Cruz de la Palma,ES,28.6265,-17.7556
SPD,VGSD,Saidpur Airport,Saidpur,BD,25.7592,88.9089
SPE,WBKO,Sepulot Airport,Sepulot,MY,4.733,116.467
SPF,KSPF,Black Hills-Clyde Ice Field,Spearfish,US,44.481056,-103.786
SPG,KSPG,Albert Whitted Airport,St Petersburg,US,27.765114,-82.62694
SPI,KSPI,Abraham Lincoln Capital Airport,Springfield,US,39.844611,-89.677556
SPJ,LGSP,Sparti Airport,Sparti,GR,36.9739,22.5263
SPM,ETAD,Spangdahlem Air Base,Trier,DE,49.9727,6.6925
SPN,PGSN,Francisco C Ada/Saipan International Airport,Saipan Island,MP,15.120249,145.729986
SPP,FNME,Menongue Airport,Menongue,AO,-14.6576,17.7198
SPS,KSPS,Sheppard Afb/Wichita Falls Municipal Airport,Wichita Falls,US,33.9888,-98.491906
SPU,LDSP,Split Airport,Split,HR,43.5389,16.298
SPW,KSPW,Spencer Municipal Airport,Spencer,US,43.165652,-95.202793
SPX,HESX,Sphinx International Airport,Giza,EG,30.11472,30.89333
SPY,DISP,San Pedro Airport,,CI,4.74672,-6.66082
SPZ,KASG,Springdale Municipal Airport,Springdale,US,36.176389,-94.11925
SQA,KIZA,Santa Ynez/Kunkle Field,Santa Ynez,US,34.606815,-120.07555
SQC,YSCR,Southern Cross Airport,,AU,-31.24,119.36
SQD,ZSSR,Sanqingshan,Shangrao,CN,28.37972,117.96417
SQH,VVNS,Na-San Airport,Son-La,VN,21.217,104.033
SQI,KSQI,Whiteside County/Jos H Bittorf Field,Sterling/Rockfalls,US,41.742833,-89.676278
SQJ,ZSSM,Sanming Shaxian Airport,Sanming,CN,26.42806,117.845
SQL,KSQL,San Carlos Airport,San Carlos,US,37.511861,-122.249531
SQM,SWUA,Sao Miguel do Araguaia Airport,Sao Miguel Do Araguaia,BR,-13.3313,-50.1976
SQN,WAPN,Emalamo Sanana Airport,Sanana-Seram Island,ID,-2.08051,125.967
SQO,ESUD,Storuman Airport,,SE,64.9609,17.6966
SQQ,EYSA,Siauliai International Airport,Siauliai,LT,55.8939,23.395
SQR,WAWS,Soroako Airport,Soroako-Celebes Island,ID,-2.5312,121.358
SQU,SPOA,Saposoa Airport,Plaza Saposoa,PE,-6.96003,-76.7684
SQV,KW28,Sequim Valley Airport,Sequim,US,48.097922,-123.187921
SQW,EKSV,Skive Airport,Skive,DK,56.5502,9.17298
SQX,SSOE,Sao Miguel do Oeste Airport,Sao Miguel Do Oeste,BR,-26.7816,-53.5035
SQY,SSRU,Sao Lourenco do Sul Airport,Sao Lourenco Do Sul,BR,-31.3833,-52.0328
SQZ,EGXP,RAF Scampton,Scampton,GB,53.3078,-0.55083
SRA,SSZR,Santa Rosa Airport,Santa Rosa,BR,-27.9067,-54.5204
SRB,SLSR,Santa Rosa De Yacuma Airport,Santa Rosa,BO,-14.0662,-66.7868
SRC,KSRC,Searcy Regional Airport,Searcy,US,35.21061,-91.737539
SRD,SLRA,San Ramon Airport,San Ramon / Mamore,BO,-13.2639,-64.6039
SRE,SLAL,Alcantarí International Airport,Yamparáez (Sucre),BO,-19.23867,-65.148
SRF,CA35,San Rafael Airport,San Rafael,US,38.016866,-122.520809
SRG,WARS,Achmad Yani Airport,"Semarang, Java Island",ID,-6.97273,110.375
SRH,FTTA,Sarh Airport,Sarh,TD,9.14444,18.3744
SRJ,SLSB,Capitan Av. German Quiroga G. Airport,San Borja,BO,-14.8592,-66.7375
SRN,YSRN,Strahan Airport,,AU,-42.155,145.29201
SRP,ENSO,Stord Airport,Leirvik,NO,59.7919,5.34085
SRQ,KSRQ,Sarasota/Bradenton International Airport,Sarasota/Bradenton,US,27.395444,-82.554389
SRT,HUSO,Soroti Airport,Soroti,UG,1.72769,33.6228
SRV,KSRV,Stony River 2 Airport,Stony River,US,61.78975,-156.588528
SRW,KRUQ,Mid-Carolina Regional Airport,Salisbury,US,35.645883,-80.520292
SRX,HLGD,Gardabya Airport,Sirt,LY,31.0635,16.595
SRY,OINZ,Dasht-e Naz Airport,Sari,IR,36.6358,53.1936
SRZ,SLET,El Trompillo Airport,Santa Cruz,BO,-17.8116,-63.1715
SSA,SBSV,Deputado Luiz Eduardo Magalhaes International Airport,Salvador,BR,-12.908624,-38.32288
SSC,KSSC,Shaw Afb Airport,Sumter,US,33.972724,-80.470564
SSD,SCSF,Victor Lafon Airport,San Felipe,CL,-32.7458,-70.705
SSE,VASL,Solapur Airport,Solapur,IN,17.628,75.9348
SSF,KSSF,Stinson Municipal Airport,San Antonio,US,29.336981,-98.471044
SSG,FGSL,Malabo Airport,Malabo,GQ,3.75527,8.70872
SSH,HESH,Sharm El Sheikh International Airport,Sharm el-Sheikh,EG,27.9773,34.395
SSI,KSSI,St Simons Island Airport,St Simons Island,US,31.151966,-81.39106
SSJ,ENST,Sandnessjoen Airport Stokka,Alstahaug,NO,65.9568,12.4689
SSM,KANJ,Sault Ste Marie Municipal/Sanderson Field,Sault Ste Marie,US,46.479222,-84.368389
SSN,RKSM,Seoul Air Base,,KR,37.4458,127.114
SSO,SNLO,Sao Lourenco Airport,Sao Lourenco,BR,-22.0909,-45.0445
SSR,NVSH,Sara Airport,Pentecost Island,VU,-15.4708,168.15199
SST,SAZL,Santa Teresita Airport,Santa Teresita,AR,-36.5423,-56.7218
SSW,7WA5,Stuart Island Airpark,Stuart Island,US,48.672878,-123.175745
SSX,LTAQ,Samsun Samair Airport,Samsun,TR,41.27864,36.30518
SSY,FNBC,Mbanza Congo Airport,Mbanza Congo,AO,-6.2699,14.247
SSZ,SBST,Base Aerea de Santos Airport,Guaruja,BR,-23.92806,-46.29972
STA,EKVJ,Stauning Airport,Skjern / Ringkobing,DK,55.9901,8.35391
STB,SVSZ,Santa Barbara del Zulia Airport,,VE,8.97455,-71.94325
STC,KSTC,St Cloud Sky Central Airport,St Cloud,US,45.546222,-94.059389
STD,SVSO,Mayor Buenaventura Vivas International Airport,Santo Domingo,VE,7.56538,-72.0351
STE,KSTE,Stevens Point Municipal Airport,Stevens Point,US,44.545136,-89.530284
STG,PAPB,St George Airport,St George,US,56.577361,-169.663722
STH,YSMR,Strathmore Airport,,AU,-17.85,142.567
STI,MDST,Cibao International Airport,Santiago,DO,19.4061,-70.6047
STJ,KSTJ,Rosecrans Memorial Airport,St Joseph,US,39.771944,-94.909706
STK,KSTK,Sterling Municipal Airport,Sterling,US,40.614298,-103.264261
STL,KSTL,St Louis Lambert International Airport,St Louis,US,38.748698,-90.370026
STM,SBSN,Maestro Wilson Fonseca Airport,Santarem,BR,-2.42472,-54.78583
STN,EGSS,London Stansted Airport,London,GB,51.885,0.235
STP,KSTP,St Paul Downtown Holman Field,St Paul,US,44.934615,-93.060354
STQ,KOYM,St Marys Municipal Airport,St Marys,US,41.412478,-78.502631
STR,EDDS,Stuttgart Airport,Stuttgart,DE,48.6899,9.22196
STS,KSTS,Charles M Schulz/Sonoma County Airport,Santa Rosa,US,38.509694,-122.812889
STT,TIST,Cyril E King Airport,Charlotte Amalie,US,18.337306,-64.973333
STV,VASU,Surat Airport,,IN,21.1141,72.7418
STW,URMT,Stavropol Shpakovskoye Airport,Stavropol,RU,45.1092,42.1128
STX,TISX,Henry E Rohlsen Airport,Christiansted,US,17.701537,-64.801982
STY,SUSO,Nueva Hesperides International Airport,Salto,UY,-31.4385,-57.9853
STZ,SWST,Santa Terezinha Airport,Santa Terezinha,BR,-10.46472,-50.51861
SUA,KSUA,Witham Field,Stuart,US,27.181699,-80.221293
SUB,WARR,Juanda International Airport,Surabaya,ID,-7.37983,112.787
SUD,KSUD,Stroud Municipal Airport,Stroud,US,35.789583,-96.655667
SUE,KSUE,Door County Cherryland Airport,Sturgeon Bay,US,44.843667,-87.421528
SUF,LICA,Lamezia Terme Airport,Lamezia Terme,IT,38.9054,16.2423
SUG,RPMS,Surigao Airport,Surigao City,PH,9.75584,125.48095
SUH,OOSR,Sur Airport,Sur,OM,22.533,59.483
SUI,UGSS,Sukhumi Dranda Airport,Sukhumi,GE,42.8582,41.1281
SUJ,LRSM,Satu Mare Airport,Satu Mare,RO,47.7033,22.8857
SUL,OPSU,Sui Airport,Sui,PK,28.6451,69.1769
SUM,KSMS,Sumter Airport,Sumter,US,33.995026,-80.361329
SUN,KSUN,Friedman Memorial Airport,Hailey,US,43.503781,-114.295558
SUO,KS21,Sunriver Airport,Sunriver,US,43.876312,-121.453051
SUP,WART,Trunojoyo Airport,Sumenep-Madura Island,ID,-7.02425,113.89021
SUQ,SESC,Sucua Airport,Sucua,EC,-2.483,-78.167
SUR,CJV7,Summer Beaver Airport,Summer Beaver,CA,52.7086,-88.5419
SUS,KSUS,Spirit Of St Louis Airport,St Louis,US,38.662117,-90.652047
SUT,HTSU,Sumbawanga Airport,Sumbawanga,TZ,-7.967,31.667
SUU,KSUU,Travis Afb Airport,Fairfield,US,38.264537,-121.924131
SUV,NFNA,Nausori International Airport,Nausori,FJ,-18.0433,178.55901
SUW,KSUW,Richard I Bong Airport,Superior,US,46.689684,-92.094642
SUX,KSUX,Sioux Gateway/Brig General Bud Day Field,Sioux City,US,42.401306,-96.384417
SUY,UENS,Suntar Airport,Suntar,RU,62.185,117.635
SVA,PASA,Savoonga Airport,Savoonga,US,63.686278,-170.493167
SVB,FMNS,Sambava Airport,,MG,-14.2786,50.1747
SVC,KSVC,Grant County Airport,Silver City,US,32.636547,-108.156385
SVD,TVSA,Argyle International Airport,Argyle,VC,13.16,-61.148667
SVE,KSVE,Susanville Municipal Airport,Susanville,US,40.375694,-120.572694
SVF,DBBS,Save Airport,Save,BJ,8.01817,2.46458
SVG,ENZV,Stavanger Airport Sola,Stavanger,NO,58.8767,5.63778
SVH,KSVH,Statesville Regional Airport,Statesville,US,35.764997,-80.9539
SVI,SKSV,Eduardo Falla Solano Airport,San Vicente Del Caguan,CO,2.15217,-74.7663
SVJ,ENSH,Svolvær Helle Airport,Svolvær,NO,68.2433,14.6692
SVL,EFSA,Savonlinna Airport,Savonlinna,FI,61.9431,28.9451
SVN,KSVN,Hunter Army Air Field,Savannah,US,32.01002,-81.145988
SVO,UUEE,Sheremetyevo International Airport,Moscow,RU,55.9726,37.4146
SVP,FNKU,Kuito Airport,Kuito,AO,-12.4046,16.9474
SVQ,LEZL,Sevilla Airport,Sevilla,ES,37.418,-5.89311
SVS,PFSV,Stevens Village Airport,Stevens Village,US,66.017167,-149.054361
SVT,FBSV,Savuti Airport,Savuti,BW,-18.5206,24.0767
SVU,NFNS,Savusavu Airport,Savusavu,FJ,-16.8028,179.341
SVW,PASV,Sparrevohn Lrrs Airport,Sparrevohn,US,61.097114,-155.574808
SVX,USSS,Koltsovo Airport,Yekaterinburg,RU,56.7431,60.8027
SVZ,SVSA,San Antonio Del Tachira Airport,,VE,7.84083,-72.4397
SWA,ZGOW,Shantou Waisha Airport,Shantou,CN,23.4269,116.762
SWC,YSWL,Stawell Airport,,AU,-37.0717,142.741
SWD,PAWD,Seward Airport,Seward,US,60.129886,-149.416629
SWF,KSWF,New York Stewart International Airport,New York,US,41.504111,-74.104833
SWH,YSWH,Swan Hill Airport,,AU,-35.3758,143.533
SWJ,NVSX,Southwest Bay Airport,Malekula Island,VU,-16.4864,167.4472
SWN,OPSW,Sahiwal Airport,Sahiwal,PK,31.88944,72.39167
SWO,KSWO,Stillwater Regional Airport,Stillwater,US,36.161389,-97.085893
SWP,FYSM,Swakopmund Airport,Swakopmund,NA,-22.6619,14.5681
SWQ,WADS,Sumbawa Besar Airport,Sumbawa Island,ID,-8.48904,117.412
SWS,EGFH,Swansea Airport,Swansea,GB,51.6053,-4.06783
SWT,UNSS,Strezhevoy Airport,Strezhevoy,RU,60.7094,77.66
SWU,RKSW,Suwon Airport,,KR,37.2394,127.007
SWV,UHMW,Severo-Evensk Airport,Evensk,RU,61.92167,159.23
SWW,KSWW,Avenger Field,Sweetwater,US,32.467361,-100.466556
SWX,FBSW,Shakawe Airport,Shakawe,BW,-18.3739,21.8326
SWY,WMBA,Sitiawan Airport,Sitiawan,MY,4.21639,100.69861
SXB,LFST,Strasbourg Airport,Strasbourg,FR,48.5383,7.62823
SXE,YWSL,West Sale Airport,West Sale,AU,-38.0917,146.965
SXG,FLSN,Senanga Airport,Senanga,ZM,-16.1,23.267
SXI,OIBS,Sirri Island Airport,,IR,25.9089,54.5394
SXJ,ZWSS,Shanshan Airport,Shanshan,CN,42.9117,90.2475
SXK,WAPI,Saumlaki Airport,Saumlaki-Yamdena Island,ID,-7.98861,131.306
SXL,EISG,Sligo Airport,Sligo,IE,54.2802,-8.59921
SXM,TNCM,Princess Juliana International Airport,Saint Martin,SX,18.041,-63.1089
SXN,FBSN,Sua Pan Airport,,BW,-20.5534,26.1158
SXO,SWFX,Sao Felix do Araguaia Airport,Sao Felix Do Araguaia,BR,-11.6324,-50.6896
SXP,PAAU,Nunam Iqua Airport,Nunam Iqua,US,62.520416,-164.847646
SXQ,PASX,Soldotna Airport,Soldotna,US,60.475139,-151.039639
SXR,VISR,Sheikh ul Alam Airport,Srinagar,IN,33.9871,74.7742
SXS,WBKH,Sahabat [Sahabat 16] Airport,Sahabat,MY,5.08778,119.094
SXT,WMAN,Sungai Tiang Airport,Taman Negara,MY,4.33028,102.395
SXV,VOSM,Salem Airport,,IN,11.7833,78.0656
SXX,SNFX,Sao Felix do Xingu Airport,Sao Felix Do Xingu,BR,-6.64028,-51.99
SXY,KN23,Sidney Municipal Airport,Sidney,US,42.302583,-75.415972
SXZ,LTCL,Siirt Airport,Siirt,TR,37.9789,41.8404
SYA,PASY,Eareckson Air Station,Shemya,US,52.712258,174.113589
SYC,SPSY,Shiringayoc Airport,Shiringayoc,PE,-11.8833,-69.2
SYD,YSSY,Sydney Kingsford Smith International Airport,Sydney,AU,-33.9461,151.177
SYI,KSYI,Bomar Field/Shelbyville Municipal Airport,Shelbyville,US,35.5594,-86.442472
SYJ,OIKY,Sirjan Airport,,IR,29.5509,55.6727
SYK,BIST,Stykkishólmur Airport,Stykkishólmur,IS,65.0581,-22.7942
SYM,ZPSM,Simao Airport,Simao,CN,22.7933,100.959
SYN,KSYN,Stanton Airfield,Stanton,US,44.475522,-93.01632
SYO,RJSY,Shonai Airport,Shonai,JP,38.8122,139.787
SYP,MPSA,Ruben Cantu Airport,Santiago,PA,8.0856,-80.9453
SYQ,MRPV,Tobias Bolanos International Airport,San Jose,CR,9.95705,-84.1398
SYR,KSYR,Syracuse Hancock International Airport,Syracuse,US,43.111181,-76.106321
SYS,UERS,Saskylakh Airport,Saskylakh,RU,71.9279,114.08
SYT,LFLN,Saint-Yan Airport,Saint-Yan,FR,46.4125,4.01326
SYU,YWBS,Warraber Island Airport,Sue Islet,AU,-10.2083,142.825
SYV,KSYV,Sylvester Airport,Sylvester,US,31.557155,-83.894036
SYW,OPSN,Sehwan Sharif Airport,Sehwan Sharif,PK,26.4731,67.7172
SYX,ZJSY,Sanya Phoenix International Airport,Sanya,CN,18.3029,109.412
SYY,EGPO,Stornoway Airport,Stornoway,GB,58.2156,-6.33111
SYZ,OISS,Shiraz Shahid Dastghaib International Airport,Shiraz,IR,29.5392,52.5898
SZA,FNSO,Soyo Airport,Soyo,AO,-6.14109,12.3718
SZB,WMSA,Sultan Abdul Aziz Shah International Airport,Subang,MY,3.13058,101.549
SZF,LTFH,Samsun Carsamba Airport,Samsun,TR,41.2545,36.5671
SZG,LOWS,Salzburg Airport,Salzburg,AT,47.7933,13.0043
SZH,ZBSG,Shuozhou Zirun Airport,Shuozhou,CN,39.273056,112.691111
SZJ,MUSN,Siguanea Airport,Isla de la Juventud,CU,21.6425,-82.9551
SZK,FASZ,Skukuza Airport,Skukuza,ZA,-24.9609,31.5887
SZL,KSZL,Whiteman Afb Airport,Knob Noster,US,38.730306,-93.547864
SZM,FYSS,Sesriem Airstrip,,NA,-24.5128,15.7467
SZP,KSZP,Santa Paula Airport,Santa Paula,US,34.347018,-119.061617
SZS,NZRC,Ryans Creek Aerodrome,Oban,NZ,-46.8997,168.101
SZT,MMSC,San Cristobal De Las Casas Airport,,MX,16.6903,-92.5301
SZV,ZSSZ,Guangfu Airport,Suzhou,CN,31.2631,120.401
SZW,EDOP,Schwerin Parchim Airport,,DE,53.427,11.7834
SZX,ZGSZ,Shenzhen Bao'an International Airport,Shenzhen,CN,22.6393,113.811
SZY,EPSY,Olsztyn-Mazury Airport,Szymany,PL,53.48194,20.93778
SZZ,EPSC,Szczecin-Goleniow Solidarność Airport,Goleniow,PL,53.5847,14.9022
TAB,TTCP,Tobago-Crown Point Airport,Scarborough,TT,11.1497,-60.8322
TAC,RPVA,Daniel Z. Romualdez Airport,Tacloban City,PH,11.2276,125.028
TAD,KTAD,Perry Stokes Airport,Trinidad,US,37.259224,-104.340861
TAE,RKTN,Daegu Airport,Daegu,KR,35.8941,128.659
TAF,DAOL,Tafaraoui Airport,,DZ,35.5424,-0.53228
TAG,RPSP,Panglao Bohol International Airport,Panglao,PH,9.571897,123.76948
TAH,NVVW,Tanna Airport,,VU,-19.4551,169.224
TAI,OYTZ,Ta'izz International Airport,Ta'izz,YE,13.686,44.1391
TAJ,AYTJ,Tadji Airport,Aitape,PG,-3.19819,142.43096
TAK,RJOT,Takamatsu Airport,Takamatsu,JP,34.2142,134.01601
TAL,PATA,Ralph M Calhoun Memorial Airport,Tanana,US,65.174389,-152.108111
TAM,MMTM,General Francisco Javier Mina International Airport,Tampico,MX,22.2964,-97.8659
TAN,YTGA,Tangalooma Airport,,AU,-27.13,153.36301
TAO,ZSQD,Qingdao/Jiaodong Airport,Qingdao,CN,36.365,120.09833
TAP,MMTP,Tapachula International Airport,Tapachula,MX,14.7943,-92.37
TAQ,YTAR,Tarcoola Airport,Tarcoola,AU,-30.7033,134.584
TAR,LIBG,Taranto / Grottaglie Airport,Grottaglie,IT,40.5175,17.4032
TAS,UZTT,Tashkent International Airport,Tashkent,UZ,41.2579,69.2812
TAT,LZTT,Poprad-Tatry Airport,Poprad,SK,49.0736,20.2411
TAU,SKTA,Tauramena Airport,Tauramena,CO,5.01281,-72.7424
TAW,SUTB,Tacuarembo Airport,Tacuarembo,UY,-31.749,-55.9258
TAX,WAPT,Taliabu Island Airport,Tikong-Taliabu Island,ID,-1.64263,124.559
TAY,EETU,Tartu Airport,Tartu,EE,58.3075,26.6904
TAZ,UTAT,Dashoguz Airport,Dashoguz,TM,41.7611,59.8267
TBB,VVTH,Dong Tac Airport,Tuy Hoa,VN,13.0496,109.334
TBC,KT03,Tuba City Airport,Tuba City,US,36.092639,-111.383083
TBF,NGTE,Tabiteuea North Airport,,KI,-1.22447,174.776
TBG,AYTB,Tabubil Airport,Tabubil,PG,-5.27861,141.226
TBH,RPVU,Romblon Airport,Romblon,PH,12.311,122.085
TBI,MYCB,New Bight Airport,Cat Island,BS,24.3153,-75.4523
TBJ,DTKA,Tabarka 7 Novembre Airport,Tabarka,TN,36.98,8.87694
TBK,YTBR,Timber Creek Airport,,AU,-15.62,130.44501
TBL,YTAB,Tableland Homestead Airport,,AU,-17.2833,126.9
TBN,KTBN,Waynesville-St Robert Regional Forney Field,Fort Leonard Wood,US,37.741639,-92.140722
TBO,HTTB,Tabora Airport,Tabora,TZ,-5.07639,32.8333
TBP,SPME,Capitan FAP Pedro Canga Rodriguez Airport,Tumbes,PE,-3.55253,-80.3814
TBR,KTBR,Statesboro-Bulloch County Airport,Statesboro,US,32.48275,-81.736944
TBS,UGTB,Tbilisi International Airport,Tbilisi,GE,41.6692,44.9547
TBT,SBTT,Tabatinga Airport,Tabatinga,BR,-4.25567,-69.9358
TBU,NFTF,Fua'amotu International Airport,Nuku'alofa,TO,-21.2412,-175.14999
TBW,UUOT,Donskoye Airport,Tambov,RU,52.8061,41.4828
TBY,FBTS,Tshabong Airport,Tshabong,BW,-26.0333,22.4
TBZ,OITT,Tabriz International Airport,Tabriz,IR,38.1339,46.235
TCA,YTNK,Tennant Creek Airport,Tennant Creek,AU,-19.6344,134.183
TCB,MYAT,Treasure Cay Airport,Treasure Cay,BS,26.7453,-77.3913
TCC,KTCC,Tucumcari Municipal Airport,Tucumcari,US,35.182778,-103.603194
TCE,LRTC,Tulcea Airport,Tulcea,RO,45.0625,28.7143
TCG,ZWTC,Tacheng Airport,Tacheng,CN,46.6725,83.3408
TCH,FOOT,Tchibanga Airport,Tchibanga,GA,-2.85,11.017
TCL,KTCL,Tuscaloosa Ntl Airport,Tuscaloosa,US,33.220629,-87.611404
TCM,KTCM,Mcchord Field (Joint Base Lewis-Mcchord) Airport,Tacoma,US,47.137678,-122.476475
TCN,MMHC,Tehuacan Airport,,MX,18.4972,-97.4199
TCO,SKCO,La Florida Airport,Tumaco,CO,1.81442,-78.7492
TCP,HETB,Taba International Airport,Taba,EG,29.5878,34.7781
TCQ,SPTN,Coronel FAP Carlos Ciriani Santa Rosa International Airport,Tacna,PE,-18.0533,-70.2758
TCR,VOTK,Tuticorin Southwest Airport,,IN,8.72233,78.02617
TCS,KTCS,Truth Or Consequences Municipal Airport,Truth Or Consequences,US,33.235361,-107.269889
TCT,PPCT,Takotna Airport,Takotna,US,62.992944,-156.029722
TCU,FATN,Thaba Nchu Tar Airport,Homeward,ZA,-29.3178,26.8228
TCV,MYEY,Torch Cay Airport,Hog Cay,BS,23.3972,-75.4969
TCW,YTOC,Tocumwal Airport,,AU,-35.8117,145.608
TCX,OIMT,Tabas Airport,Tabas,IR,33.6678,56.8927
TCZ,ZUTC,Tengchong Tuofeng Airport,Tengchong,CN,24.93806,98.48583
TDA,SKTD,Trinidad Airport,Trinidad,CO,5.43278,-71.6625
TDD,SLTR,Teniente Av. Jorge Henrich Arauz Airport,Trinidad,BO,-14.8187,-64.918
TDG,RPMW,Tandag Airport,,PH,9.07211,126.171
TDJ,HDTJ,Tadjoura Airport,Tadjoura,DJ,11.783,42.917
TDK,UAAT,Taldykorgan Airport,Taldy Kurgan,KZ,45.1262,78.447
TDL,SAZT,Heroes De Malvinas Airport,Tandil,AR,-37.2374,-59.2279
TDN,YTHD,Theda Station Airport,,AU,-14.7881,126.496
TDO,KTDO,Ed Carlson Memorial Field/South Lewis County Airport,Toledo,US,46.477169,-122.806476
TDP,SPDR,Trompeteros Airport,Corrientes,PE,-3.80601,-75.0393
TDR,YTDR,Theodore Airport,,AU,-24.9933,150.093
TDS,AYSS,Sasereme Airport,Sasereme,PG,-7.622778,142.868889
TDT,FATD,Tanda Tula Airport,Welverdiend,ZA,-24.5336,31.3
TDV,FMSN,Samangoky Airport,Tanandava,MG,-21.7,43.733
TDW,KTDW,Tradewind Airport,Amarillo,US,35.169889,-101.825861
TDX,VTBO,Trat Airport,,TH,12.2746,102.319
TDZ,KTDZ,Toledo Executive Airport,Toledo,US,41.564944,-83.482222
TEA,MHTE,Tela Airport,Tela,HN,15.7759,-87.4758
TEB,KTEB,Teterboro Airport,Teterboro,US,40.850102,-74.060833
TEC,SBTL,Telemaco Borba Airport,Telemaco Borba,BR,-24.3178,-50.6516
TED,EKTS,Thisted Airport,Thisted,DK,57.0688,8.70522
TEE,DABS,Cheikh Larbi Tebessi Airport,Tebessi,DZ,35.4316,8.12072
TEF,YTEF,Telfer Airport,,AU,-21.715,122.229
TEG,DFET,Tenkodogo Airport,Tenkodogo,BF,11.8,-0.367
TEH,K3T4,Tetlin Airport,Tetlin,US,63.124694,-142.518556
TEI,VETJ,Tezu Airport,Tezu,IN,27.9412,96.1344
TEK,PAKA,Tatitlek Airport,Tatitlek,US,60.872389,-146.691167
TEL,WBKE,Telupid Airport,Telupid,MY,5.62861,117.126
TEM,YTEM,Temora Airport,,AU,-34.4214,147.51199
TEN,ZUTR,Tongren Fenghuang Airport,,CN,27.88333,109.30889
TEQ,LTBU,Tekirdag Corlu Airport,Corlu,TR,41.1382,27.9191
TER,LPLA,Lajes Field,Lajes,PT,38.7618,-27.0908
TES,HHTS,Teseney Airport,Teseney,ER,15.117,36.683
TET,FQTT,Chingozi Airport,Tete,MZ,-16.1048,33.6402
TEU,NZMO,Manapouri Airport,,NZ,-45.5331,167.64999
TEV,LETL,Teruel Airport,Teruel,ES,40.412,-1.2175
TEX,KTEX,Telluride Regional Airport,Telluride,US,37.953806,-107.90875
TEY,BITE,Þingeyri (Thingeyri) Airport,Þingeyri,IS,65.8703,-23.56
TEZ,VETZ,Tezpur Airport,,IN,26.7091,92.7847
TFF,SBTF,Tefe Airport,Tefe,BR,-3.38294,-64.7241
TFI,AYTU,Tufi Airport,Tufi,PG,-9.07595,149.31984
TFL,SNTO,Juscelino Kubitscheck Airport,Teofilo Otoni,BR,-17.8923,-41.5136
TFM,AYTE,Telefomin Airport,Telefomin,PG,-5.12608,141.64192
TFN,GCXO,Tenerife Norte Airport,Tenerife Island,ES,28.4827,-16.3415
TFS,GCTS,Tenerife South Airport,Tenerife Island,ES,28.0445,-16.5725
TFT,OPTT,Taftan Airport,Taftan,PK,28.9642,61.5954
TFU,ZUTF,Chengdu/Tianfu Airport,Tianfu,CN,30.29,104.44333
TGA,WSAT,Tengah Air Base,,SG,1.38726,103.709
TGC,WBGT,Tanjung Manis Airport,Tanjung Manis,MY,2.17784,111.202
TGD,LYPG,Podgorica Airport,Podgorica,ME,42.3594,19.2519
TGG,WMKN,Sultan Mahmud Airport,Kuala Terengganu,MY,5.38264,103.103
TGH,NVST,Tongoa Island Airport,Tongoa Island,VU,-16.8911,168.55099
TGI,SPGM,Tingo Maria Airport,Tingo Maria,PE,-9.133,-75.95
TGJ,NWWA,Tiga Airport,Tiga,NC,-21.0961,167.804
TGK,URRT,Taganrog Yuzhny Airport,Taganrog,RU,47.2,38.85
TGM,LRTM,Transilvania Targu Mures International Airport,Targu Mures,RO,46.4677,24.4125
TGN,YLTV,Latrobe Valley Airport,,AU,-38.2072,146.47
TGO,ZBTL,Tongliao Airport,Tongliao,CN,43.5567,122.2
TGP,UNIP,Podkamennaya Tunguska Airport,Bor,RU,61.5897,89.994
TGQ,SWTS,Tangara da Serra Airport,Tangara Da Serra,BR,-14.662,-57.4435
TGR,DAUK,Touggourt Sidi Madhi Airport,Touggourt,DZ,33.0678,6.08867
TGT,HTTG,Tanga Airport,Tanga,TZ,-5.09236,39.0712
TGU,MHTG,Toncontin International Airport,Tegucigalpa,HN,14.0609,-87.2172
TGZ,MMTG,Angel Albino Corzo International Airport,Tuxtla Gutierrez,MX,16.5636,-93.0225
THA,KTHA,Tullahoma Regional/Wm Northern Field,Tullahoma,US,35.380125,-86.246778
THB,FXTA,Thaba-Tseka Airport,Thaba-Tseka,LS,-29.5228,28.6158
THC,GLTN,Tchien Airport,Tchien,LR,6.04565,-8.13872
THD,VVTX,Thọ Xuân Airport,Thanh Hóa,VN,19.90167,105.46778
THE,SBTE,Senador Petronio Portela Airport,Teresina,BR,-5.05994,-42.8235
THI,GQNC,Tichitt Airport,Tichitt,MR,18.45,-9.517
THK,VLTK,Thakhek Airport,Thakhek,LA,17.4,104.8
THL,VYTL,Tachileik Airport,Tachileik,MM,20.4838,99.9354
THM,KTHM,Thompson Falls Airport,Thompson Falls,US,47.573498,-115.280656
THN,ESGT,Trollhattan-Vanersborg Airport,Trollhattan,SE,58.3181,12.345
THO,BITN,Þórshöfn (Thorshofn) Airport,Þórshöfn,IS,66.2185,-15.3356
THP,KHSG,Hot Springs County Airport,Thermopolis,US,43.713611,-108.389694
THQ,ZLTS,Tianshui Maijishan Airport,Tianshui,CN,34.5594,105.86
THR,OIII,Mehrabad International Airport,Tehran,IR,35.6892,51.3134
THS,VTPO,Sukhothai Airport,,TH,17.238,99.8182
THT,GQNT,Tamchakett Airport,Tamchakett,MR,17.233,-10.817
THU,BGTL,Thule Air Base,Thule,GL,76.5312,-68.7032
THV,KTHV,York Airport,York,US,39.917,-76.873028
THX,UOTT,Turukhansk Airport,Turukhansk,RU,65.7972,87.9353
THY,FATH,Thohoyandou Airport,Thohoyandou,ZA,-23.0769,30.3836
THZ,DRRT,Tahoua Airport,Tahoua,NE,14.8757,5.26536
TIA,LATI,Tirana International Airport Mother Teresa,Tirana,AL,41.4147,19.7206
TIB,SKTB,Tibu Airport,Tibu,CO,8.63152,-72.7304
TID,DAOB,Bou Chekif Airport,Tiaret,DZ,35.3411,1.46315
TIE,HATP,Tippi Airport,Tippi,ET,7.2024,35.415
TIF,OETF,Taif Airport,,SA,21.4834,40.5443
TIH,NTGC,Tikehau Airport,,PF,-15.1196,-148.231
TII,OATN,Tarin Kowt Airport,Tarin Kowt,AF,32.6042,65.8658
TIJ,MMTJ,General Abelardo L. Rodriguez International Airport,Tijuana,MX,32.5411,-116.97
TIK,KTIK,Tinker Afb Airport,Oklahoma City,US,35.41475,-97.386639
TIM,WABP,Moses Kilangin Airport,Timika-Papua Island,ID,-4.52828,136.88699
TIN,DAOF,Tindouf Airport,Tindouf,DZ,27.7004,-8.1671
TIO,VYHN,Tilin Airport,Tilin,MM,21.7,94.1
TIP,HLLT,Tripoli International Airport,Tripoli,LY,32.6635,13.159
TIQ,PGWT,Francisco Manglona Borja/Tinian International Airport,Tinian Island,MP,14.999231,145.619351
TIR,VOTP,Tirupati Airport,Tirupati,IN,13.6325,79.5433
TIU,NZTU,Timaru Airport,,NZ,-44.3028,171.22501
TIV,LYTV,Tivat Airport,Tivat,ME,42.4047,18.7233
TIW,KTIW,Tacoma Narrows Airport,Tacoma,US,47.267944,-122.578111
TIX,KTIX,Space Coast Regional Airport,Titusville,US,28.514798,-80.799227
TIY,GQND,Tidjikja Airport,Tidjikja,MR,18.5701,-11.4235
TIZ,AYTA,Tari Airport,Tari,PG,-5.845,142.948
TJA,SLTJ,Capitan Oriel Lea Plaza Airport,Tarija,BO,-21.5557,-64.7013
TJB,WIBT,Tanjung Balai Airport,Karinmunbesar Island,ID,1.05,103.383
TJG,WAON,Warukin Airport,"Tanta-Tabalong, Borneo Island",ID,-2.21656,115.436
TJH,RJBT,Tajima Airport,Tajima,JP,35.5128,134.787
TJI,MHTJ,Trujillo Airport,Trujillo,HN,15.9268,-85.9382
TJK,LTAW,Tokat Airport,Tokat,TR,40.30743,36.36741
TJL,SBTG,Plinio Alarcom Airport,Tres Lagoas,BR,-20.75444,-51.68389
TJM,USTR,Roshchino International Airport,Tyumen,RU,57.1896,65.3243
TJN,NTKM,Takume Airport,Takume,PF,-15.8547,-142.26801
TJQ,WIOD,Buluh Tumbang (H A S Hanandjoeddin) Airport,"Tanjung Pandan, Belitung Island",ID,-2.74572,107.755
TJS,WALG,Tanjung Harapan Airport,"Tanjung Selor, Borneo Island",ID,2.83641,117.374
TJU,UTDK,Kulob Airport,Kulyab,TJ,37.9881,69.805
TJV,VOTJ,Tanjore Air Force Base,Thanjavur,IN,10.7224,79.1016
TKA,PATK,Talkeetna Airport,Talkeetna,US,62.321372,-150.092718
TKC,FKKC,Tiko Airport,Tiko,CM,4.08919,9.36053
TKD,DGTK,Takoradi Airport,Sekondi-Takoradi,GH,4.89606,-1.77476
TKF,KTRK,Truckee-Tahoe Airport,Truckee,US,39.320056,-120.139583
TKG,WICT,Radin Inten II (Branti) Airport,"Bandar Lampung, Sumatra Island",ID,-5.24056,105.17556
TKH,VTPI,Takhli Airport,,TH,15.2773,100.296
TKJ,PFTO,Tok Junction Airport,Tok,US,63.329514,-142.953684
TKK,PTKK,Chuuk International Airport,Weno Island,FM,7.461891,151.843017
TKN,RJKN,Tokunoshima Airport,Tokunoshima,JP,27.8364,128.881
TKO,FXTK,Tlokoeng Airport,Tlokoeng,LS,-29.233,28.883
TKP,NTGT,Takapoto Airport,,PF,-14.7095,-145.246
TKQ,HTKA,Kigoma Airport,Kigoma,TZ,-4.8862,29.6709
TKS,RJOS,Tokushima Airport,Tokushima,JP,34.1328,134.60699
TKT,VTPT,Tak Airport,,TH,16.896,99.2533
TKU,EFTU,Turku Airport,Turku,FI,60.5141,22.2628
TKV,NTGO,Tatakoto Airport,Tatakoto,PF,-17.3553,-138.44501
TKW,AYTN,Tekin Airport,Tekin,PG,-5.24367,142.16519
TKX,NTKR,Takaroa Airport,,PF,-14.4558,-145.02499
TKY,YTKY,Turkey Creek Airport,Turkey Creek,AU,-17.0408,128.20599
TKZ,NZTO,Tokoroa Airfield,Tokoroa,NZ,-38.2367,175.892
TLA,PATE,Teller Airport,Teller,US,65.240389,-166.339389
TLB,OPTA,Tarbela Dam Airport,Tarbela,PK,33.9861,72.6114
TLC,MMTO,Licenciado Adolfo Lopez Mateos International Airport,Toluca,MX,19.3371,-99.566
TLD,FBTL,Limpopo Valley Airport,Tuli Lodge,BW,-22.1892,29.1269
TLE,FMST,Toliara Airport,,MG,-23.3834,43.7285
TLF,K2K5,Telida Airport,Telida,US,63.378985,-153.284215
TLH,KTLH,Tallahassee International Airport,Tallahassee,US,30.396754,-84.350869
TLI,WAMI,Toli Toli Airport,Toli Toli-Celebes Island,ID,-1.02977,120.817
TLJ,PATL,Tatalina Lrrs Airport,Takotna,US,62.894915,-155.978013
TLK,UECT,Talakan Airport,Lenskiy Ulus,RU,59.88167,111.0455
TLL,EETN,Tallinn Airport,Tallinn,EE,59.4133,24.8328
TLM,DAON,Zenata – Messali El Hadj Airport,Tlemcen,DZ,35.0167,-1.45
TLN,LFTH,Toulon-Hyeres Airport,Toulon/Hyeres/Le Palyvestre,FR,43.0973,6.14603
TLQ,ZWTP,Turpan Jiaohe Airport,Turpan,CN,43.030556,89.100556
TLR,KTLR,Mefford Field,Tulare,US,36.156583,-119.326556
TLS,LFBO,Toulouse-Blagnac Airport,Toulouse/Blagnac,FR,43.6291,1.36382
TLT,PALT,Tuluksak Airport,Tuluksak,US,61.087728,-160.923353
TLU,SKTL,Tolu Airport,Tolu,CO,9.50945,-75.5854
TLV,LLBG,Ben Gurion International Airport,Tel Aviv,IL,32.0114,34.8867
TLX,SCTL,Panguilemo Airport,Talca,CL,-35.3778,-71.6017
TLY,UHWP,Plastun Airport,Plastun,RU,44.815,136.29201
TLZ,SWKT,Catalao Airport,Catalao,BR,-18.2168,-47.8997
TMA,KTMA,Henry Tift Myers Airport,Tifton,US,31.429556,-83.489222
TMB,KTMB,Miami Executive Airport,Miami,US,25.647564,-80.433225
TMC,WADT,Tambolaka Airport,Waikabubak-Sumba Island,ID,-9.40972,119.244
TMD,GQNH,Timbedra Airport,Timbedra,MR,16.233,-8.167
TME,SKTM,Gustavo Vargas Airport,Tame,CO,6.45108,-71.7603
TMF,VRNT,Thimarafushi Airport,Thimarafushi,MV,2.211487,73.153751
TMG,WBKM,Tomanggong Airport,Tomanggong,MY,5.4,118.65
TMH,WAKT,Tanah Merah Airport,Tanah Merah-Papua Island,ID,-6.09922,140.298
TMI,VNTR,Tumling Tar Airport,Tumling Tar,NP,27.315,87.1933
TMJ,UZST,Termez Airport,Termez,UZ,37.2867,67.31
TML,DGLE,Tamale Airport,Tamale,GH,9.55719,-0.86321
TMM,FMMT,Toamasina Airport,,MG,-18.1095,49.3925
TMN,NGTM,Tamana Island Airport,Tamana Island,KI,-2.48583,175.97
TMO,SVTM,Tumeremo Airport,,VE,7.25,-61.43333
TMP,EFTP,Tampere-Pirkkala Airport,Tampere / Pirkkala,FI,61.4141,23.6044
TMQ,DFEM,Tambao Airport,Tambao,BF,14.8,0.05
TMR,DAAT,Aguenar – Hadj Bey Akhamok Airport,Tamanrasset,DZ,22.8115,5.45108
TMS,FPST,Sao Tome International Airport,Sao Tome,ST,0.37817,6.71215
TMT,SBTB,Trombetas Airport,Oriximina,BR,-1.4896,-56.3968
TMU,MRTR,Tambor Airport,Nicoya,CR,9.73852,-85.0138
TMW,YSTW,Tamworth Airport,Tamworth,AU,-31.0839,150.847
TMX,DAUT,Timimoun Airport,Timimoun,DZ,29.2371,0.27603
TMZ,NZTH,Thames Aerodrome,,NZ,-37.1567,175.55
TNA,ZSJN,Yaoqiang Airport,Jinan,CN,36.8572,117.216
TNB,WRLH,Tanah Grogot Airport,"Tanah Grogot, Borneo Island",ID,-1.91013,116.202
TNC,PATC,Tin City Lrrs Airport,Tin City,US,65.564033,-167.922458
TND,MUTD,Alberto Delgado Airport,Trinidad,CU,21.7883,-79.9972
TNE,RJFG,New Tanegashima Airport,,JP,30.6051,130.991
TNF,LFPN,Toussus-le-Noble Airport,Toussus-le-Noble,FR,48.7519,2.10619
TNG,GMTT,Ibn Batouta Airport,Tangier,MA,35.7269,-5.91689
TNH,ZYTN,Tonghua Sanyuanpu Airport,Tonghua,CN,42.25389,125.70333
TNI,VIST,Satna Airport,,IN,24.5623,80.8549
TNJ,WIDN,Kijang Airport,Tanjung Pinang-Bintan Island,ID,0.92268,104.532
TNK,POKA,Tununak Airport,Tununak,US,60.569528,-165.246278
TNL,UKLT,Ternopil International Airport,Ternopil,UA,49.5242,25.7001
TNM,SCRM,Teniente Rodolfo Marsh Martin Base,Isla Rey Jorge,AQ,-62.1908,-58.9867
TNN,RCNN,Tainan Airport,Tainan City,TW,22.9504,120.206
TNO,MRTM,Tamarindo De Santa Cruz Airport,Santa Cruz,CR,10.3135,-85.8155
TNP,KTNP,Twentynine Palms Airport,Twentynine Palms,US,34.131583,-115.945806
TNR,FMMI,Ivato Airport,Antananarivo,MG,-18.7969,47.4788
TNT,KTNT,Dade-Collier Training And Transition Airport,Miami,US,25.861806,-80.897
TNU,KTNU,Newton Municipal-Earl Johnson Field,Newton,US,41.67443,-93.021728
TNV,PLFA,Tabuaeran Island Airport,Tabuaeran Island,KI,3.89944,-159.38901
TNZ,ZMTL,Tosontsengel Airport,Tosontsengel,MN,48.738981,98.293596
TOA,KTOA,Zamperini Field,Torrance,US,33.803383,-118.339608
TOB,HLGN,Gamal Abdel Nasser Airport,Tobruk,LY,31.861,23.907
TOC,KTOC,Toccoa Rg Letourneau Field,Toccoa,US,34.592812,-83.296372
TOD,WMBT,Pulau Tioman Airport,Pulau Tioman,MY,2.81818,104.16
TOE,DTTZ,Tozeur Nefta International Airport,Tozeur,TN,33.9397,8.11056
TOF,UNTT,Bogashevo Airport,Tomsk,RU,56.3803,85.2083
TOG,PATG,Togiak Airport,Togiak Village,US,59.053556,-160.396778
TOH,NVSD,Torres Airstrip,Loh/Linua,VU,-13.328,166.638
TOI,KTOI,Troy Municipal At N Kenneth Campbell Field,Troy,US,31.86,-86.013889
TOJ,LETO,Torrejon Airport,Madrid,ES,40.4967,-3.44587
TOL,KTOL,Eugene F Kranz Toledo Express Airport,Toledo,US,41.586817,-83.807827
TOM,GATB,Timbuktu Airport,Timbuktu,ML,16.7305,-3.00758
TOO,MRSV,San Vito De Java Airport,Coto Brus,CR,8.82611,-82.9589
TOP,KTOP,Philip Billard Municipal Airport,Topeka,US,39.068823,-95.622376
TOQ,SCBE,Barriles Airport,Tocopilla,CL,-22.1411,-70.0629
TOR,KTOR,Torrington Municipal Airport,Torrington,US,42.064421,-104.152679
TOS,ENTC,Tromsø Airport,Tromsø,NO,69.6833,18.9189
TOT,SMCO,Totness Airport,Totness,SR,5.86583,-56.3275
TOU,NWWU,Touho Airport,Touho,NC,-20.79,165.259
TOW,SBTD,Toledo Airport,Toledo,BR,-24.6863,-53.6975
TOX,USTO,Tobolsk Airport,Tobolsk,RU,58.1358,68.2319
TOY,RJNT,Toyama Airport,Toyama,JP,36.6483,137.188
TPA,KTPA,Tampa International Airport,Tampa,US,27.975469,-82.533248
TPC,SETR,Tarapoa Airport,Tarapoa,EC,-0.12296,-76.3378
TPE,RCTP,Taiwan Taoyuan International Airport,Taipei,TW,25.0777,121.233
TPF,KTPF,Peter O Knight Airport,Tampa,US,27.915444,-82.449389
TPG,WMBI,Taiping (Tekah) Airport,Taiping,MY,4.867,100.717
TPH,KTPH,Tonopah Airport,Tonopah,US,38.059894,-117.086601
TPI,AYTI,Tapini Airport,Tapini,PG,-8.35667,146.98917
TPJ,VNTJ,Suketar Airport,Taplejung,NP,27.3509,87.69525
TPK,WITA,Teuku Cut Ali Airport,"Tapak Tuan, Sumatra Island",ID,3.26342,97.1838
TPL,KTPL,Draughon-Miller Central Texas Regional Airport,Temple,US,31.1519,-97.407663
TPN,SETI,Tiputini Airport,Tiputini,EC,-0.77611,-75.5264
TPP,SPST,Cadete FAP Guillermo Del Castillo Paredes Airport,Tarapoto,PE,-6.50874,-76.3732
TPQ,MMEP,Amado Nervo National Airport,Tepic,MX,21.4195,-104.843
TPR,YTMP,Tom Price Airport,Tom Price,AU,-22.746,117.869
TPS,LICT,Trapani / Birgi Airport,Trapani,IT,37.9114,12.488
TPU,VNTP,Tikapur Airport,Tikapur,NP,28.517,81.15
TQD,ORAT,Al Taqaddum Air Base,Al Habbaniyah,IQ,33.3381,43.5971
TQL,USDS,Tarko-Sale Airport,Tarko-Sale,RU,64.9308,77.8181
TQN,OATQ,Talolqan Airport,Taloqan,AF,36.7707,69.532
TQO,MMTL,Felipe Carrillo Puerto International Airport,Tulum,MX,20.166667,-87.666667
TQP,YTEE,Trepell Airport,,AU,-21.835,140.888
TQQ,WA44,Maranggo Airport,Waha-Tomea Island,ID,-5.76457,123.917
TQS,SKTQ,Tres Esquinas Air Base,Tres Esquinas,CO,0.7459,-75.234
TRA,RORT,Tarama Airport,,JP,24.6539,124.675
TRB,SKTU,Gonzalo Mejia Airport,Turbo,CO,8.07453,-76.7415
TRC,MMTC,Francisco Sarabia International Airport,Torreon,MX,25.5683,-103.411
TRD,ENVA,Trondheim Airport Vaernes,Trondheim,NO,63.4578,10.924
TRE,EGPU,Tiree Airport,Balemartine,GB,56.4992,-6.86917
TRF,ENTO,Sandefjord Airport Torp,Torp,NO,59.1867,10.2586
TRG,NZTG,Tauranga Airport,Tauranga,NZ,-37.6719,176.196
TRH,KL72,Trona Airport,Trona,US,35.812667,-117.326917
TRI,KTRI,Tri-Cities Airport,Bristol/Johnson/Kingsport,US,36.475209,-82.407415
TRK,WALR,Juwata Airport,Tarakan Island,ID,3.32669,117.566
TRL,KTRL,Terrell Municipal Airport,Terrell,US,32.708494,-96.267094
TRM,KTRM,Jacqueline Cochran Regional Airport,Palm Springs,US,33.626671,-116.159654
TRN,LIMF,Torino / Caselle International Airport,Torino,IT,45.2008,7.64963
TRO,YTRE,Taree Airport,Taree,AU,-31.8886,152.51401
TRQ,SBTK,Tarauaca Airport,Tarauaca,BR,-8.15526,-70.7833
TRR,VCCT,China-Bay Airport,Trincomalee,LK,8.53851,81.1819
TRS,LIPQ,Trieste / Ronchi Dei Legionari,Trieste,IT,45.8275,13.4722
TRU,SPRU,Capitan FAP Carlos Martinez De Pinillos International Airport,Trujillo,PE,-8.08141,-79.1088
TRV,VOTV,Trivandrum International Airport,Trivandrum,IN,8.48212,76.9201
TRW,NGTA,Bonriki International Airport,Tarawa,KI,1.38164,173.147
TRX,KTRX,Trenton Municipal Airport,Trenton,US,40.083528,-93.590639
TRY,HUTO,Tororo Airport,Tororo,UG,0.683,34.167
TRZ,VOTR,Tiruchirapally Civil Airport Airport,Tiruchirappally,IN,10.7654,78.7097
TSA,RCSS,Taipei Songshan Airport,Taipei City,TW,25.0694,121.552
TSB,FYTM,Tsumeb Airport,Tsumeb,NA,-19.2619,17.7325
TSC,SETH,Taisha Airport,Taisha,EC,-2.38167,-77.5028
TSF,LIPH,Treviso / Sant'Angelo Airport,Treviso,IT,45.6484,12.1944
TSG,KTSG,Tanacross Airport,Tanacross,US,63.374064,-143.32899
TSH,FZUK,Tshikapa Airport,Tshikapa,CD,-6.43833,20.7947
TSJ,RJDT,Tsushima Airport,Tsushima,JP,34.2849,129.33099
TSL,MMTN,Tamuin Airport,,MX,22.0383,-98.8065
TSM,KSKX,Taos Regional Airport,Taos,US,36.451694,-105.673083
TSN,ZBTJ,Tianjin Binhai International Airport,Tianjin,CN,39.1244,117.346
TSP,KTSP,Tehachapi Municipal Airport,Tehachapi,US,35.134994,-118.4393
TSQ,SSTE,Torres Airport,Torres,BR,-29.4149,-49.81
TSR,LRTR,Timisoara Traian Vuia Airport,Timisoara,RO,45.8099,21.3379
TST,VTST,Trang Airport,,TH,7.50874,99.6166
TSU,NGTS,Tabiteuea South Airport,Tabiteuea South,KI,-1.47444,175.064
TSV,YBTL,Townsville Airport,Townsville,AU,-19.2525,146.765
TSX,WALT,Tanjung Santan Airport,"Santan, Borneo Island",ID,-0.09297,117.453
TSY,WICM,Cibeureum Airport,"Tasikmalaya, Java Island",ID,-7.3466,108.246
TTA,GMAT,Tan Tan Airport,Tan Tan,MA,28.4482,-11.1613
TTB,LIET,Tortoli' / Arbatax Airport,Arbatax,IT,39.9188,9.68298
TTC,SCTT,Las Breas Airport,Taltal,CL,-25.5643,-70.3759
TTD,KTTD,Portland-Troutdale Airport,Portland,US,45.549361,-122.40125
TTE,WAMT,Sultan Khairun Babullah Airport,Sango-Ternate Island,ID,0.83141,127.381
TTG,SAST,General Enrique Mosconi Airport,Tartagal,AR,-22.6196,-63.7937
TTH,OOTH,Thumrait Air Base,Thumrait,OM,17.666,54.0246
TTI,NTTE,Tetiaroa Airport,Tetiaroa,PF,-17.0133,-149.58701
TTJ,RJOR,Tottori Airport,Tottori,JP,35.5301,134.16701
TTN,KTTN,Trenton Mercer Airport,Trenton,US,40.276694,-74.813472
TTO,KBTN,Britton Municipal Airport,Britton,US,45.815028,-97.742806
TTQ,MRAO,Aerotortuguero Airport,Roxana,CR,10.569,-83.5148
TTS,FMNT,Tsaratanana Airport,Tsaratanana,MG,-16.75106,47.61902
TTT,RCFN,Taitung Airport,Taitung City,TW,22.755,121.102
TTU,GMTN,Saniat Rmel Airport,,MA,35.5943,-5.32002
TTX,YTST,Truscott Mungalalu Airport,,AU,-14.0897,126.381
TUA,SETU,Teniente Coronel Luis a Mantilla Airport,Tulcan,EC,0.80951,-77.7081
TUB,NTAT,Tubuai Airport,,PF,-23.3654,-149.524
TUC,SANT,Teniente Benjamin Matienzo Airport,San Miguel de Tucuman,AR,-26.8409,-65.1049
TUD,GOTT,Tambacounda Airport,Tambacounda,SN,13.7368,-13.6531
TUF,LFOT,Tours-Val-de-Loire Airport,Tours/Val de Loire (Loire Valley),FR,47.4322,0.72761
TUG,RPUT,Tuguegarao Airport,Tuguegarao City,PH,17.64337,121.73315
TUI,OETR,Turaif Domestic Airport,,SA,31.6927,38.7312
TUJ,HAMJ,Tume Airport,Maji,ET,5.833,35.533
TUK,OPTU,Turbat International Airport,Turbat,PK,25.9864,63.0302
TUL,KTUL,Tulsa International Airport,Tulsa,US,36.198393,-95.888105
TUM,YTMU,Tumut Airport,,AU,-35.2628,148.241
TUN,DTTA,Tunis Carthage International Airport,Tunis,TN,36.851,10.2272
TUO,NZAP,Taupo Airport,Taupo,NZ,-38.7397,176.084
TUP,KTUP,Tupelo Regional Airport,Tupelo,US,34.269,-88.769889
TUQ,DFOT,Tougan Airport,Tougan,BF,13.067,-3.067
TUR,SBTU,Tucurui Airport,Tucurui,BR,-3.78601,-49.7203
TUS,KTUS,Tucson International Airport,Tucson,US,32.11707,-110.941463
TUU,OETB,Tabuk Airport,,SA,28.3654,36.6189
TUV,SVTC,Tucupita Airport,Tucupita,VE,9.08899,-62.09417
TVA,FMMR,Morafenobe Airport,Morafenobe,MG,-17.85008,44.92047
TVC,KTVC,Cherry Capital Airport,Traverse City,US,44.741579,-85.58187
TVF,KTVF,Thief River Falls Regional Airport,Thief River Falls,US,48.065677,-96.184995
TVI,KTVI,Thomasville Regional Airport,Thomasville,US,30.901472,-83.881444
TVL,KTVL,Lake Tahoe Airport,South Lake Tahoe,US,38.893889,-119.995333
TVS,ZBSN,Tangshan Sannühe Airport,Tangshan,CN,39.7178,118.002625
TVU,NFNM,Matei Airport,Matei,FJ,-16.6906,-179.877
TVY,VYDW,Dawei Airport,Dawei,MM,14.1039,98.2036
TWA,KA63,Twin Hills Airport,Twin Hills,US,59.074525,-160.275042
TWB,YTWB,Toowoomba Airport,,AU,-27.5428,151.916
TWC,ZWTS,Tumxuk Tangwangcheng Airport,Tumxuk,CN,39.888139,79.231911
TWD,K0S9,Jefferson County International Airport,Port Townsend,US,48.053806,-122.810639
TWE,AK49,Taylor Airport,Taylor,US,65.679275,-164.798807
TWF,KTWF,Joslin Field/Magic Valley Regional Airport,Twin Falls,US,42.481809,-114.487736
TWU,WBKW,Tawau Airport,Tawau,MY,4.32016,118.128
TWZ,NZUK,Pukaki Airport,Twitzel,NZ,-44.235,170.118
TXF,SNTF,Teixeira de Freitas Airport,Teixeira De Freitas,BR,-17.5245,-39.6685
TXG,RCLG,Taichung Airport,Taichung City,TW,24.1863,120.654
TXK,KTXK,Texarkana Regional-Webb Field,Texarkana,US,33.453716,-93.991031
TXL,EDDT,Berlin-Tegel International Airport,Berlin,DE,52.5597,13.2877
TXM,WAST,Teminabuan Airport,Atinjoe-Papua Island,ID,-1.44472,132.021
TXN,ZSTX,Tunxi International Airport,Huangshan,CN,29.7333,118.256
TXU,DITB,Tabou Airport,Tabou,CI,4.43781,-7.36273
TYB,YTIB,Tibooburra Airport,,AU,-29.4511,142.058
TYD,UHBW,Tynda Airport,Tynda,RU,55.2842,124.779
TYE,KTYE,Tyonek Airport,Tyonek,US,61.076662,-151.13807
TYF,ESST,Torsby Airport,,SE,60.1576,12.9913
TYG,YTHY,Thylungra Airport,,AU,-26.0833,143.467
TYL,SPYL,Capitan Montes Airport,,PE,-4.57664,-81.2541
TYM,MYES,Staniel Cay Airport,,BS,24.1691,-76.4391
TYN,ZBYN,Taiyuan Wusu Airport,Taiyuan,CN,37.7469,112.628
TYP,YTMY,Tobermorey Airport,Tobermorey,AU,-22.2558,137.953
TYR,KTYR,Tyler Pounds Regional Airport,Tyler,US,32.353547,-95.402978
TYS,KTYS,Mc Ghee Tyson Airport,Knoxville,US,35.811091,-83.994067
TYT,SUTR,Treinta y Tres Airport,Treinta y Tres,UY,-33.2,-54.35
TYZ,KTYL,Taylor Airport,Taylor,US,34.452732,-110.115035
TZC,KCFS,Tuscola Area Airport,Caro,US,43.458861,-83.445447
TZL,LQTZ,Tuzla International Airport,Tuzla,BA,44.4587,18.7248
TZR,LHTA,Taszar Air Base,Taszar,HU,46.3931,17.9175
TZX,LTCG,Trabzon International Airport,Trabzon,TR,40.9951,39.7897
UAB,LTAG,Incirlik Air Base,Adana,TR,37.0021,35.4259
UAH,NTMU,Ua Huka Airport,Ua Huka,PF,-8.93611,-139.552
UAI,WPDB,Suai Airport,Suai,TL,-9.30331,125.287
UAK,BGBW,Narsarsuaq Airport,Narsarsuaq,GL,61.1605,-45.426
UAL,FNUA,Luau Airport,Luau,AO,-10.7158,22.2311
UAM,PGUA,Andersen Afb Airport,Yigo,GU,13.583886,144.930056
UAP,NTMP,Ua Pou Airport,Ua Pou,PF,-9.35167,-140.078
UAQ,SANU,Domingo Faustino Sarmiento Airport,San Juan,AR,-31.5715,-68.4182
UAR,GMFB,Bouarfa Airport,Bouarfa,MA,32.51431,-1.98306
UAS,HKSB,Samburu South Airport,Samburu South,KE,0.53058,37.53419
UBA,SBUR,Mario de Almeida Franco Airport,Uberaba,BR,-19.76472,-47.96611
UBB,YMAA,Mabuiag Island Airport,Mabuiag Island,AU,-9.95,142.183
UBJ,RJDC,Yamaguchi Ube Airport,Ube,JP,33.93,131.27901
UBN,ZMCK,Chinggis Khaan International Airport,Ulaanbaatar,MN,47.64667,106.82
UBP,VTUU,Ubon Ratchathani Airport,Ubon Ratchathani,TH,15.2513,104.87
UBR,WAJU,Ubrub Airport,Ubrub-Papua Island,ID,-3.66667,140.85001
UBS,KUBS,Columbus-Lowndes County Airport,Columbus,US,33.465333,-88.38075
UBT,SDUB,Ubatuba Airport,Ubatuba,BR,-23.4411,-45.0756
UBU,YKAL,Kalumburu Airport,,AU,-14.2883,126.632
UCB,ZBUC,Ulanqab Jining Airport,Ulanqab,CN,41.129722,113.108056
UCE,K4R7,Eunice Airport,Eunice,US,30.466284,-92.423799
UCK,UKLC,Lutsk Airport,Lutsk,UA,50.6784,25.48717
UCN,GLBU,Buchanan Airport,Buchanan,LR,5.16765,-9.28347
UCT,UUYH,Ukhta Airport,Ukhta,RU,63.5669,53.8047
UCY,KUCY,Everett-Stewart Regional Airport,Union City,US,36.379741,-88.985702
UCZ,SPIZ,Uchiza Airport,Uchiza,PE,-8.467,-76.35
UDA,YUDA,Undara Airport,,AU,-18.2,144.60001
UDD,KUDD,Bermuda Dunes Airport,Palm Springs,US,33.748438,-116.274813
UDE,EHVK,Volkel Air Base,Uden,NL,51.6564,5.70861
UDI,SBUL,Ten. Cel. Aviador Cesar Bombonato Airport,Uberlandia,BR,-18.88361,-48.22528
UDJ,UKLU,Uzhhorod International Airport,Uzhhorod,UA,48.6343,22.2634
UDR,VAUD,Maharana Pratap Airport,Udaipur,IN,24.6177,73.8961
UEE,YQNS,Queenstown Airport,,AU,-42.075,145.532
UEL,FQQL,Quelimane Airport,Quelimane,MZ,-17.8555,36.8691
UEN,USDU,Urengoy Airport,Urengoy,RU,65.96,78.437
UEO,ROKJ,Kumejima Airport,,JP,26.3635,126.714
UES,KUES,Waukesha County Airport,Waukesha,US,43.041028,-88.237056
UET,OPQT,Quetta International Airport,Quetta,PK,30.2514,66.9378
UFA,UWUU,Ufa International Airport,Ufa,RU,54.5575,55.8744
UGA,ZMBN,Bulgan Airport,Bulgan,MN,48.855,103.476
UGB,KUGB,Ugashik Bay Airport,Pilot Point,US,57.425358,-157.739866
UGC,UZNU,Urgench Airport,Urgench,UZ,41.5843,60.6417
UGL,SCGC,Union Glacier Blue-Ice Runway,Antartica,AQ,-79.77778,-83.32083
UGN,KUGN,Waukegan Ntl Airport,Chicago/Waukegan,US,42.422149,-87.867916
UGO,FNUG,Uige Airport,Uige,AO,-7.60307,15.0278
UGS,K9A8,Ugashik Airport,Ugashik,US,57.523425,-157.395994
UGT,ZMBR,Bulagtai Resort Airport,Umnugobitour,MN,43.7493,104.11499
UHE,LKKU,Kunovice Airport,Uherske Hradiste,CZ,49.0294,17.4397
UIB,SKUI,El Carano Airport,Quibdo,CO,5.69076,-76.6412
UIH,VVPC,Phu Cat Airport,Quy Nohn,VN,13.955,109.042
UII,MHUT,Utila Airport,Utila Island,HN,16.1131,-86.8803
UIK,UIBS,Ust-Ilimsk Airport,Ust-Ilimsk,RU,58.1361,102.565
UIL,KUIL,Quillayute Airport,Quillayute,US,47.93658,-124.562616
UIN,KUIN,Quincy Regional-Baldwin Field,Quincy,US,39.942275,-91.192405
UIO,SEQM,Nuevo Aeropuerto Internacional Mariscal Sucre,Quito,EC,-0.12917,-78.3575
UIP,LFRQ,Quimper-Cornouaille Airport,Quimper/Pluguffan,FR,47.975,-4.16779
UIQ,NVVQ,Quion Hill Airport,Quion Hill,VU,-17.54,168.442
UIR,YQDI,Quirindi Airport,,AU,-31.4906,150.51401
UKA,HKUK,Ukunda Airstrip,Ukunda,KE,-4.29333,39.5711
UKB,RJBE,Kobe Airport,Kobe,JP,34.6328,135.224
UKG,UEBT,Ust-Kuyga Airport,Ust-Kuyga,RU,70.011,135.645
UKI,KUKI,Ukiah Municipal Airport,Ukiah,US,39.125944,-123.200861
UKK,UASK,Ust-Kamennogorsk Airport,Ust Kamenogorsk,KZ,50.0366,82.4942
UKN,KY01,Waukon Municipal Airport,Waukon,US,43.280476,-91.469528
UKS,URFB,Sevastopol International Airport,Sevastopol,UA,44.689,33.571
UKT,KUKT,Quakertown Airport,Quakertown,US,40.435139,-75.381944
UKU,AYNU,Nuku Airport,Nuku,PG,-3.67665,142.48433
UKX,UITT,Ust-Kut Airport,Ust-Kut,RU,56.8567,105.73
ULA,SAWJ,Capitan D Daniel Vazquez Airport,San Julian,AR,-49.3068,-67.8026
ULB,NVSU,Ulei Airport,Ambryn Island,VU,-16.3297,168.3011
ULD,FAUL,Prince Mangosuthu Buthelezi Airport,Ulundi,ZA,-28.3206,31.4165
ULG,ZMUL,Ulgii Mongolei Airport,,MN,48.9933,89.9225
ULK,UERL,Lensk Airport,Lensk,RU,60.7206,114.826
ULM,KULM,New Ulm Municipal Airport,New Ulm,US,44.318387,-94.501643
ULN,ZMUB,Buyant-Ukhaa International Airport,Ulan Bator,MN,47.8431,106.767
ULO,ZMUG,Ulaangom Airport,,MN,49.97333,92.07972
ULP,YQLP,Quilpie Airport,,AU,-26.6122,144.25301
ULQ,SKUL,Farfan Airport,Tulua,CO,4.08836,-76.2351
ULU,HUGU,Gulu Airport,Gulu,UG,2.80556,32.2718
ULV,UWLL,Ulyanovsk Baratayevka Airport,Ulyanovsk,RU,54.2683,48.2267
ULX,FAUS,Ulusaba Airport,Ulusaba,ZA,-24.7854,31.3549
ULY,UWLW,Ulyanovsk East Airport,Ulyanovsk,RU,54.401,48.8027
UMA,MUMA,Punta de Maisi Airport,Maisi,CU,20.2506,-74.1505
UME,ESNU,Umea Airport,Umea,SE,63.7918,20.2828
UMI,SPIL,Quince Air Base,Quince Mil,PE,-13.2333,-70.7533
UMM,PAST,Summit Airport,Summit,US,63.33104,-149.128836
UMR,YPWR,Woomera Airfield,Woomera,AU,-31.1442,136.817
UMS,UEMU,Ust-Maya Airport,Ust-Maya,RU,60.357,134.435
UMT,PAUM,Umiat Airport,Umiat,US,69.371113,-152.134983
UMU,SSUM,Umuarama Airport,Umuarama,BR,-23.7987,-53.3138
UMY,UKHS,Sumy Airport,Sumy,UA,50.8583,34.7625
UMZ,KMEZ,Mena Intermountain Municipal Airport,Mena,US,34.545512,-94.202416
UNA,SBTC,Hotel Transamerica Airport,Una,BR,-15.3552,-38.999
UND,OAUZ,Konduz Airport,,AF,36.6651,68.9108
UNE,FXQN,Qacha's Nek Airport,Qacha's Nek,LS,-30.1117,28.6719
UNG,AYKI,Kiunga Airport,Kiunga,PG,-6.12571,141.282
UNI,TVSU,Union Island International Airport,Union Island,VC,12.60013,-61.41195
UNK,PAUN,Unalakleet Airport,Unalakleet,US,63.8885,-160.799111
UNN,VTSR,Ranong Airport,,TH,9.77762,98.5855
UNT,EGPW,Unst Airport,Shetland Islands,GB,60.7472,-0.85385
UNU,KUNU,Dodge County Airport,Juneau,US,43.426472,-88.703861
UOA,NTTX,Mururoa Atoll Airport,Mururoa Atoll,PF,-21.867,-138.91701
UOL,WAMY,Buol Airport,Buol-Celebes Island,ID,1.15905,121.428
UOS,KUOS,Franklin County Airport,Sewanee,US,35.205146,-85.898147
UOX,KUOX,University-Oxford Airport,Oxford,US,34.384333,-89.536806
UPB,MUPB,Playa Baracoa Airport,Havana,CU,23.0328,-82.5794
UPG,WAAA,Hasanuddin International Airport,Ujung Pandang-Celebes Island,ID,-5.06163,119.554
UPL,MRUP,Upala Airport,Upala,CR,10.8922,-85.0162
UPN,MMPN,Licenciado y General Ignacio Lopez Rayon Airport,,MX,19.3967,-102.039
UPP,PHUP,Upolu Airport,Hawi,US,20.265194,-155.859944
UPV,EGDJ,Upavon Aerodrome,Upavon,GB,51.2862,-1.78202
URA,UARR,Oral Ak Zhol International Airport,Uralsk,KZ,51.1508,51.5431
URC,ZWWW,Urumqi Diwopu International Airport,Urumqi,CN,43.9071,87.4742
URD,EDQE,Burg Feuerstein Airport,Ebermannstadt,DE,49.79417,11.13361
URE,EEKE,Kuressaare Airport,Kuressaare,EE,58.2299,22.5095
URG,SBUG,Rubem Berta Airport,Uruguaiana,BR,-29.7822,-57.0382
URJ,USHU,Uray Airport,Uray,RU,60.1033,64.8267
URM,SVUM,Uriman Airport,,VE,5.33333,-62.76667
URO,LFOP,Rouen Airport,Rouen/Vallee de Seine,FR,49.3842,1.1748
URR,SKUR,Urrao Airport,Urrao,CO,6.32883,-76.1425
URS,UUOK,Kursk East Airport,Kursk,RU,51.7506,36.2956
URT,VTSB,Surat Thani Airport,Surat Thani,TH,9.1326,99.1356
URY,OEGT,Guriat Domestic Airport,,SA,31.4119,37.2795
USA,KJQF,Concord-Padgett Regional Airport,Concord,US,35.38777,-80.709132
USC,K35A,"Union County, Troy Shelton Field",Union,US,34.686949,-81.641164
USH,SAWH,Malvinas Argentinas Airport,Ushuahia,AR,-54.8433,-68.2958
USI,SYMB,Mabaruma Airport,Mabaruma,GY,8.2,-59.7833
USJ,UAAL,Usharal Airport,Usharal,KZ,46.19028,80.83139
USK,UUYS,Usinsk Airport,Usinsk,RU,66.0047,57.3672
USL,YUSL,Useless Loop Airport,,AU,-26.1667,113.4
USM,VTSM,Samui Airport,Na Thon (Ko Samui Island),TH,9.54779,100.062
USN,RKPU,Ulsan Airport,Ulsan,KR,35.5935,129.35201
USQ,LTBO,Uşak Airport,Uşak,TR,38.6815,29.4717
USR,UEMT,Ust-Nera Airport,Ust-Nera,RU,64.55,143.11501
USS,MUSS,Sancti Spiritus Airport,Sancti Spiritus,CU,21.9704,-79.4427
UST,KSGJ,St Augustine Airport,St Augustine,US,29.95925,-81.339729
USU,RPVV,Francisco B. Reyes Airport,Coron,PH,12.1215,120.1
UTA,FVMU,Mutare Airport,,ZW,-18.9975,32.6272
UTB,YMTB,Muttaburra Airport,,AU,-22.5833,144.533
UTG,FXQG,Quthing Airport,Quthing,LS,-30.4075,27.6933
UTH,VTUD,Udon Thani Airport,Udon Thani,TH,17.3864,102.788
UTI,EFUT,Utti Air Base,Utti / Valkeala,FI,60.8964,26.9384
UTM,KUTA,Tunica Municipal Airport,Tunica,US,34.685056,-90.347778
UTN,FAUP,Pierre Van Ryneveld Airport,Upington,ZA,-28.3991,21.2602
UTO,PAIM,Indian Mountain Lrrs Airport,Utopia Creek,US,65.992772,-153.703489
UTP,VTBU,U-Tapao International Airport,Rayong,TH,12.6799,101.005
UTR,VTPU,Uttaradit Airport,Uttaradit,TH,17.617,100.1
UTS,UUYX,Ust-Tsylma Airport,Ust-Tsylma,RU,65.43729,52.20034
UTT,FAUT,K. D. Matanzima Airport,Mthatha,ZA,-31.5479,28.6743
UTW,FAQT,Queenstown Airport,Queenstown,ZA,-31.9202,26.8822
UUA,UWKB,Bugulma Airport,Bugulma,RU,54.64,52.8017
UUD,UIUU,Ulan-Ude Airport (Mukhino),Ulan Ude,RU,51.8078,107.438
UUK,PAKU,Ugnu-Kuparuk Airport,Kuparuk,US,70.330667,-149.598056
UUN,ZMBU,Baruun Urt Airport,,MN,46.6603,113.285
UUS,UHSS,Yuzhno-Sakhalinsk Airport,Yuzhno-Sakhalinsk,RU,46.8887,142.718
UVA,KUVA,Garner Field,Uvalde,US,29.211333,-99.743583
UVE,NWWV,Ouvea Airport,Ouvea,NC,-20.6406,166.573
UVF,TLPL,Hewanorra International Airport,Vieux Fort,LC,13.7332,-60.9526
UVL,HEKG,El Kharga Airport,,EG,25.4736,30.5907
UWA,MA53,Ware Airport,Ware,US,42.282036,-72.214802
UYL,HSNN,Nyala Airport,Nyala,SD,12.0535,24.9562
UYN,ZLYL,Yulin Airport,Yulin,CN,38.2692,109.731
UYU,SLUY,Uyuni Airport,Quijarro,BO,-20.4463,-66.8484
UZC,LYUZ,Ponikve Airport,Uzice,RS,43.8989,19.6977
UZU,SATU,Curuzu Cuatia Airport,Curuzu Cuatia,AR,-29.7706,-57.9789
VAA,EFVA,Vaasa Airport,Vaasa,FI,63.0507,21.7622
VAC,EDWU,Varrelbusch Airport,Cloppenburg,DE,52.90833,8.04056
VAD,KVAD,Moody Afb Airport,Valdosta,US,30.968703,-83.192967
VAF,LFLU,Valence-Chabeuil Airport,Valence/Chabeuil,FR,44.9216,4.9699
VAG,SBVG,Major Brigadeiro Trompowsky Airport,Varginha,BR,-21.5901,-45.4733
VAH,SLVG,Capitan Av. Vidal Villagomez Toledo Airport,Vallegrande,BO,-18.4825,-64.0994
VAI,AYVN,Vanimo Airport,,PG,-2.69717,141.302
VAK,PAVA,Chevak Airport,Chevak,US,61.540833,-165.600889
VAL,SNVB,Valenca Airport,Valenca,BR,-13.2965,-38.9924
VAM,VRMV,Villa International Airport,Maamigili,MV,3.47056,72.83444
VAN,LTCI,Van Ferit Melen Airport,Van,TR,38.4682,43.3323
VAO,AGGV,Suavanao Airport,Suavanao,SB,-7.58556,158.731
VAP,SCRD,Rodelillo Airport,Vina Del Mar,CL,-33.0681,-71.5575
VAR,LBWN,Varna Airport,Varna,BG,43.2321,27.8251
VAS,LTAR,Sivas Airport,Sivas,TR,39.8138,36.9035
VAT,FMMY,Vatomandry Airport,Vatomandry,MG,-19.38333,48.95
VAV,NFTV,Vava'u International Airport,Vava'u Island,TO,-18.5853,-173.96201
VAW,ENSS,Vardø Airport Svartnes,Vardø,NO,70.3554,31.0449
VBA,VYAN,Ann Airport,Aeng,MM,19.7692,94.0261
VBG,KVBG,Vandenberg Space Force Base Airport,Lompoc,US,34.737337,-120.584313
VBP,VYBP,Bokpyinn Airport,Bokpyinn,MM,11.267,98.767
VBS,LIPO,Brescia / Montichiari Airport,Brescia,IT,45.4289,10.3306
VBV,NFVB,Vanua Balavu Airport,Vanua Balavu,FJ,-17.269,-178.976
VBY,ESSV,Visby Airport,Visby,SE,57.6628,18.3462
VCA,VVCT,Tra Noc Airport,Can Tho,VN,10.0851,105.712
VCD,YVRD,Victoria River Downs Airport,,AU,-16.40212,131.00497
VCE,LIPZ,Venezia / Tessera -  Marco Polo Airport,Venezia,IT,45.5053,12.3519
VCH,SUVO,Vichadero Airport,Vichadero,UY,-31.767,-54.617
VCL,VVCA,Chu Lai International Airport,Dung Quat Bay,VN,15.4033,108.706
VCP,SBKP,Viracopos International Airport,Campinas,BR,-23.0074,-47.1345
VCR,SVCO,Carora Airport,Carora,VE,10.1756,-70.06522
VCS,VVCS,Co Ong Airport,Con Ong,VN,8.73183,106.633
VCT,KVCT,Victoria Regional Airport,Victoria,US,28.854206,-96.918732
VCV,KVCV,Southern California Logistics Airport,Victorville,US,34.595526,-117.382662
VDC,SBVC,Glauber de Andrade Rocha Airport,Vitória da Conquista,BR,-14.90783,-40.91467
VDE,GCHI,Hierro Airport,El Hierro Island,ES,27.8148,-17.8871
VDH,VVDH,Dong Hoi Airport,Dong Hoi,VN,17.515,106.59056
VDI,KVDI,Vidalia Regional Airport,Vidalia,US,32.192722,-82.371167
VDM,SAVV,Gobernador Castello Airport,Viedma / Carmen de Patagones,AR,-40.8692,-63.0004
VDO,VVVD,Van Don International Airport,Vân Đồn,VN,21.118,107.41417
VDP,SVVP,Valle de La Pascua Airport,,VE,9.22203,-65.99358
VDR,SAOD,Villa Dolores Airport,Villa Dolores,AR,-31.9452,-65.1463
VDS,ENVD,Vadsø Airport,Vadsø,NO,70.0653,29.8447
VDY,VOJV,Vijayanagar Aerodrome (JSW),,IN,15.17497,76.63495
VDZ,PAVD,Valdez Pioneer Field,Valdez,US,61.134222,-146.244768
VEE,PAVE,Venetie Airport,Venetie,US,67.008675,-146.366358
VEL,KVEL,Vernal Regional Airport,Vernal,US,40.436078,-109.511422
VER,MMVR,General Heriberto Jara International Airport,Veracruz,MX,19.1459,-96.1873
VEV,AGBA,Barakoma Airport,Barakoma,SB,-7.91278,156.70599
VEX,KD60,Tioga Municipal Airport,Tioga,US,48.380278,-102.897361
VEY,BIVM,Vestmannaeyjar Airport,Vestmannaeyjar,IS,63.4243,-20.2789
VFA,FVFA,Victoria Falls International Airport,Victoria Falls,ZW,-18.0959,25.839
VGA,VOBZ,Vijayawada Airport,,IN,16.5304,80.7968
VGD,ULWW,Vologda Airport,Vologda,RU,59.2825,39.9444
VGO,LEVX,Vigo Airport,Vigo,ES,42.2318,-8.62677
VGT,KVGT,North Las Vegas Airport,Las Vegas,US,36.210703,-115.194443
VGZ,SKVG,Villagarzon Airport,Villagarzon,CO,0.97877,-76.6056
VHC,FNSA,Saurimo Airport,Saurimo,AO,-9.68907,20.4319
VHM,ESNV,Vilhelmina Airport,,SE,64.5791,16.8336
VHN,KVHN,Culberson County Airport,Van Horn,US,31.057833,-104.783806
VHV,UENI,Verkhnevilyuisk Airport,Verkhnevilyuisk,RU,63.45806,120.26917
VHY,LFLV,Vichy-Charmeil Airport,Vichy/Charmeil,FR,46.1697,3.40374
VHZ,NTUV,Vahitahi Airport,Vahitahi,PF,-18.78,-138.853
VIA,SSVI,Videira Airport,Videira,BR,-26.9997,-51.1419
VIE,LOWW,Vienna International Airport,Vienna,AT,48.1103,16.5697
VIG,SVVG,Juan Pablo Perez Alfonso Airport,El Vigia,VE,8.62414,-71.67267
VIH,KVIH,Rolla Ntl Airport,Rolla/Vichy,US,38.127429,-91.769514
VII,VVVH,Vinh Airport,Vinh,VN,18.7376,105.671
VIJ,TUPW,Virgin Gorda Airport,Spanish Town,VG,18.4464,-64.4275
VIL,GMMH,Dakhla Airport,Dakhla,EH,23.7183,-15.932
VIN,UKWW,Havryshivka Vinnytsia International Airport,Vinnitsa,UA,49.24253,28.61378
VIP,LSMP,Payerne Airport,Payerne,CH,46.8432,6.91506
VIQ,WPVQ,Viqueque Airport,Viqueque,TL,-8.8838,126.373
VIR,FAVG,Virginia Airport,Durban,ZA,-29.7706,31.0584
VIS,KVIS,Visalia Municipal Airport,Visalia,US,36.318638,-119.392861
VIT,LEVT,Vitoria/Foronda Airport,Alava,ES,42.8828,-2.72447
VIX,SBVT,Eurico de Aguiar Salles Airport,Vitoria,BR,-20.25806,-40.28639
VIY,LFPV,Villacoublay-Velizy (BA 107) Air Base,Villacoublay/Velizy,FR,48.7744,2.20154
VJB,FQXA,Xai-Xai Airport,Xai-Xai,MZ,-25.0378,33.6274
VJI,KVJI,Virginia Highlands Airport,Abingdon,US,36.686314,-82.034784
VKG,VVRG,Rach Gia Airport,Rach Gia,VN,9.95803,105.13238
VKO,UUWW,Vnukovo International Airport,Moscow,RU,55.5915,37.2615
VKS,KVKS,Vicksburg Municipal Airport,Vicksburg,US,32.239145,-90.928195
VKT,UUYW,Vorkuta Airport,Vorkuta,RU,67.4886,63.9931
VLA,KVLA,Vandalia Municipal Airport,Vandalia,US,38.991466,-89.166189
VLC,LEVC,Valencia Airport,Valencia,ES,39.4893,-0.48162
VLD,KVLD,Valdosta Regional Airport,Valdosta,US,30.781464,-83.275972
VLE,K40G,Valle Airport,Grand Canyon,US,35.650565,-112.148092
VLG,SAZV,Villa Gesell Airport,Villa Gesell,AR,-37.2354,-57.0292
VLI,NVVV,Port Vila Bauerfield Airport,Port Vila,VU,-17.6993,168.32001
VLL,LEVD,Valladolid Airport,Valladolid,ES,41.7061,-4.85194
VLM,SLVM,Teniente Coronel Rafael Pabon Airport,Villamontes,BO,-21.2552,-63.4056
VLN,SVVA,Arturo Michelena International Airport,Valencia,VE,10.14973,-67.9284
VLO,LAVL,Vlora Internationa Airport,Vlora,AL,40.605556,19.426111
VLP,SWVC,Vila Rica Airport,Vila Rica,BR,-9.97944,-51.14222
VLR,SCLL,Vallenar Airport,Vallenar,CL,-28.5964,-70.756
VLS,NVSV,Valesdir Airport,Valesdir,VU,-16.7961,168.177
VLU,ULOL,Velikiye Luki Airport,Velikiye Luki,RU,56.3811,30.6081
VLV,SVVL,Dr. Antonio Nicolas Briceno Airport,Valera,VE,9.34048,-70.58406
VME,SAOR,Villa Reynolds Airport,Villa Reynolds,AR,-33.7299,-65.3874
VMU,AYBA,Baimuru Airport,Baimuru,PG,-7.49686,144.8199
VNC,KVNC,Venice Municipal Airport,Venice,US,27.071269,-82.440031
VND,FMSU,Vangaindrano Airport,Vangaindrano,MG,-23.35077,47.5817
VNE,LFRV,Vannes-Meucon Airport,Vannes/Meucon,FR,47.7233,-2.71856
VNO,EYVI,Vilnius International Airport,Vilnius,LT,54.6341,25.2858
VNR,YVRS,Vanrook Station Airport,,AU,-16.9633,141.95
VNS,VEBN,Lal Bahadur Shastri Airport,Varanasi,IN,25.45117,82.85867
VNT,EVVA,Ventspils International Airport,Ventspils,LV,57.3578,21.5442
VNX,FQVL,Vilankulo Airport,Vilanculo,MZ,-22.0184,35.3133
VNY,KVNY,Van Nuys Airport,Van Nuys,US,34.209806,-118.489972
VOD,LKVO,Vodochody Airport,Vodochoky,CZ,50.2166,14.3958
VOG,URWW,Volgograd International Airport,Volgograd,RU,48.7825,44.3455
VOH,FMNV,Vohimarina Airport,,MG,-13.3758,50.0028
VOI,GLVA,Voinjama Airport,Voinjama,LR,8.4,-9.767
VOK,KVOK,Volk Field,Camp Douglas,US,43.93924,-90.253162
VOL,LGBL,Nea Anchialos Airport,Nea Anchialos,GR,39.2196,22.7943
VOT,SDVG,Votuporanga Airport,Votuporanga,BR,-20.4632,-50.0045
VOZ,UUOO,Voronezh International Airport,Voronezh,RU,51.8142,39.2296
VPE,FNGI,Ngjiva Pereira Airport,Ngiva,AO,-17.0435,15.6838
VPN,BIVO,Vopnafjörður Airport,Vopnafjörður,IS,65.7206,-14.8506
VPS,KVPS,Eglin Afb/Destin-Ft Walton Beach Airport,Valparaiso/Destin-Ft Walton Beach,US,30.483219,-86.526044
VPY,FQCH,Chimoio Airport,Chimoio,MZ,-19.1513,33.429
VPZ,KVPZ,Porter County Regional Airport,Valparaiso,US,41.453972,-87.007083
VQQ,KVQQ,Cecil Airport,Jacksonville,US,30.218778,-81.877167
VQS,TJVQ,Antonio Rivera Rodriguez Airport,Isla De Vieques,US,18.134806,-65.493611
VRA,MUVR,Juan Gualberto Gomez International Airport,Varadero,CU,23.0344,-81.4353
VRB,KVRB,Vero Beach Regional Airport,Vero Beach,US,27.655555,-80.417954
VRC,RPUV,Virac Airport,Virac,PH,13.5764,124.206
VRE,FAVR,Vredendal Airport,Vredendal,ZA,-31.641,18.5448
VRI,ULDW,Varandey Airport,,RU,68.8485,58.2014
VRK,EFVR,Varkaus Airport,Varkaus / Joroinen,FI,62.1711,27.8686
VRL,LPVR,Vila Real Airport,Vila Real,PT,41.2743,-7.72047
VRN,LIPX,Verona / Villafranca Airport,Verona,IT,45.3957,10.8885
VRO,MUKW,Kawama Airport,Matanzas,CU,23.124,-81.3016
VRS,K3VS,Roy Otten Memorial Airfield,Versailles,US,38.428272,-92.875264
VRU,FAVB,Vryburg Airport,Vyrburg,ZA,-26.9824,24.7288
VSA,MMVA,Carlos Rovirosa Perez International Airport,Villahermosa,MX,17.997,-92.8174
VSE,LPVZ,Viseu Airport,Viseu,PT,40.7255,-7.88899
VSF,KVSF,Hartness State (Springfield) Airport,Springfield,US,43.343722,-72.517278
VSG,UKCW,Luhansk International Airport,Luhansk,UA,48.4174,39.3741
VST,ESOW,Stockholm Vasteras Airport,Stockholm / Vasteras,SE,59.5894,16.6336
VSV,VISV,Shravasti Airport,Shravasti,IN,27.503056,82.026944
VTB,UMII,Vitebsk East Airport,Vitebsk,BY,55.1265,30.3496
VTE,VLVT,Wattay International Airport,Vientiane,LA,17.9883,102.563
VTF,NFVL,Vatulele Airport,Vatulele,FJ,-18.5125,177.63901
VTG,VVVT,Vung Tau Airport,Vung Tau,VN,10.3725,107.095
VTL,LFSZ,Vittel Champ De Course Airport,Luxeuil,FR,48.2239,5.93528
VTM,LLNV,Nevatim Air Base,Beersheba,IL,31.2083,35.0123
VTN,KVTN,Miller Field,Valentine,US,42.856696,-100.548964
VTU,MUVT,Hermanos Ameijeiras Airport,Las Tunas,CU,20.9876,-76.9358
VTZ,VOVZ,Vishakhapatnam Airport,Visakhapatnam,IN,17.7212,83.2245
VUP,SKVP,Alfonso Lopez Pumarejo Airport,Valledupar,CO,10.435,-73.2495
VUS,ULWU,Velikiy Ustyug Airport,Velikiy Ustyug,RU,60.7883,46.26
VVB,FMMH,Mahanoro Airport,Mahanoro,MG,-19.833,48.8
VVC,SKVV,Vanguardia Airport,Villavicencio,CO,4.16787,-73.6138
VVI,SLVR,Viru Viru International Airport,Santa Cruz,BO,-17.6448,-63.1354
VVK,ESSW,Vastervik Airport,Vastervik,SE,57.78,16.5236
VVO,UHWW,Vladivostok International Airport,Vladivostok,RU,43.399,132.14799
VVZ,DAAP,Illizi Takhamalt Airport,Illizi,DZ,26.7235,8.62265
VXC,FQLC,Lichinga Airport,Lichinga,MZ,-13.274,35.2663
VXE,GVSV,Sao Pedro Airport,Sao Pedro,CV,16.8332,-25.0553
VXO,ESMX,Vaxjo Kronoberg Airport,Vaxjo,SE,56.9291,14.728
VYD,FAVY,Vryheid Airport,Vryheid,ZA,-27.7869,30.7964
VYI,UENW,Vilyuisk Airport,Vilyuisk,RU,63.75667,121.69334
VYS,KVYS,Illinois Valley Regional-Walter A Duncan Field,Peru,US,41.350139,-89.152944
WAA,PAIW,Wales Airport,Wales,US,65.622556,-168.094972
WAC,HAWC,Waca Airport,Waca,ET,7.167,37.167
WAE,OEWD,Wadi Al Dawasir Airport,,SA,20.5043,45.1996
WAF,OPWN,Wana Airport,Waana,PK,32.3047,69.5704
WAG,NZWU,Wanganui Airport,Wanganui,NZ,-39.9622,175.02499
WAH,KBWP,Harry Stern Airport,Wahpeton,US,46.244294,-96.607156
WAI,FMNW,Ambalabe Airport,Antsohihy,MG,-14.8988,47.9939
WAK,FMSZ,Ankazoabo Airport,Ankazoabo,MG,-22.29644,44.53154
WAL,KWAL,Wallops Flight Facility Airport,Wallops Island,US,37.940194,-75.466389
WAM,FMMZ,Ambatondrazaka Airport,Ambatondrazaka,MG,-17.79538,48.44258
WAO,AYWB,Wabo Airport,Wabo,PG,-6.98944,145.07511
WAP,SCAP,Alto Palena Airport,Alto Palena,CL,-43.6119,-71.8061
WAQ,FMMG,Antsalova Airport,Antsalova,MG,-18.70127,44.61492
WAR,WAJR,Waris Airport,Waris-Papua Island,ID,-3.22243,140.979
WAT,EIWF,Waterford Airport,Waterford,IE,52.1872,-7.08696
WAV,YWAV,Wave Hill Airport,,AU,-17.3933,131.118
WAW,EPWA,Warsaw Chopin Airport,Warsaw,PL,52.1657,20.9671
WAX,HLZW,Zwara Airport,Zuwara,LY,32.9523,12.0155
WAY,KWAY,Greene County Airport,Waynesburg,US,39.901139,-80.130694
WAZ,YWCK,Warwick Airport,,AU,-28.1494,151.94299
WBA,WAPV,WahaiSeram Island,Seram Island,ID,-2.81417,129.48199
WBB,PAAS,Stebbins Airport,Stebbins,US,63.515969,-162.278007
WBG,ETNS,Schleswig Airport,,DE,54.4593,9.51633
WBK,KY31,West Branch Community Airport,West Branch,US,44.244817,-84.179809
WBM,AYWD,Wapenamanda Airport,,PG,-5.6433,143.895
WBO,FMSB,Antsoa Airport,Beroroha,MG,-21.60698,45.13602
WBQ,PAWB,Beaver Airport,Beaver,US,66.362222,-147.4065
WBR,KRQB,Roben-Hood Airport,Big Rapids,US,43.722811,-85.50532
WBU,KBDU,Boulder Municipal Airport,Boulder,US,40.039365,-105.22609
WBW,KWBW,Wilkes-Barre Wyoming Valley Airport,Wilkes-Barre,US,41.297308,-75.852243
WCA,SCST,Gamboa Airport,Castro,CL,-42.4903,-73.7728
WCH,SCTN,Chaiten Airport,Chaiten,CL,-42.9328,-72.6991
WCR,PALR,Chandalar Lake Airport,Chandalar Lake,US,67.504517,-148.483222
WDG,KWDG,Enid Woodring Regional Airport,Enid,US,36.375956,-97.789423
WDH,FYWH,Hosea Kutako International Airport,Windhoek,NA,-22.4799,17.4709
WDI,YWND,Wondai Airport,,AU,-26.2833,151.858
WDN,90WA,Waldron Airstrip,East Sound,US,48.71177,-123.018242
WDR,KWDR,Barrow County Airport,Winder,US,33.982879,-83.667415
WDS,ZHSY,Shiyan Wudangshan Airport,Shiyan,CN,32.591667,110.907778
WEA,KWEA,Parker County Airport,Weatherford,US,32.745729,-97.682471
WEF,ZSWF,Weifang Airport,Weifang,CN,36.6467,119.119
WEH,ZSWH,Weihai Airport,Weihai,CN,37.1871,122.229
WEI,YBWP,Weipa Airport,Weipa,AU,-12.6786,141.925
WEL,FAWM,Welkom Airport,Welkom,ZA,-27.998,26.6696
WET,WABG,Wagethe Airport,Wagethe-Papua Island,ID,-4.04423,136.278
WEW,YWWA,Wee Waa Airport,,AU,-30.2583,149.408
WFD,EGCD,Manchester Woodford Airport,Manchester,GB,53.3381,-2.14889
WFI,FMSF,Fianarantsoa Airport,,MG,-21.4416,47.1117
WFK,KFVE,Northern Aroostook Regional Airport,Frenchville,US,47.2855,-68.312722
WGA,YSWG,Wagga Wagga City Airport,Wagga Wagga,AU,-35.1653,147.466
WGB,OPBR,Bahawalnagar Airport,Bahawalnagar,PK,29.9463,73.2491
WGC,VOWA,Warangal Airport,Warrangal,IN,17.9144,79.6022
WGE,YWLG,Walgett Airport,,AU,-30.0328,148.12601
WGO,KOKV,Winchester Regional Airport,Winchester,US,39.143528,-78.144444
WGP,WADW,Waingapu Airport,Waingapu-Sumba Island,ID,-9.66922,120.302
WGT,YWGT,Wangaratta Airport,,AU,-36.4158,146.30701
WHA,ZSWA,Wuhu Xuanzhou Airport,Wuhu,CN,31.104444,118.667222
WHF,HSSW,Wadi Halfa Airport,Wadi Halfa,SD,21.8027,31.52158
WHK,NZWK,Whakatane Airport,,NZ,-37.9206,176.914
WHO,NZFJ,Franz Josef Aerodrome,,NZ,-43.3631,170.134
WHP,KWHP,Whiteman Airport,Los Angeles,US,34.259325,-118.413433
WHS,EGEH,Whalsay Airport,Whalsay,GB,60.3775,-0.92556
WHT,KARM,Wharton Regional Airport,Wharton,US,29.254278,-96.154389
WHU,ZSWU,Wuhu Air Base,Wuhu,CN,31.3906,118.409
WIB,KF05,Wilbarger County Airport,Vernon,US,34.225667,-99.28375
WIC,EGPC,Wick Airport,Wick,GB,58.4589,-3.09306
WIE,ETOU,Wiesbaden Army Airfield,Wiesbaden,DE,50.0498,8.3254
WIK,NZKE,Waiheke Reeve Airport,,NZ,-36.8089,175.086
WIL,HKNW,Nairobi Wilson Airport,Nairobi,KE,-1.32172,36.8148
WIN,YWTN,Winton Airport,,AU,-22.3636,143.086
WIO,YWCA,Wilcannia Airport,,AU,-31.5264,143.375
WIR,NZWO,Wairoa Airport,Wairoa,NZ,-39.0069,177.407
WIT,YWIT,Wittenoom Airport,,AU,-22.2183,118.348
WIX,MMTX,Tuxpan Airport,,MX,19.5839,-103.384
WJF,KWJF,General Wm J Fox Airfield,Lancaster,US,34.741056,-118.218639
WJR,HKWJ,Wajir Airport,Wajir,KE,1.73324,40.0916
WJU,RKNW,Wonju Airport,Wonju,KR,37.4381,127.96
WKA,NZWF,Wanaka Airport,,NZ,-44.7222,169.246
WKB,YWKB,Warracknabeal Airport,,AU,-36.3211,142.41901
WKF,FAWK,Waterkloof Air Force Base,Pretoria,ZA,-25.83,28.2225
WKI,FVWT,Hwange Airport,Hwange,ZW,-18.3625,26.5167
WKJ,RJCW,Wakkanai Airport,Wakkanai,JP,45.4042,141.80099
WKK,K5A8,Aleknagik /New Airport,Aleknagik,US,59.282556,-158.617867
WKR,MYAW,Abaco I Walker C Airport,,BS,27.2667,-78.3997
WLA,YWAL,Wallal Airport,Wallal,AU,-19.7736,120.649
WLC,YWCH,Walcha Airport,,AU,-31.0,151.567
WLD,KWLD,Strother Field,Winfield/Arkansas City,US,37.168611,-97.037528
WLE,YMLS,Miles Airport,,AU,-26.8083,150.175
WLG,NZWN,Wellington International Airport,Wellington,NZ,-41.3272,174.80499
WLH,NVSW,Walaha Airport,Walaha,VU,-15.412,167.69099
WLK,PASK,Selawik Airport,Selawik,US,66.600139,-159.98575
WLL,YWOR,Wollogorang Airport,,AU,-17.22,137.923
WLO,YWTL,Waterloo Airport,,AU,-16.63,129.32001
WLP,YANG,West Angelas Airport,,AU,-23.13556,118.70697
WLS,NLWW,Hihifo Airport,Wallis Island,WF,-13.2383,-176.19901
WLW,KWLW,Willows/Glenn County Airport,Willows,US,39.515756,-122.217275
WMA,FMNX,Mandritsara Airport,Mandritsara,MG,-15.83305,48.83328
WMB,YWBL,Warrnambool Airport,,AU,-38.2953,142.44701
WMC,KWMC,Winnemucca Municipal Airport,Winnemucca,US,40.896611,-117.805889
WMD,FMSC,Mandabe Airport,Mandabe,MG,-21.0463,44.94041
WME,YMNE,Mount Keith Airport,,AU,-27.2864,120.555
WMH,KBPK,Baxter County Airport,Mountain Home,US,36.368943,-92.47052
WMI,EPMO,Warsaw Modlin Airport,Warsaw,PL,52.4511,20.6518
WMN,FMNR,Maroantsetra Airport,,MG,-15.4367,49.6883
WMO,PAWM,White Mountain Airport,White Mountain,US,64.689194,-163.41275
WMR,FMNC,Mananara Nord Airport,Mananara Nord,MG,-16.1639,49.7738
WMT,ZUMT,Zunyi Maotai Airport,Zunyi,CN,27.968056,106.438889
WMX,WAJW,Wamena Airport,Wamena-Papua Island,ID,-4.10251,138.957
WNA,PANA,Napakiak Airport,Napakiak,US,60.690333,-161.9785
WND,YWDA,Windarra Airport,,AU,-28.475,122.242
WNJ,_WNJ,Weining Airport (under construction),Leshan,CN,26.85,104.33
WNN,CKL3,Wunnumin Lake Airport,Wunnumin Lake,CA,52.8939,-89.2892
WNP,RPUN,Naga Airport,Naga,PH,13.5849,123.27
WNR,YWDH,Windorah Airport,,AU,-25.4131,142.66701
WNS,OPNH,Nawabshah Airport,Nawabash,PK,26.2194,68.3901
WNZ,ZSWZ,Wenzhou Yongqiang Airport,Wenzhou,CN,27.9122,120.852
WOA,AYWO,Wonenara Airport,Wonenara,PG,-6.79686,145.89194
WOE,EHWO,Woensdrecht Air Base,Bergen Op Zoom,NL,51.4491,4.34203
WOL,YWOL,Wollongong Airport,,AU,-34.5611,150.789
WON,YWDL,Wondoola Airport,,AU,-18.575,140.892
WOT,RCWA,Wang-an Airport,Wang-an,TW,23.36737,119.50278
WOW,PAUO,Willow Airport,Willow,US,61.754189,-150.051739
WPA,SCAS,Cabo 1° Juan Roman Airport,Puerto Aysen,CL,-45.3992,-72.6703
WPB,FMNG,Port Berge Airport,Port Berge,MG,-15.58429,47.62359
WPC,CZPC,Pincher Creek Airport,Pincher Creek,CA,49.5206,-113.997
WPK,YWMP,Wrotham Park Airport,,AU,-16.6583,144.002
WPO,K7V2,North Fork Valley Airport,Paonia,US,38.831306,-107.645861
WPR,SCFM,Capitan Fuentes Martinez Airport Airport,Porvenir,CL,-53.2537,-70.3192
WPU,SCGZ,Guardiamarina Zanartu Airport,Puerto Williams,CL,-54.9311,-67.6263
WRB,KWRB,Robins Afb Airport,Warner Robins,US,32.640171,-83.591921
WRE,NZWR,Whangarei Airport,,NZ,-35.7683,174.36501
WRG,PAWG,Wrangell Airport,Wrangell,US,56.484333,-132.369833
WRI,KWRI,Mc Guire Field (Joint Base Mc Guire Dix Lakehurst) Airport,Wrightstown,US,40.015789,-74.590726
WRL,KWRL,Worland Municipal Airport,Worland,US,43.962889,-107.950528
WRO,EPWR,Copernicus Wrocław Airport,Wrocław,PL,51.1027,16.8858
WRT,EGNO,Warton Airport,Warton,GB,53.7451,-2.88306
WRW,YWWG,Warrawagine Airport,,AU,-20.84646,120.70533
WRY,EGEW,Westray Airport,Westray,GB,59.3503,-2.95
WRZ,VCCW,Wirawila Airport,Weerawila,LK,6.25449,81.2352
WSF,PACS,Cape Sarichef Airport,Cape Sarichef,US,54.582431,-164.914481
WSG,KAFJ,Washington County Airport,Washington,US,40.136472,-80.290194
WSH,KHWV,Brookhaven Airport,Shirley,US,40.821954,-72.866907
WSI,YSWS,Western Sydney International (Nancy-Bird Walton) Airport,Badgerys Creek,AU,-33.888056,150.714722
WSK,ZUWS,Wushan Chongqing Airport,Wushan,CN,31.064,109.706
WSM,KWSM,Wiseman Airport,Wiseman,US,67.405107,-150.120878
WSN,PFWS,South Naknek Nr 2 Airport,South Naknek,US,58.702083,-157.002583
WSO,SMWS,Washabo Airport,Washabo,SR,5.25015,-57.1738
WSP,MNWP,Waspam Airport,Waspam,NI,14.7392,-83.9694
WSR,WASW,Wasior Airport,Wasior-Papua Island,ID,-2.73359,134.51801
WST,KWST,Westerly State Airport,Westerly,US,41.349633,-71.803417
WSU,AYWS,Wasu Airport,Wasu,PG,-5.96171,147.19823
WSZ,NZWS,Westport Airport,,NZ,-41.7381,171.58099
WTA,FMMU,Tambohorano Airport,Tambohorano,MG,-17.4761,43.9728
WTB,YBWW,Toowoomba Wellcamp Airport,Wellcamp,AU,-27.55833,151.79333
WTD,MYGW,West End Airport,West End,BS,26.6853,-78.975
WTK,PAWN,Noatak Airport,Noatak,US,67.561167,-162.980417
WTL,PAAJ,Tuntutuliak Airport,Tuntutuliak,US,60.351108,-162.654611
WTN,EGXW,RAF Waddington,Waddington,GB,53.1662,-0.52381
WTP,AYWT,Woitape Airport,Fatima Mission,PG,-8.54583,147.2525
WTR,KE24,Whiteriver Airport,Whiteriver,US,33.810608,-109.985744
WTS,FMMX,Tsiroanomandidy Airport,Tsiroanomandidy,MG,-18.75968,46.05407
WTZ,NZWT,Whitianga Airport,,NZ,-36.8317,175.679
WUA,ZBUH,Wuhai Airport,Wuhai,CN,39.791944,106.803333
WUD,YWUD,Wudinna Airport,,AU,-33.0433,135.44701
WUG,AYWU,Wau Airport,Wau,PG,-7.34556,146.71861
WUH,ZHHH,Wuhan Tianhe International Airport,Wuhan,CN,30.7838,114.208
WUI,YMMI,Murrin Murrin Airport,,AU,-28.7053,121.891
WUN,YWLU,Wiluna Airport,,AU,-26.6292,120.221
WUS,ZSWY,Nanping Wuyishan Airport,Wuyishan,CN,27.7019,118.001
WUU,HSWW,Wau Airport,Wau,SS,7.72583,27.975
WUX,ZSWX,Sunan Shuofang International Airport,Wuxi,CN,31.4944,120.429
WUZ,ZGWZ,Wuzhou Xijiang Airport,Wuzhou,CN,23.401389,111.098611
WVB,FYWB,Walvis Bay Airport,Walvis Bay,NA,-22.9799,14.6453
WVI,KWVI,Watsonville Municipal Airport,Watsonville,US,36.935733,-121.789637
WVK,FMSK,Manakara Airport,,MG,-22.1197,48.0217
WVL,KWVL,Waterville Regional Airport,Waterville,US,44.53325,-69.675528
WVN,EDWI,Wilhelmshaven-Mariensiel Airport,Wilhelmshaven,DE,53.50222,8.05222
WWA,PAWS,Wasilla Airport,Wasilla,US,61.571986,-149.539557
WWD,KWWD,Cape May County Airport,Wildwood,US,39.008369,-74.908509
WWI,YWWI,Woodie Woodie Airport,Woodie Woodie,AU,-21.6628,121.234
WWK,AYWK,Wewak International Airport,Wewak,PG,-3.58383,143.66901
WWR,KWWR,West Woodward Airport,Woodward,US,36.438406,-99.522574
WWT,PAEW,Mertarvik Airport,Mertarvik,US,60.810402,-164.49944
WWY,YWWL,West Wyalong Airport,West Wyalong,AU,-33.9372,147.19099
WXN,ZUWX,Wanxian Airport,Wanxian,CN,30.8017,108.433
WYA,YWHA,Whyalla Airport,Whyalla,AU,-33.0589,137.51401
WYE,GFYE,Yengema Airport,Yengema,SL,8.61047,-11.0454
WYK,WIPO,Gatot Subrato Airport,"Batu Raja, Sumatra Island",ID,-4.39177,104.401
WYN,YWYM,Wyndham Airport,,AU,-15.5114,128.153
WYS,KWYS,Yellowstone Airport,West Yellowstone,US,44.688389,-111.117639
WZA,DGLW,Wa Airport,Wa,GH,10.0827,-2.50769
XAI,ZHXY,Xinyang Minggang Airport,Xinyang,CN,32.541389,114.077778
XAP,SBCH,Chapeco Airport,Chapeco,BR,-27.1342,-52.6566
XAR,DFOY,Aribinda Airport,Aribinda,BF,14.217,-0.883
XAU,SOOS,Saul Airport,Saul,GF,3.61361,-53.2042
XBE,CNE3,Bearskin Lake Airport,Bearskin Lake,CA,53.9656,-91.0272
XBG,DFEB,Bogande Airport,Bogande,BF,12.983,-0.167
XBJ,OIMB,Birjand Airport,Birjand,IR,32.8981,59.2661
XBK,LFHS,Bourg-Ceyzeriat Airport,Bourg/Ceyzeriat,FR,46.2009,5.29203
XBO,DFEA,Boulsa Airport,Boulsa,BF,12.65,-0.567
XBR,CNL3,Brockville - Thousand Islands Regional Tackaberry Airport,Brockville,CA,44.6394,-75.7503
XCH,YPXM,Christmas Island Airport,Christmas Island,CX,-10.4506,105.69
XCL,CJS3,Cluff Lake Airport,Cluff Lake,CA,58.3911,-109.516
XCM,CYCK,Chatham Kent Airport,Chatham-Kent,CA,42.3064,-82.0819
XCO,YOLA,Colac Airport,,AU,-38.2867,143.67999
XCR,LFOK,Chalons-Vatry Air Base,Chalons/Vatry,FR,48.7761,4.18449
XDE,DFOU,Diebougou Airport,Diebougou,BF,10.95,-3.25
XDJ,DFCJ,Djibo Airport,Djibo,BF,14.1,-1.633
XEN,ZYXC,Xingcheng Air Base,,CN,40.5803,120.698
XFN,ZHXF,Xiangfan Airport,Xiangfan,CN,32.1506,112.291
XFW,EDHI,Hamburg-Finkenwerder Airport,Hamburg,DE,53.53528,9.83556
XGA,DFOG,Gaoua Airport,Gaoua,BF,10.2992,-3.25083
XGG,DFEG,Gorom-Gorom Airport,Gorom-Gorom,BF,14.45,-0.233
XGN,FNXA,Xangongo Airport,Xangongo,AO,-16.7554,14.9653
XGR,CYLU,Kangiqsualujjuaq (Georges River) Airport,Kangiqsualujjuaq,CA,58.7114,-65.9928
XIC,ZUXC,Xichang Qingshan Airport,Xichang,CN,27.9891,102.184
XIJ,OKAJ,Ahmed Al Jaber Air Base,Ahmed Al Jaber AB,KW,28.9348,47.7919
XIL,ZBXH,Xilinhot Airport,Xilinhot,CN,43.9156,115.964
XIN,ZGXN,Xingning Airport,Xingning,CN,24.1492,115.758
XIY,ZLXY,Xi'an Xianyang International Airport,Xianyang,CN,34.4471,108.752
XJM,OPMA,Mangla Airport,Mangla,PK,33.0501,73.6384
XKA,DFEL,Kantchari Airport,Kantchari,BF,12.467,1.5
XKH,VLXK,Xieng Khouang Airport,Xieng Khouang,LA,19.45,103.158
XKS,CYAQ,Kasabonika Airport,Kasabonika,CA,53.5247,-88.6428
XKY,DFCA,Kaya Airport,Kaya,BF,13.067,-1.1
XLB,CZWH,Lac Brochet Airport,Lac Brochet,CA,58.6175,-101.469
XLS,GOSS,Saint Louis Airport,Saint Louis,SN,16.0508,-16.4632
XLU,DFCL,Leo Airport,Leo,BF,11.1,-2.1
XMC,YMCO,Mallacoota Airport,,AU,-37.5983,149.72
XMD,KMDS,Madison Municipal Airport,Madison,US,44.016417,-97.085611
XMH,NTGI,Manihi Airport,,PF,-14.4368,-146.07001
XMI,HTMI,Masasi Airport,Masasi,TZ,-10.733,38.767
XML,YMIN,Minlaton Airport,,AU,-34.75,137.533
XMN,ZSAM,Xiamen Gaoqi International Airport,Xiamen,CN,24.544,118.128
XMP,CFC4,Macmillan Pass Airport,Macmillan Pass,CA,63.1811,-130.202
XMS,SEMC,Coronel E Carvajal Airport,Macas,EC,-2.29917,-78.1208
XMU,LFHY,Moulins-Montbeugny Airport,Moulins/Montbeugny,FR,46.5346,3.42372
XMY,YYMI,Yam Island Airport,Yam Island,AU,-9.90111,142.776
XNA,KXNA,Northwest Arkansas Ntl Airport,Fayetteville/Springdale/Rogers,US,36.281579,-94.307766
XNN,ZLXN,Xining Caojiabu Airport,Xining,CN,36.5275,102.043
XNU,DFON,Nouna Airport,Nouna,BF,12.75,-3.867
XPA,DFEP,Pama Airport,Pama,BF,11.25,0.7
XPK,CZFG,Pukatawagan Airport,Pukatawagan,CA,55.7492,-101.266
XPL,MHPR,Comayagua-Palmerola International Airport,Comayagua,HN,14.38233,-87.62117
XPP,CZNG,Poplar River Airport,Poplar River,CA,53.0,-97.2667
XPR,KIEN,Pine Ridge Airport,Pine Ridge,US,43.021274,-102.506606
XQP,MRQP,Quepos Managua Airport,Quepos,CR,9.44316,-84.1298
XQU,CAT4,Qualicum Beach Airport,Qualicum Beach,CA,49.3372,-124.394
XRH,YSRI,RAAF Base Richmond,Richmond,AU,-33.6006,150.78101
XRR,CYDM,Ross River Airport,Ross River,CA,61.9706,-132.423
XRY,LEJR,Jerez Airport,Jerez de la Forntera,ES,36.7446,-6.06011
XSB,OMBY,Sir Bani Yas Airport,Sir Bani Yas,AE,24.282196,52.582068
XSC,MBSC,South Caicos Airport,,TC,21.5157,-71.5285
XSD,KTNX,Tonopah Test Range,Tonopah,US,37.798867,-116.780736
XSE,DFES,Sebba Airport,Sebba,BF,13.45,0.517
XSI,CZSN,South Indian Lake Airport,South Indian Lake,CA,56.7928,-98.9072
XSP,WSSL,Seletar Airport,Seletar,SG,1.41695,103.868
XTG,YTGM,Thargomindah Airport,,AU,-27.9864,143.811
XTL,CYBQ,Tadoule Lake Airport,Tadoule Lake,CA,58.7061,-98.5122
XTO,YTAM,Taroom Airport,,AU,-25.8017,149.89999
XTR,YTAA,Tara Airport,,AU,-27.1567,150.47701
XUZ,ZSXZ,Xuzhou Guanyin Airport,Xuzhou,CN,34.05906,117.55528
XWA,KXWA,Williston Basin International Airport,Williston,US,48.259784,-103.750557
XXN,OERY,Riyadh Air Base,Riyadh,SA,24.7098,46.7252
XYA,AGGY,Yandina Airport,Yandina,SB,-9.09282,159.21841
XYR,AYED,Edwaki Airport,Yellow River Mission,PG,-3.88399,141.79223
XZA,DFEZ,Zabre Airport,Zabre,BF,11.167,-0.617
YAA,CAJ4,Anahim Lake Airport,Anahim Lake,CA,52.4525,-125.303
YAB,CYAB,Arctic Bay Airport,,CA,73.00577,-85.04251
YAC,CYAC,Cat Lake Airport,Cat Lake,CA,51.7272,-91.8244
YAD,CAS2,Moose Lake (Lodge) Airport,Moose Lake,CA,53.0733,-125.409
YAG,CYAG,Fort Frances Municipal Airport,Fort Frances,CA,48.6542,-93.4397
YAH,CYAH,La Grande-4 Airport,La Grande-4,CA,53.7547,-73.6753
YAI,SCCH,Gral. Bernardo O´Higgins Airport,Chillan,CL,-36.5825,-72.0314
YAK,PAYA,Yakutat Airport,Yakutat,US,59.503323,-139.660268
YAL,CYAL,Alert Bay Airport,Alert Bay,CA,50.5822,-126.916
YAM,CYAM,Sault Ste Marie Airport,Sault Sainte Marie,CA,46.485,-84.5094
YAN,FZIR,Yangambi Airport,Yangambi,CD,0.783,24.467
YAO,FKKY,Yaounde Airport,Yaounde,CM,3.83604,11.5235
YAP,PTYA,Yap International Airport,Yap Island,FM,9.498911,138.082484
YAR,CYAD,La Grande-3 Airport,La Grande-3,CA,53.5717,-76.1964
YAS,NFSW,Yasawa Island Airport,Yasawa Island,FJ,-16.7589,177.545
YAT,CYAT,Attawapiskat Airport,Attawapiskat,CA,52.9275,-82.4319
YAU,CTP9,Donaldson Airport,Kattiniq,CA,61.6622,-73.3214
YAX,CKB6,Wapekeka Airport,Angling Lake,CA,53.8492,-89.5794
YAY,CYAY,St. Anthony Airport,St. Anthony,CA,51.3919,-56.0831
YAZ,CYAZ,Tofino / Long Beach Airport,Tofino,CA,49.07983,-125.7756
YBA,CYBA,Banff Airport,Banff,CA,51.20734,-115.54186
YBB,CYBB,Kugaaruk Airport,Kugaaruk,CA,68.5344,-89.8081
YBC,CYBC,Baie Comeau Airport,Baie-Comeau,CA,49.1325,-68.2044
YBE,CYBE,Uranium City Airport,Uranium City,CA,59.5614,-108.481
YBG,CYBG,CFB Bagotville,Bagotville,CA,48.3306,-70.9964
YBI,CCE4,Black Tickle Airport,Black Tickle,CA,53.4694,-55.785
YBK,CYBK,Baker Lake Airport,Baker Lake,CA,64.2989,-96.0778
YBL,CYBL,Campbell River Airport,Campbell River,CA,49.9508,-125.271
YBO,CBW4,Bob Quinn Lake Airport,Bob Quinn Lake,CA,56.9667,-130.25
YBP,ZUYB,Yibin Wuliangye  Airport,Yibin,CN,28.858,104.525
YBR,CYBR,Brandon Municipal Airport,Brandon,CA,49.91,-99.9519
YBT,CYBT,Brochet Airport,Brochet,CA,57.8894,-101.679
YBV,CYBV,Berens River Airport,Berens River,CA,52.3589,-97.0183
YBX,CYBX,Lourdes de Blanc Sablon Airport,Lourdes-De-Blanc-Sablon,CA,51.4436,-57.1853
YBY,CYBF,Bonnyville Airport,Bonnyville,CA,54.3042,-110.744
YCA,CAH3,Courtenay Airpark,Courtenay,CA,49.6794,-124.982
YCB,CYCB,Cambridge Bay Airport,Cambridge Bay,CA,69.1081,-105.138
YCC,CYCC,Cornwall Regional Airport,Cornwall,CA,45.0928,-74.5633
YCD,CYCD,Nanaimo Airport,Nanaimo,CA,49.0523,-123.87
YCE,CYCE,James T. Field Memorial Aerodrome,Centralia,CA,43.2856,-81.5083
YCG,CYCG,Castlegar Airport,Castlegar,CA,49.2964,-117.632
YCH,CYCH,Miramichi Airport,Miramichi,CA,47.0078,-65.4492
YCK,CEB3,Colville Lake Airport,Colville Lake,CA,67.0333,-126.083
YCL,CYCL,Charlo Airport,Charlo,CA,47.9908,-66.3303
YCM,CYSN,St. Catharines Niagara District Airport,Niagara-on-the-lake,CA,43.1917,-79.1717
YCN,CYCN,Cochrane Airport,Cochrane,CA,49.1056,-81.0136
YCO,CYCO,Kugluktuk Airport,Kugluktuk,CA,67.8167,-115.144
YCQ,CYCQ,Chetwynd Airport,Chetwynd,CA,55.6872,-121.627
YCR,CYCR,Cross Lake (Charlie Sinclair Memorial) Airport,Cross Lake,CA,54.6106,-97.7608
YCS,CYCS,Chesterfield Inlet Airport,Chesterfield Inlet,CA,63.3469,-90.7311
YCT,CYCT,Coronation Airport,Coronation,CA,52.075,-111.445
YCU,ZBYC,Yuncheng Guangong Airport,Yuncheng,CN,35.11639,111.03139
YCW,CYCW,Chilliwack Airport,Chilliwack,CA,49.1528,-121.939
YCY,CYCY,Clyde River Airport,Clyde River,CA,70.4861,-68.5167
YCZ,CYCZ,Fairmont Hot Springs Airport,Fairmont Hot Springs,CA,50.3303,-115.873
YDA,CYDA,Dawson City Airport,Dawson City,CA,64.0431,-139.12801
YDB,CYDB,Burwash Airport,Burwash,CA,61.3711,-139.041
YDC,CER3,Drayton Valley Industrial Airport,Drayton Valley,CA,53.2658,-114.96
YDF,CYDF,Deer Lake Airport,Deer Lake,CA,49.2108,-57.3914
YDG,CYID,Digby / Annapolis Regional Airport,Digby,CA,44.54585,-65.78542
YDJ,CJL2,Hatchet Lake Airport,Hatchet Lake,CA,58.6625,-103.538
YDL,CYDL,Dease Lake Airport,Dease Lake,CA,58.4222,-130.032
YDN,CYDN,Dauphin Barker Airport,Dauphin,CA,51.1008,-100.052
YDO,CYDO,Dolbeau Lac-Saint-Jean Airport,Saint-Félicien,CA,48.7785,-72.375
YDP,CYDP,Nain Airport,Nain,CA,56.5492,-61.6803
YDQ,CYDQ,Dawson Creek Airport,Dawson Creek,CA,55.7423,-120.183
YDT,CZBB,Boundary Bay Airport,Ladner,CA,49.0742,-123.012
YDU,CJL8,Kasba Lake Airport,Kasba Lake,CA,60.2919,-102.502
YDV,CZTA,Bloodvein River Airport,Bloodvein River,CA,51.7833,-96.7
YDW,CKV4,North of Sixty Airport,Obre Lake,CA,60.3164,-103.129
YEB,CPF2,Bar River Airport,Bar River,CA,46.4203,-84.0922
YEC,RKTY,Yecheon Airport,,KR,36.6319,128.355
YEG,CYEG,Edmonton International Airport,Edmonton,CA,53.3097,-113.58
YEH,_YEH,Yinchuan Helanshan Airport,Yinchuan,CN,38.4819,106.009
YEI,LTBR,Bursa Yenisehir Airport,Bursa,TR,40.2552,29.5626
YEK,CYEK,Arviat Airport,Arviat,CA,61.0942,-94.0708
YEL,CYEL,Elliot Lake Municipal Airport,Elliot Lake,CA,46.3514,-82.5614
YEM,CYEM,Manitoulin East Municipal Airport,Manitowaning,CA,45.8428,-81.8581
YEN,CYEN,Estevan Airport,Estevan,CA,49.2103,-102.966
YEO,EGDY,RNAS Yeovilton,Yeovil,GB,51.0094,-2.63882
YER,CYER,Fort Severn Airport,Fort Severn,CA,56.0189,-87.6761
YES,OISY,Yasouj Airport,,IR,30.7005,51.5451
YET,CYET,Edson Airport,Edson,CA,53.5789,-116.465
YEU,CYEU,Eureka Airport,Eureka,CA,79.9947,-85.8142
YEV,CYEV,Inuvik (Mike Zubko) Airport,Inuvik,CA,68.3042,-133.483
YEY,CYEY,Amos Magny Airport,Amos,CA,48.5639,-78.2497
YFA,CYFA,Fort Albany Airport,Fort Albany,CA,52.2014,-81.6969
YFB,CYFB,Iqaluit Airport,Iqaluit,CA,63.7564,-68.5558
YFC,CYFC,Fredericton International Airport,Fredericton,CA,45.8689,-66.5372
YFE,CYFE,Forestville Airport,Forestville,CA,48.7461,-69.0972
YFG,CTU2,Fontanges Airport,Fontanges,CA,54.5539,-71.1733
YFH,CYFH,Fort Hope Airport,Fort Hope,CA,51.5619,-87.9078
YFI,CFG6,Fort Mackay / Firebag,Suncor Energy Site,CA,57.27583,-110.97667
YFJ,CYWE,Wekweeti Airport,Wekweeti,CA,64.1908,-114.077
YFO,CYFO,Flin Flon Airport,Flin Flon,CA,54.6781,-101.682
YFR,CYFR,Fort Resolution Airport,Fort Resolution,CA,61.1808,-113.69
YFS,CYFS,Fort Simpson Airport,Fort Simpson,CA,61.7602,-121.237
YFX,CCK4,St. Lewis (Fox Harbour) Airport,St. Lewis,CA,52.3728,-55.6739
YGB,CYGB,Texada Gillies Bay Airport,Texada,CA,49.6942,-124.518
YGC,CEQ5,Grande Cache Airport,Grande Cache,CA,53.9169,-118.874
YGH,CYGH,Fort Good Hope Airport,Fort Good Hope,CA,66.2408,-128.651
YGJ,RJOH,Miho Yonago Airport,Yonago,JP,35.4922,133.23599
YGK,CYGK,Kingston Airport,Kingston,CA,44.2253,-76.5969
YGL,CYGL,La Grande Riviere Airport,Radisson,CA,53.6253,-77.7042
YGM,CYGM,Gimli Industrial Park Airport,Gimli,CA,50.6281,-97.0433
YGO,CYGO,Gods Lake Narrows Airport,Gods Lake Narrows,CA,54.5589,-94.4914
YGP,CYGP,Gaspe (Michel-Pouliot) Airport,Gaspe,CA,48.7753,-64.4786
YGQ,CYGQ,Geraldton Greenstone Regional Airport,Geraldton,CA,49.7783,-86.9394
YGR,CYGR,Iles-de-la-Madeleine Airport,Iles-de-la-Madeleine,CA,47.4247,-61.7781
YGT,CYGT,Igloolik Airport,Igloolik,CA,69.3647,-81.8161
YGV,CYGV,Havre St Pierre Airport,Havre St-Pierre,CA,50.2819,-63.6114
YGW,CYGW,Kuujjuarapik Airport,Kuujjuarapik,CA,55.2819,-77.7653
YGX,CYGX,Gillam Airport,Gillam,CA,56.3575,-94.7106
YGZ,CYGZ,Grise Fiord Airport,Grise Fiord,CA,76.4261,-82.9092
YHA,CCP4,Port Hope Simpson Airport,Port Hope Simpson,CA,52.5281,-56.2861
YHB,CYHB,Hudson Bay Airport,Hudson Bay,CA,52.8167,-102.311
YHD,CYHD,Dryden Regional Airport,Dryden,CA,49.8317,-92.7442
YHE,CYHE,Hope Airport,Hope,CA,49.3683,-121.498
YHF,CYHF,Hearst Rene Fontaine Municipal Airport,Hearst,CA,49.7142,-83.6861
YHG,CCH4,Charlottetown Airport,Charlottetown,CA,52.765,-56.1156
YHI,CYHI,Ulukhaktok Holman Airport,Ulukhaktok,CA,70.7628,-117.806
YHJ,ZSYH,Nanchang Yaohu Airport,Nanchang,CN,28.700972,116.107694
YHK,CYHK,Gjoa Haven Airport,Gjoa Haven,CA,68.6356,-95.8497
YHM,CYHM,John C. Munro Hamilton International Airport,Hamilton,CA,43.1736,-79.935
YHN,CYHN,Hornepayne Municipal Airport,Hornepayne,CA,49.1931,-84.7589
YHO,CYHO,Hopedale Airport,Hopedale,CA,55.4483,-60.2286
YHP,CPV7,Poplar Hill Airport,Poplar Hill,CA,52.1133,-94.2556
YHR,CYHR,Chevery Airport,Chevery,CA,50.4689,-59.6367
YHS,CAP3,Sechelt-Gibsons Airport,Sechelt-Gibsons,CA,49.4606,-123.719
YHT,CYHT,Haines Junction Airport,Haines Junction,CA,60.7892,-137.54601
YHU,CYHU,Montréal / St-Hubert Airport,Longueuil,CA,45.5175,-73.4169
YHY,CYHY,Hay River / Merlyn Carter Airport,Hay River,CA,60.8397,-115.783
YHZ,CYHZ,Halifax Robert L. Stanfield International Airport,Halifax,CA,44.8808,-63.5086
YIA,WAHI,Yogyakarta International Airport,"Yogyakarta, Java Island",ID,-7.90417,110.0575
YIB,CYIB,Atikokan Municipal Airport,Atikokan,CA,48.7739,-91.6386
YIE,ZBES,Aershan Yiershi Airport,Arxan,CN,47.310556,119.911944
YIF,CYIF,St Augustin Airport,St-Augustin,CA,51.2117,-58.6583
YIH,ZHYC,Yichang Airport,Yichang,CN,30.55655,111.47999
YIK,CYIK,Ivujivik Airport,Ivujivik,CA,62.4173,-77.9253
YIN,ZWYN,Yining Airport,Yining,CN,43.9558,81.3303
YIO,CYIO,Pond Inlet Airport,Pond Inlet,CA,72.6833,-77.9667
YIP,KYIP,Willow Run Airport,Detroit,US,42.240274,-83.531461
YIV,CYIV,Island Lake Airport,Island Lake,CA,53.8572,-94.6536
YIW,ZSYW,Yiwu Airport,Yiwu,CN,29.3447,120.032
YJA,CYJA,Jasper Airport,Jasper,CA,52.9967,-118.059
YJF,CYJF,Fort Liard Airport,Fort Liard,CA,60.2358,-123.469
YJN,CYJN,St-Jean Airport,Saint Jean,CA,45.2944,-73.2811
YJP,CEC4,Hinton / Jasper-Hinton Airport,Hinton,CA,53.3192,-117.753
YJS,ZKSE,Samjiyon Airport,Samjiyon,KP,41.9059,128.41
YJT,CYJT,Stephenville Airport,Stephenville,CA,48.5442,-58.55
YKA,CYKA,Kamloops Airport,Kamloops,CA,50.7022,-120.444
YKC,CYKC,Collins Bay Airport,Collins Bay,CA,58.2361,-103.678
YKD,CNS7,Kincardine Airport,Kincardine,CA,44.2014,-81.6067
YKE,CJT3,Knee Lake Airport,Knee Lake,CA,54.9153,-94.7981
YKF,CYKF,Kitchener / Waterloo Airport,Waterloo,CA,43.4608,-80.3786
YKG,CYAS,Kangirsuk Airport,Kangirsuk,CA,60.0272,-69.9992
YKH,ZYYK,Yingkou Lanqi Airport,Yingkou,CN,40.542524,122.3586
YKJ,CYKJ,Key Lake Airport,Key Lake,CA,57.2561,-105.618
YKL,CYKL,Schefferville Airport,Schefferville,CA,54.8053,-66.8053
YKM,KYKM,Yakima Air Trml/Mcallister Field,Yakima,US,46.568167,-120.544062
YKN,KYKN,Chan Gurney Municipal Airport,Yankton,US,42.916679,-97.385932
YKO,LTCW,Yüksekova Selahaddin Eyyubi Airport,Yüksekova,TR,37.54967,44.2375
YKQ,CYKQ,Waskaganish Airport,Waskaganish,CA,51.4733,-78.7583
YKS,UEEE,Yakutsk Airport,Yakutsk,RU,62.0933,129.771
YKU,CSU2,Chisasibi Airport,Chisasibi,CA,53.8056,-78.9169
YKX,CYKX,Kirkland Lake Airport,Kirkland Lake,CA,48.2103,-79.9814
YKY,CYKY,Kindersley Airport,Kindersley,CA,51.5175,-109.181
YLB,CYLB,Lac La Biche Airport,Lac La Biche,CA,54.7703,-112.032
YLC,CYLC,Kimmirut Airport,Kimmirut,CA,62.85,-69.8833
YLD,CYLD,Chapleau Airport,Chapleau,CA,47.82,-83.3467
YLE,CEM3,Whati Airport,Whati,CA,63.1317,-117.246
YLG,YYAL,Yalgoo Airport,Yalgoo,AU,-28.3553,116.684
YLH,CYLH,Lansdowne House Airport,Lansdowne House,CA,52.1956,-87.9342
YLI,EFYL,Ylivieska Airport,,FI,64.0605,24.716
YLJ,CYLJ,Meadow Lake Airport,Meadow Lake,CA,54.1253,-108.523
YLK,CYLS,Barrie-Orillia (Lake Simcoe Regional Airport),Barrie-Orillia,CA,44.4853,-79.5556
YLL,CYLL,Lloydminster Airport,Lloydminster,CA,53.3092,-110.073
YLQ,CYLQ,La Tuque Airport,La Tuque,CA,47.4097,-72.7889
YLR,CYLR,Leaf Rapids Airport,Leaf Rapids,CA,56.5133,-99.9853
YLS,CSH4,Lebel-sur-Quevillon Airport,Lebel-sur-Quevillon,CA,49.0303,-77.0172
YLT,CYLT,Alert Airport,Alert,CA,82.5178,-62.2806
YLV,UBEE,Yevlakh Airport,Yevlakh,AZ,40.6319,47.1419
YLW,CYLW,Kelowna Airport,Kelowna,CA,49.9561,-119.378
YLX,ZGYL,Yulin Fumian Airport,Yulin,CN,22.438056,110.120833
YLY,CYNJ,Langley Airport,Langley,CA,49.1008,-122.631
YMA,CYMA,Mayo Airport,Mayo,CA,63.6164,-135.868
YMB,CAD5,Merritt Airport,Merritt,CA,50.1228,-120.747
YME,CYME,Matane Airport,Matane,CA,48.8569,-67.4533
YMG,CYMG,Manitouwadge Airport,Manitouwadge,CA,49.0839,-85.8606
YMH,CYMH,Mary's Harbour Airport,Mary's Harbour,CA,52.3028,-55.8472
YMJ,CYMJ,Moose Jaw Air Vice Marshal C. M. McEwen Airport,Moose Jaw,CA,50.3303,-105.559
YMK,USDK,Mys Kamenny Airport,Mys Kamennyi,RU,68.483,73.567
YML,CYML,Charlevoix Airport,Charlevoix,CA,47.5975,-70.2239
YMM,CYMM,Fort McMurray Airport,Fort McMurray,CA,56.6533,-111.222
YMN,CYFT,Makkovik Airport,Makkovik,CA,55.0769,-59.1864
YMO,CYMO,Moosonee Airport,Moosonee,CA,51.2911,-80.6078
YMS,SPMS,Moises Benzaquen Rengifo Airport,Yurimaguas,PE,-5.89377,-76.1182
YMT,CYMT,Chapais Airport,Chibougamau,CA,49.7719,-74.5281
YMW,CYMW,Maniwaki Airport,Maniwaki,CA,46.2728,-75.9906
YMX,CYMX,Montréal (Mirabel) Airport,Mirabel,CA,45.6795,-74.0387
YNA,CYNA,Natashquan Airport,Natashquan,CA,50.19,-61.7892
YNB,OEYN,Yenbo Airport,,SA,24.1442,38.0634
YNC,CYNC,Wemindji Airport,Wemindji,CA,53.0106,-78.8311
YND,CYND,Ottawa / Gatineau Airport,Gatineau,CA,45.5217,-75.5636
YNE,CYNE,Norway House Airport,Norway House,CA,53.9583,-97.8442
YNG,KYNG,Youngstown/Warren Regional Airport,Youngstown/Warren,US,41.26159,-80.680366
YNH,CYNH,Hudsons Hope Airport,Hudson's Hope,CA,56.0356,-121.976
YNJ,ZYYJ,Yanji Chaoyangchuan Airport,Yanji,CN,42.8828,129.451
YNL,CYNL,Points North Landing Airport,Points North Landing,CA,58.2767,-104.082
YNM,CYNM,Matagami Airport,Matagami,CA,49.7617,-77.8028
YNN,CYNN,Nejanilini Lake Airport,Nejanilini Lake,CA,59.4875,-97.7803
YNO,CKQ3,North Spirit Lake Airport,North Spirit Lake,CA,52.49,-92.9711
YNP,CNH2,Natuashish Airport,Natuashish,CA,55.9139,-61.1844
YNS,CYHH,Nemiscau Airport,Nemiscau,CA,51.6911,-76.1356
YNT,ZSYT,Penglai Intl,Yantai,CN,37.65722,120.98722
YNX,CSK6,Snap Lake Airport,Snap Lake,CA,63.5936,-110.906
YNY,RKNY,Yangyang International Airport,Sokcho / Gangneung,KR,38.0613,128.66901
YNZ,ZSYN,Yancheng Airport,Yancheng,CN,33.42583,120.20306
YOA,CYOA,Ekati Airport,Ekati,CA,64.6989,-110.615
YOC,CYOC,Old Crow Airport,Old Crow,CA,67.5706,-139.839
YOD,CYOD,CFB Cold Lake,Cold Lake,CA,54.405,-110.279
YOE,CFM4,Donnelly Airport,Donnelly,CA,55.7094,-117.094
YOG,CNT3,Ogoki Post Airport,Ogoki Post,CA,51.6586,-85.9017
YOH,CYOH,Oxford House Airport,Oxford House,CA,54.9333,-95.2789
YOJ,CYOJ,High Level Airport,High Level,CA,58.6214,-117.165
YOL,DNYO,Yola Airport,Yola,NG,9.25755,12.4304
YOO,CYOO,Oshawa Airport,Oshawa,CA,43.9228,-78.895
YOP,CYOP,Rainbow Lake Airport,Rainbow Lake,CA,58.4914,-119.408
YOS,CYOS,Owen Sound / Billy Bishop Regional Airport,Owen Sound,CA,44.5903,-80.8375
YOT,LLYT,Yotvata Airfield,Yotvata,IL,29.9062,35.0667
YOW,CYOW,Ottawa / Macdonald-Cartier International Airport,Ottawa,CA,45.3225,-75.6692
YPA,CYPA,Prince Albert (Glass Field) Airport,Prince Albert,CA,53.2142,-105.673
YPB,CBS8,Port Alberni Airport,Port Alberni,CA,49.3219,-124.931
YPC,CYPC,Paulatuk (Nora Aliqatchialuk Ruben) Airport,Paulatuk,CA,69.36084,-124.07547
YPD,CNK4,Parry Sound Area Municipal Airport,Parry Sound,CA,45.2575,-79.8297
YPE,CYPE,Peace River Airport,Peace River,CA,56.2269,-117.447
YPG,CYPG,Southport Airport,Portage,CA,49.9031,-98.2739
YPH,CYPH,Inukjuak Airport,Inukjuak,CA,58.4719,-78.0769
YPJ,CYLA,Aupaluk Airport,Aupaluk,CA,59.2967,-69.5997
YPK,CYPK,Pitt Meadows Airport,Pitt Meadows,CA,49.2161,-122.71
YPL,CYPL,Pickle Lake Airport,Pickle Lake,CA,51.4464,-90.2142
YPM,CYPM,Pikangikum Airport,Pikangikum,CA,51.8197,-93.9733
YPN,CYPN,Port Menier Airport,Port-Menier,CA,49.8364,-64.2886
YPO,CYPO,Peawanuck Airport,Peawanuck,CA,54.9881,-85.4433
YPQ,CYPQ,Peterborough Airport,Peterborough,CA,44.23,-78.3633
YPR,CYPR,Prince Rupert Airport,Prince Rupert,CA,54.2861,-130.44501
YPS,CYPD,Port Hawkesbury Airport,Port Hawkesbury,CA,45.6567,-61.3681
YPW,CYPW,Powell River Airport,Powell River,CA,49.8342,-124.5
YPX,CYPX,Puvirnituq Airport,Puvirnituq,CA,60.0506,-77.2869
YPY,CYPY,Fort Chipewyan Airport,Fort Chipewyan,CA,58.7672,-111.117
YPZ,CYPZ,Burns Lake Airport,Burns Lake,CA,54.3764,-125.951
YQA,CYQA,Muskoka Airport,Muskoka,CA,44.9747,-79.3033
YQB,CYQB,Québec City Jean Lesage International Airport,Quebec City,CA,46.7911,-71.3933
YQC,CYHA,Quaqtaq Airport,Quaqtaq,CA,61.0464,-69.6178
YQD,CYQD,The Pas Airport,The Pas,CA,53.9714,-101.091
YQF,CYQF,Red Deer Regional Airport,Red Deer,CA,52.1822,-113.894
YQG,CYQG,Windsor Airport,Windsor,CA,42.2756,-82.9556
YQH,CYQH,Watson Lake Airport,Watson Lake,CA,60.1164,-128.82201
YQI,CYQI,Yarmouth Airport,Yarmouth,CA,43.8269,-66.0881
YQK,CYQK,Kenora Airport,Kenora,CA,49.7883,-94.3631
YQL,CYQL,Lethbridge Airport,Lethbridge,CA,49.6303,-112.8
YQM,CYQM,Moncton / Greater Moncton International Airport,Moncton,CA,46.1122,-64.6786
YQN,CYQN,Nakina Airport,Nakina,CA,50.1828,-86.6964
YQQ,CYQQ,Comox Airport,Comox,CA,49.7108,-124.887
YQR,CYQR,Regina International Airport,Regina,CA,50.4319,-104.666
YQS,CYQS,St Thomas Municipal Airport,St Thomas,CA,42.77,-81.1108
YQT,CYQT,Thunder Bay Airport,Thunder Bay,CA,48.3719,-89.3239
YQU,CYQU,Grande Prairie Airport,Grande Prairie,CA,55.1797,-118.885
YQV,CYQV,Yorkton Municipal Airport,Yorkton,CA,51.2647,-102.462
YQW,CYQW,North Battleford Airport,North Battleford,CA,52.7692,-108.244
YQX,CYQX,Gander International Airport,Gander,CA,48.9369,-54.5681
YQY,CYQY,Sydney / J.A. Douglas McCurdy Airport,Sydney,CA,46.1614,-60.0478
YQZ,CYQZ,Quesnel Airport,Quesnel,CA,53.0261,-122.51
YRA,CYRA,Rae Lakes Airport,Gameti,CA,64.1161,-117.31
YRB,CYRB,Resolute Bay Airport,Resolute Bay,CA,74.7169,-94.9694
YRF,CYCA,Cartwright Airport,Cartwright,CA,53.6828,-57.0419
YRG,CCZ2,Rigolet Airport,Rigolet,CA,54.1797,-58.4575
YRI,CYRI,Riviere-du-Loup Airport,Riviere-du-Loup,CA,47.7644,-69.5847
YRJ,CYRJ,Roberval Airport,Roberval,CA,48.52,-72.2656
YRL,CYRL,Red Lake Airport,Red Lake,CA,51.0669,-93.7931
YRM,CYRM,Rocky Mountain House Airport,Rocky Mountain House,CA,52.4297,-114.904
YRO,CYRO,Ottawa / Rockcliffe Airport,Ottawa,CA,45.4603,-75.6461
YRQ,CYRQ,Trois-Rivieres Airport,Trois-Rivieres,CA,46.3528,-72.6794
YRS,CYRS,Red Sucker Lake Airport,Red Sucker Lake,CA,54.1672,-93.5572
YRT,CYRT,Rankin Inlet Airport,Rankin Inlet,CA,62.8114,-92.1158
YRV,CYRV,Revelstoke Airport,Revelstoke,CA,50.9667,-118.183
YSA,CSB2,Sable Island Landing Strip,Sable Island,CA,43.93035,-59.95977
YSB,CYSB,Sudbury Airport,Falconbridge,CA,46.625,-80.7989
YSC,CYSC,Sherbrooke Airport,Sherbrooke,CA,45.4386,-71.6914
YSE,CYSE,Squamish Airport,Squamish,CA,49.7817,-123.162
YSF,CYSF,Stony Rapids Airport,Stony Rapids,CA,59.2503,-105.841
YSG,CYLK,Lutselk'e Airport,Lutselk'e,CA,62.4183,-110.682
YSH,CYSH,Smiths Falls-Montague (Russ Beach) Airport,Smiths Falls,CA,44.9458,-75.9406
YSJ,CYSJ,Saint John Airport,Saint John,CA,45.3161,-65.8903
YSK,CYSK,Sanikiluaq Airport,Sanikiluaq,CA,56.5378,-79.2467
YSL,CYSL,St Leonard Airport,St Leonard,CA,47.1575,-67.8347
YSM,CYSM,Fort Smith Airport,Fort Smith,CA,60.0203,-111.962
YSN,CZAM,Salmon Arm Airport,Salmon Arm,CA,50.6828,-119.229
YSO,CCD4,Postville Airport,Postville,CA,54.9106,-59.7867
YSP,CYSP,Marathon Airport,Marathon,CA,48.7553,-86.3444
YSQ,ZYSQ,Songyuan Chaganhu Airport,Songyuan,CN,44.938114,124.550178
YST,CYST,St. Theresa Point Airport,St. Theresa Point,CA,53.8456,-94.8519
YSU,CYSU,Summerside Airport,Summerside,CA,46.4406,-63.8336
YSY,CYSY,Sachs Harbour (David Nasogaluak Jr. Saaryuaq) Airport,Sachs Harbour,CA,71.9939,-125.243
YTA,CYTA,Pembroke Airport,Pembroke,CA,45.8644,-77.2517
YTD,CZLQ,Thicket Portage Airport,Thicket Portage,CA,55.3189,-97.7078
YTE,CYTE,Cape Dorset Airport,Cape Dorset,CA,64.23,-76.5267
YTF,CYTF,Alma Airport,Alma,CA,48.5089,-71.6419
YTH,CYTH,Thompson Airport,Thompson,CA,55.8011,-97.8642
YTL,CYTL,Big Trout Lake Airport,Big Trout Lake,CA,53.8178,-89.8969
YTM,CYFJ,La Macaza / Mont-Tremblant International Inc Airport,Riviere Rouge,CA,46.4094,-74.78
YTQ,CYTQ,Tasiujaq Airport,Tasiujaq,CA,58.6678,-69.9558
YTR,CYTR,CFB Trenton,Trenton,CA,44.1189,-77.5281
YTS,CYTS,Timmins Victor M. Power Airport,Timmins,CA,48.5697,-81.3767
YTT,CJY3,Tisdale Airport,Tisdale,CA,52.8367,-104.067
YTW,ZWYT,Yutian Wanfang Airport,Yutian,CN,36.810833,81.780833
YTX,CBM5,Telegraph Creek Airport,Telegraph Creek,CA,57.9167,-131.117
YTY,ZSYA,Yangzhou Taizhou Airport,Yangzhou,CN,32.5634,119.7198
YTZ,CYTZ,Billy Bishop Toronto City Airport,Toronto,CA,43.6275,-79.3962
YUB,CYUB,Tuktoyaktuk Airport,Tuktoyaktuk,CA,69.4333,-133.026
YUD,CYMU,Umiujaq Airport,Umiujaq,CA,56.5361,-76.5183
YUE,YYND,Yuendumu Airport,,AU,-22.2542,131.782
YUL,CYUL,Montréal-Pierre Elliott Trudeau International Airport,Dorval,CA,45.4706,-73.7408
YUM,KNYL,Yuma Mcas/Yuma International Airport,Yuma,US,32.65592,-114.6064
YUS,ZYLS,Yushu Batang Airport,Yushu,CN,32.83639,97.03639
YUT,CYUT,Repulse Bay Airport,Repulse Bay,CA,66.5214,-86.2247
YUX,CYUX,Hall Beach Airport,Hall Beach,CA,68.7761,-81.2436
YUY,CYUY,Rouyn-Noranda Airport,McWatters,CA,48.2061,-78.8356
YVA,FMCN,Iconi Airport,Moroni,KM,-11.7108,43.2439
YVB,CYVB,Bonaventure Airport,Bonaventure,CA,48.0711,-65.4603
YVC,CYVC,La Ronge (Barber Field) Airport,La Ronge,CA,55.1514,-105.262
YVE,CYVK,Vernon Airport,Vernon,CA,50.2481,-119.331
YVG,CYVG,Vermilion Airport,Vermilion,CA,53.3558,-110.824
YVM,CYVM,Qikiqtarjuaq Airport,Qikiqtarjuaq,CA,67.5458,-64.0314
YVO,CYVO,Val-d'Or Airport,Bourlamaque,CA,48.0533,-77.7828
YVP,CYVP,Kuujjuaq Airport,Kuujjuaq,CA,58.0961,-68.4269
YVQ,CYVQ,Norman Wells Airport,Norman Wells,CA,65.2816,-126.798
YVR,CYVR,Vancouver International Airport,Richmond,CA,49.1939,-123.184
YVT,CYVT,Buffalo Narrows Airport,Buffalo Narrows,CA,55.8419,-108.418
YVV,CYVV,Wiarton Airport,Wiarton,CA,44.7458,-81.1072
YVZ,CYVZ,Deer Lake Airport,Deer Lake,CA,52.6558,-94.0614
YWA,CYWA,Petawawa Airport,Petawawa,CA,45.9522,-77.3192
YWB,CYKG,Kangiqsujuaq (Wakeham Bay) Airport,Kangiqsujuaq,CA,61.5886,-71.9294
YWG,CYWG,Winnipeg James Armstrong Richardson International Airport,Winnipeg,CA,49.91,-97.2399
YWH,CYWH,Victoria Harbour Airport,Victoria,CA,48.41667,-123.36667
YWJ,CYWJ,Deline Airport,Deline,CA,65.2111,-123.436
YWK,CYWK,Wabush Airport,Wabush,CA,52.9219,-66.8644
YWL,CYWL,Williams Lake Airport,Williams Lake,CA,52.1831,-122.054
YWM,CCA6,Williams Harbour Airport,Williams Harbour,CA,52.5669,-55.7847
YWP,CYWP,Webequie Airport,Webequie,CA,52.95939,-87.37487
YWY,CYWY,Wrigley Airport,Wrigley,CA,63.2094,-123.437
YXC,CYXC,Cranbrook / Canadian Rockies Airport,Cranbrook,CA,49.6108,-115.782
YXE,CYXE,Saskatoon John G. Diefenbaker International Airport,Saskatoon,CA,52.1708,-106.7
YXH,CYXH,Medicine Hat Airport,Medicine Hat,CA,50.0189,-110.721
YXJ,CYXJ,Fort St. John Airport,Fort Saint John,CA,56.2381,-120.74
YXK,CYXK,Rimouski Airport,Rimouski,CA,48.4781,-68.4969
YXL,CYXL,Sioux Lookout Airport,Sioux Lookout,CA,50.1139,-91.9053
YXN,CYXN,Whale Cove Airport,Whale Cove,CA,62.24,-92.5981
YXP,CYXP,Pangnirtung Airport,Pangnirtung,CA,66.145,-65.7136
YXQ,CYXQ,Beaver Creek Airport,Beaver Creek,CA,62.4103,-140.867
YXR,CYXR,Earlton (Timiskaming Regional) Airport,Earlton,CA,47.6974,-79.84735
YXS,CYXS,Prince George Airport,Prince George,CA,53.8894,-122.679
YXT,CYXT,Terrace Airport,Terrace,CA,54.4685,-128.576
YXU,CYXU,London Airport,London,CA,43.0356,-81.1539
YXX,CYXX,Abbotsford Airport,Abbotsford,CA,49.0253,-122.361
YXY,CYXY,Erik Nielsen Whitehorse International Airport,Whitehorse,CA,60.7096,-135.067
YXZ,CYXZ,Wawa Airport,Wawa,CA,47.9667,-84.7867
YYA,ZGYY,Yueyang Sanhe Airport,Yueyang,CN,29.314,113.278
YYB,CYYB,North Bay Airport,North Bay,CA,46.3636,-79.4228
YYC,CYYC,Calgary International Airport,Calgary,CA,51.1139,-114.02
YYD,CYYD,Smithers Airport,Smithers,CA,54.8247,-127.183
YYE,CYYE,Fort Nelson Airport,Fort Nelson,CA,58.8364,-122.597
YYF,CYYF,Penticton Airport,Penticton,CA,49.4631,-119.602
YYG,CYYG,Charlottetown Airport,Charlottetown,CA,46.29,-63.1211
YYH,CYYH,Taloyoak Airport,Taloyoak,CA,69.5467,-93.5767
YYJ,CYYJ,Victoria International Airport,Victoria,CA,48.6469,-123.426
YYL,CYYL,Lynn Lake Airport,Lynn Lake,CA,56.8639,-101.076
YYM,CYYM,Cowley Airport,Cowley,CA,49.6364,-114.094
YYN,CYYN,Swift Current Airport,Swift Current,CA,50.2919,-107.691
YYQ,CYYQ,Churchill Airport,Churchill,CA,58.7392,-94.065
YYR,CYYR,Goose Bay Airport,Goose Bay,CA,53.3192,-60.4258
YYT,CYYT,St. John's International Airport,Saint John,CA,47.6186,-52.7519
YYU,CYYU,Kapuskasing Airport,Kapuskasing,CA,49.4139,-82.4675
YYW,CYYW,Armstrong Airport,Armstrong,CA,50.2903,-88.9097
YYY,CYYY,Mont-Joli Airport,Mont Jolie,CA,48.6086,-68.2081
YYZ,CYYZ,Toronto Pearson International Airport,Mississauga,CA,43.6772,-79.6306
YZE,CYZE,Gore Bay Manitoulin Airport,Gore Bay,CA,45.8853,-82.5678
YZF,CYZF,Yellowknife Airport,Yellowknife,CA,62.4628,-114.44
YZG,CYZG,Salluit Airport,Salluit,CA,62.1794,-75.6672
YZH,CYZH,Slave Lake Airport,Slave Lake,CA,55.2931,-114.777
YZP,CYZP,Sandspit Airport,Sandspit,CA,53.2543,-131.814
YZR,CYZR,Chris Hadfield Airport,Sarnia,CA,42.9994,-82.3089
YZS,CYZS,Coral Harbour Airport,Coral Harbour,CA,64.1933,-83.3594
YZT,CYZT,Port Hardy Airport,Port Hardy,CA,50.6806,-127.367
YZU,CYZU,Whitecourt Airport,Whitecourt,CA,54.1439,-115.787
YZV,CYZV,Sept-Iles Airport,Sept-Iles,CA,50.2233,-66.2656
YZW,CYZW,Teslin Airport,Teslin,CA,60.1728,-132.743
YZX,CYZX,CFB Greenwood,Greenwood,CA,44.9844,-64.9169
YZY,ZLZY,Ganzhou,Zhangye,CN,38.8075,100.66083
YZZ,CAD4,Trail Airport,Trail,CA,49.0556,-117.609
ZAC,CZAC,York Landing Airport,York Landing,CA,56.0894,-96.0892
ZAD,LDZD,Zemunik Airport,Zadar,HR,44.1083,15.3467
ZAG,LDZA,Zagreb Airport,Zagreb,HR,45.7429,16.0688
ZAH,OIZH,Zahedan International Airport,Zahedan,IR,29.4757,60.9062
ZAJ,OAZJ,Zaranj Airport,Zaranj,AF,30.97222,61.86583
ZAL,SCVD,Pichoy Airport,Valdivia,CL,-39.65,-73.0861
ZAM,RPMZ,Zamboanga International Airport,Zamboanga City,PH,6.92242,122.06
ZAO,LFCC,Cahors-Lalbenque Airport,Cahors/Lalbenque,FR,44.3514,1.47528
ZAR,DNZA,Zaria Airport,Zaria,NG,11.1302,7.68581
ZAT,ZPZT,Zhaotong Airport,Zhaotong,CN,27.3256,103.755
ZAZ,LEZG,Zaragoza Air Base,Zaragoza,ES,41.6662,-1.04155
ZBE,LKZA,Zabreh Ostrava Airport,Zabreh,CZ,49.9283,18.0783
ZBF,CZBF,Bathurst Airport,Bathurst,CA,47.6297,-65.7389
ZBL,YTNG,Thangool (Biloela) Airport,Biloela,AU,-24.4939,150.576
ZBM,CZBM,Bromont (Roland Desourdy) Airport,Bromont,CA,45.2908,-72.7414
ZBO,YBWN,Bowen Airport,,AU,-20.0183,148.215
ZBR,OIZC,Konarak Airport,Chabahar,IR,25.4433,60.3821
ZBY,VLSB,Sayaboury Airport,Sayaboury,LA,19.233,101.733
ZCL,MMZC,General Leobardo C. Ruiz International Airport,Zacatecas,MX,22.8971,-102.687
ZCO,SCQP,La Araucanía Airport (Temuco),Freire,CL,-38.925833,-72.651667
ZEC,FASC,Secunda Airport,Secunda,ZA,-26.5241,29.1701
ZEL,CBBC,Bella Bella (Campbell Island) Airport,Bella Bella,CA,52.185,-128.157
ZEM,CZEM,Eastmain River Airport,Eastmain River,CA,52.2264,-78.5225
ZER,VEZO,Zero Airport,,IN,27.5883,93.8281
ZFA,CZFA,Faro Airport,Faro,CA,62.2075,-133.37601
ZFD,CZFD,Fond-Du-Lac Airport,Fond-Du-Lac,CA,59.3344,-107.182
ZFL,ZWZS,Zhaosu Tianma Airport,Zhaosu,CN,43.089812,81.229123
ZFM,CZFM,Fort Mcpherson Airport,Fort Mcpherson,CA,67.4075,-134.86099
ZFN,CZFN,Tulita Airport,Tulita,CA,64.9097,-125.573
ZFW,CEB5,Fairview Airport,Fairview,CA,56.0814,-118.435
ZGF,CZGF,Grand Forks Airport,Grand Forks,CA,49.0156,-118.431
ZGI,CZGI,Gods River Airport,Gods River,CA,54.8397,-94.0786
ZGL,YSGW,South Galway Airport,,AU,-25.6833,142.108
ZGM,FLNA,Ngoma Airport,Ngoma,ZM,-15.9658,25.9333
ZGR,CZGR,Little Grand Rapids Airport,Little Grand Rapids,CA,52.0456,-95.4658
ZGU,NVSQ,Gaua Island Airport,Gaua Island,VU,-14.2181,167.58701
ZHA,ZGZJ,Zhanjiang Wuchuan Airport,Zhanjiang,CN,21.2144,110.358
ZHI,LSZG,Grenchen Airport,,CH,47.1816,7.41719
ZHP,CZHP,High Prairie Airport,High Prairie,CA,55.3936,-116.475
ZHY,ZLZW,Zhongwei Shapotou Airport,Zhongwei,CN,37.57278,105.15444
ZHZ,EDAQ,Halle-Oppin Airport,Oppin,DE,51.55222,12.05389
ZIA,UUBW,Ramenskoye Airport,Zhukovsky,RU,55.5533,38.15
ZIC,SCTO,Victoria Airport,Victoria,CL,-38.2456,-72.3486
ZIG,GOGG,Ziguinchor Airport,Ziguinchor,SN,12.5556,-16.2818
ZIH,MMZH,Ixtapa Zihuatanejo International Airport,Ixtapa,MX,17.6016,-101.461
ZIN,LSMI,Interlaken Air Base,,CH,46.6766,7.87908
ZIX,UEVV,Zhigansk Airport,Zhigansk,RU,66.7965,123.361
ZJG,CZJG,Jenpeg Airport,Jenpeg,CA,54.5189,-98.0461
ZJI,LSZL,Locarno Airport,,CH,46.1608,8.87861
ZJN,CZJN,Swan River Airport,Swan River,CA,52.1206,-101.236
ZKB,FLKY,Kasaba Bay Airport,Kasaba Bay,ZM,-8.525,30.663
ZKE,CZKE,Kashechewan Airport,Kashechewan,CA,52.2825,-81.6778
ZKP,UESU,Zyryanka Airport,Zyryanka,RU,65.7367,150.705
ZLO,MMZO,Playa De Oro International Airport,Manzanillo,MX,19.1448,-104.559
ZLR,SCLN,Municipal de Linares Airport,Linares,CL,-35.8617,-71.5486
ZLT,CTU5,La Tabatiere Airport,La Tabatiere,CA,50.8308,-58.9756
ZLX,HSZA,Zalingei Airport,Zalingei,SD,12.9,23.483
ZMH,CZML,South Cariboo Region / 108 Mile Airport,108 Mile,CA,51.7361,-121.333
ZMM,MMZM,Zamora Airport,,MX,20.045,-102.276
ZMT,CZMT,Masset Airport,Masset,CA,54.0275,-132.125
ZNC,KZNC,Nyac Airport,Nyac,US,60.981031,-159.993919
ZND,DRZR,Zinder Airport,Zinder,NE,13.779,8.98376
ZNE,YNWN,Newman Airport,Newman,AU,-23.4178,119.803
ZNZ,HTZA,Zanzibar Airport,Kiembi Samaki,TZ,-6.22202,39.2249
ZOS,SCJO,Canal Bajo Carlos - Hott Siebert Airport,Osorno,CL,-40.6112,-73.061
ZPB,CZPB,Sachigo Lake Airport,Sachigo Lake,CA,53.8911,-92.1964
ZPC,SCPC,Pucon Airport,Pucon,CL,-39.2928,-71.9159
ZPH,KZPH,Zephyrhills Municipal Airport,Zephyrhills,US,28.226669,-82.155645
ZPO,CZPO,Pinehouse Lake Airport,Pinehouse Lake,CA,55.5281,-106.582
ZQN,NZQN,Queenstown International Airport,Queenstown,NZ,-45.0211,168.739
ZRE,LYZR,Zrenjanin Airport,Zrenjanin,RS,45.33976,20.45408
ZRH,LSZH,Zurich Airport,Zurich,CH,47.4647,8.54917
ZRI,WABO,Serui Airport,Serui-Japen Island,ID,-1.87558,136.241
ZRJ,CZRJ,Round Lake (Weagamow Lake) Airport,Round Lake,CA,52.9436,-91.3128
ZRM,WAJI,Sarmi Airport,Sarmi-Papua Island,ID,-1.86955,138.75
ZSA,MYSM,San Salvador Airport,San Salvador,BS,24.0633,-74.524
ZSE,FMEP,Pierrefonds Airport,St Pierre,RE,-21.3209,55.425
ZSJ,CZSJ,Sandy Lake Airport,Sandy Lake,CA,53.0642,-93.3444
ZSP,_ZSP,"Zhushan Majiadu Airport (under construction, unknown coordinates)",Shiyan,CN,32.62918,110.79801
ZSS,DISS,Sassandra Airport,Sassandra,CI,4.92833,-6.13278
ZST,CZST,Stewart Airport,Stewart,CA,55.93541,-129.98243
ZTA,NTGY,Tureia Airport,,PF,-20.7897,-138.57001
ZTB,CTB6,Tete-a-la-Baleine Airport,Tete-a-la-Baleine,CA,50.6744,-59.3836
ZTH,LGZA,Dionysios Solomos Airport,Zakynthos Island,GR,37.7509,20.8843
ZTM,CZTM,Shamattawa Airport,Shamattawa,CA,55.8656,-92.0814
ZTR,UKKV,Zhytomyr International Airport,Zhytomyr,UA,50.27056,28.73861
ZTU,UBBY,Zaqatala International Airport,Zaqatala,AZ,41.56222,46.66722
ZUC,CZUC,Ignace Municipal Airport,Ignace,CA,49.4297,-91.7178
ZUD,SCAC,Pupelde Airport,Ancud,CL,-41.9039,-73.7967
ZUH,ZGSD,Zhuhai Airport,Zhuhai,CN,22.0064,113.376
ZUL,OEZL,Zilfi Airport,Zilfi,SA,26.35,44.833
ZUM,CZUM,Churchill Falls Airport,Churchill Falls,CA,53.5619,-64.1064
ZVA,FMMN,Miandrivazo Airport,,MG,-19.5628,45.4508
ZVK,VLSK,Savannakhet Airport,,LA,16.5566,104.76
ZWA,FMND,Andapa Airport,,MG,-14.6517,49.6206
ZWL,CZWL,Wollaston Lake Airport,Wollaston Lake,CA,58.1069,-103.172
ZXT,UBTT,Zabrat Airport,Baku,AZ,40.49511,49.97697
ZYI,ZUZY,Zunyi Xinzhou Airport,Zunyi,CN,27.5895,107.0007
ZYL,VGSY,Osmany International Airport,Sylhet,BD,24.9632,91.8668
ZZE,UBBZ,Zangilan International Airport,Zangilan,AZ,39.094414,46.734098
ZZO,UHSO,Zonalnoye Airport,Tymovskoye,RU,50.6692,142.761
ZZV,KZZV,Zanesville Municipal Airport,Zanesville,US,39.944446,-81.892094
